2026-10-01 16:42:51 URL: ftp://ftp2.tpdc.ac.cn:6201/PML/README.txt [6622] -> "/glade/derecho/scratch/bbuchovecky/pml-v2.2/./README.txt" [1]
2026-10-01 16:47:45  2912 files listed, 2868 to download (76.5 GB), 8 connections
2026-10-01 17:32:36 URL: ftp://ftp3.tpdc.ac.cn:6201/PML/V2.2a-MODIS/8-day/ET/PML-V2.2a-MODIS_ET_2000.nc [70800534] -> "/glade/derecho/scratch/bbuchovecky/pml-v2.2/V2.2a-MODIS/8-day/ET/PML-V2.2a-MODIS_ET_2000.nc" [1]
2026-10-01 17:37:16 URL: ftp://ftp3.tpdc.ac.cn:6201/PML/V2.2a-MODIS/8-day/ET/PML-V2.2a-MODIS_ET_2004.nc [83155839] -> "/glade/derecho/scratch/bbuchovecky/pml-v2.2/V2.2a-MODIS/8-day/ET/PML-V2.2a-MODIS_ET_2004.nc" [1]
2026-10-01 17:38:37 URL: ftp://ftp2.tpdc.ac.cn:6201/PML/V2.2a-MODIS/8-day/ET/PML-V2.2a-MODIS_ET_2007.nc [84618480] -> "/glade/derecho/scratch/bbuchovecky/pml-v2.2/V2.2a-MODIS/8-day/ET/PML-V2.2a-MODIS_ET_2007.nc" [1]
2026-10-01 17:39:47 URL: ftp://ftp2.tpdc.ac.cn:6201/PML/V2.2a-MODIS/8-day/ET/PML-V2.2a-MODIS_ET_2005.nc [83220605] -> "/glade/derecho/scratch/bbuchovecky/pml-v2.2/V2.2a-MODIS/8-day/ET/PML-V2.2a-MODIS_ET_2005.nc" [1]
2026-10-01 17:39:52 URL: ftp://ftp2.tpdc.ac.cn:6201/PML/V2.2a-MODIS/8-day/ET/PML-V2.2a-MODIS_ET_2001.nc [82552706] -> "/glade/derecho/scratch/bbuchovecky/pml-v2.2/V2.2a-MODIS/8-day/ET/PML-V2.2a-MODIS_ET_2001.nc" [1]
2026-10-01 17:39:53 URL: ftp://ftp3.tpdc.ac.cn:6201/PML/V2.2a-MODIS/8-day/ET/PML-V2.2a-MODIS_ET_2002.nc [83517770] -> "/glade/derecho/scratch/bbuchovecky/pml-v2.2/V2.2a-MODIS/8-day/ET/PML-V2.2a-MODIS_ET_2002.nc" [1]
2026-10-01 17:42:28 URL: ftp://ftp2.tpdc.ac.cn:6201/PML/V2.2a-MODIS/8-day/ET/PML-V2.2a-MODIS_ET_2003.nc [85893104] -> "/glade/derecho/scratch/bbuchovecky/pml-v2.2/V2.2a-MODIS/8-day/ET/PML-V2.2a-MODIS_ET_2003.nc" [1]
2026-10-01 17:43:07 URL: ftp://ftp3.tpdc.ac.cn:6201/PML/V2.2a-MODIS/8-day/ET/PML-V2.2a-MODIS_ET_2006.nc [83326460] -> "/glade/derecho/scratch/bbuchovecky/pml-v2.2/V2.2a-MODIS/8-day/ET/PML-V2.2a-MODIS_ET_2006.nc" [1]
2026-10-01 18:24:12 URL: ftp://ftp3.tpdc.ac.cn:6201/PML/V2.2a-MODIS/8-day/ET/PML-V2.2a-MODIS_ET_2008.nc [82374152] -> "/glade/derecho/scratch/bbuchovecky/pml-v2.2/V2.2a-MODIS/8-day/ET/PML-V2.2a-MODIS_ET_2008.nc" [1]
2026-10-01 18:27:22 URL: ftp://ftp2.tpdc.ac.cn:6201/PML/V2.2a-MODIS/8-day/ET/PML-V2.2a-MODIS_ET_2009.nc [83100135] -> "/glade/derecho/scratch/bbuchovecky/pml-v2.2/V2.2a-MODIS/8-day/ET/PML-V2.2a-MODIS_ET_2009.nc" [1]
2026-10-01 18:29:56 URL: ftp://ftp3.tpdc.ac.cn:6201/PML/V2.2a-MODIS/8-day/ET/PML-V2.2a-MODIS_ET_2010.nc [84162757] -> "/glade/derecho/scratch/bbuchovecky/pml-v2.2/V2.2a-MODIS/8-day/ET/PML-V2.2a-MODIS_ET_2010.nc" [1]
2026-10-01 18:30:43 URL: ftp://ftp2.tpdc.ac.cn:6201/PML/V2.2a-MODIS/8-day/ET/PML-V2.2a-MODIS_ET_2011.nc [82808800] -> "/glade/derecho/scratch/bbuchovecky/pml-v2.2/V2.2a-MODIS/8-day/ET/PML-V2.2a-MODIS_ET_2011.nc" [1]
2026-10-01 18:31:21 URL: ftp://ftp3.tpdc.ac.cn:6201/PML/V2.2a-MODIS/8-day/ET/PML-V2.2a-MODIS_ET_2014.nc [82982478] -> "/glade/derecho/scratch/bbuchovecky/pml-v2.2/V2.2a-MODIS/8-day/ET/PML-V2.2a-MODIS_ET_2014.nc" [1]
2026-10-01 18:31:52 URL: ftp://ftp3.tpdc.ac.cn:6201/PML/V2.2a-MODIS/8-day/ET/PML-V2.2a-MODIS_ET_2012.nc [83003397] -> "/glade/derecho/scratch/bbuchovecky/pml-v2.2/V2.2a-MODIS/8-day/ET/PML-V2.2a-MODIS_ET_2012.nc" [1]
2026-10-01 18:32:10 URL: ftp://ftp2.tpdc.ac.cn:6201/PML/V2.2a-MODIS/8-day/ET/PML-V2.2a-MODIS_ET_2013.nc [82897178] -> "/glade/derecho/scratch/bbuchovecky/pml-v2.2/V2.2a-MODIS/8-day/ET/PML-V2.2a-MODIS_ET_2013.nc" [1]
2026-10-01 18:34:13 URL: ftp://ftp2.tpdc.ac.cn:6201/PML/V2.2a-MODIS/8-day/ET/PML-V2.2a-MODIS_ET_2015.nc [83549196] -> "/glade/derecho/scratch/bbuchovecky/pml-v2.2/V2.2a-MODIS/8-day/ET/PML-V2.2a-MODIS_ET_2015.nc" [1]
2026-10-01 19:16:08 URL: ftp://ftp3.tpdc.ac.cn:6201/PML/V2.2a-MODIS/8-day/ET/PML-V2.2a-MODIS_ET_2016.nc [85797507] -> "/glade/derecho/scratch/bbuchovecky/pml-v2.2/V2.2a-MODIS/8-day/ET/PML-V2.2a-MODIS_ET_2016.nc" [1]
2026-10-01 19:20:13 URL: ftp://ftp3.tpdc.ac.cn:6201/PML/V2.2a-MODIS/8-day/ET/PML-V2.2a-MODIS_ET_2020.nc [83285799] -> "/glade/derecho/scratch/bbuchovecky/pml-v2.2/V2.2a-MODIS/8-day/ET/PML-V2.2a-MODIS_ET_2020.nc" [1]
2026-10-01 19:22:05 URL: ftp://ftp2.tpdc.ac.cn:6201/PML/V2.2a-MODIS/8-day/ET/PML-V2.2a-MODIS_ET_2017.nc [83076180] -> "/glade/derecho/scratch/bbuchovecky/pml-v2.2/V2.2a-MODIS/8-day/ET/PML-V2.2a-MODIS_ET_2017.nc" [1]
2026-10-01 19:22:33 URL: ftp://ftp3.tpdc.ac.cn:6201/PML/V2.2a-MODIS/8-day/ET/PML-V2.2a-MODIS_ET_2018.nc [83470167] -> "/glade/derecho/scratch/bbuchovecky/pml-v2.2/V2.2a-MODIS/8-day/ET/PML-V2.2a-MODIS_ET_2018.nc" [1]
2026-10-01 19:23:28 URL: ftp://ftp3.tpdc.ac.cn:6201/PML/V2.2a-MODIS/8-day/ET/PML-V2.2a-MODIS_ET_2022.nc [83456679] -> "/glade/derecho/scratch/bbuchovecky/pml-v2.2/V2.2a-MODIS/8-day/ET/PML-V2.2a-MODIS_ET_2022.nc" [1]
2026-10-01 19:24:56 URL: ftp://ftp2.tpdc.ac.cn:6201/PML/V2.2a-MODIS/8-day/ET/PML-V2.2a-MODIS_ET_2021.nc [83422315] -> "/glade/derecho/scratch/bbuchovecky/pml-v2.2/V2.2a-MODIS/8-day/ET/PML-V2.2a-MODIS_ET_2021.nc" [1]
2026-10-01 19:25:15 URL: ftp://ftp2.tpdc.ac.cn:6201/PML/V2.2a-MODIS/8-day/ET/PML-V2.2a-MODIS_ET_2019.nc [83296913] -> "/glade/derecho/scratch/bbuchovecky/pml-v2.2/V2.2a-MODIS/8-day/ET/PML-V2.2a-MODIS_ET_2019.nc" [1]
2026-10-01 19:29:04 URL: ftp://ftp2.tpdc.ac.cn:6201/PML/V2.2a-MODIS/8-day/ET/PML-V2.2a-MODIS_ET_2023.nc [84332031] -> "/glade/derecho/scratch/bbuchovecky/pml-v2.2/V2.2a-MODIS/8-day/ET/PML-V2.2a-MODIS_ET_2023.nc" [1]
2026-10-01 20:00:07 URL: ftp://ftp2.tpdc.ac.cn:6201/PML/V2.2a-MODIS/8-day/Ec/PML-V2.2a-MODIS_Ec_2000.nc [59798305] -> "/glade/derecho/scratch/bbuchovecky/pml-v2.2/V2.2a-MODIS/8-day/Ec/PML-V2.2a-MODIS_Ec_2000.nc" [1]
2026-10-01 20:04:45 URL: ftp://ftp3.tpdc.ac.cn:6201/PML/V2.2a-MODIS/8-day/Ec/PML-V2.2a-MODIS_Ec_2001.nc [68989844] -> "/glade/derecho/scratch/bbuchovecky/pml-v2.2/V2.2a-MODIS/8-day/Ec/PML-V2.2a-MODIS_Ec_2001.nc" [1]
2026-10-01 20:06:09 URL: ftp://ftp3.tpdc.ac.cn:6201/PML/V2.2a-MODIS/8-day/Ec/PML-V2.2a-MODIS_Ec_2003.nc [68773110] -> "/glade/derecho/scratch/bbuchovecky/pml-v2.2/V2.2a-MODIS/8-day/Ec/PML-V2.2a-MODIS_Ec_2003.nc" [1]
2026-10-01 20:06:35 URL: ftp://ftp2.tpdc.ac.cn:6201/PML/V2.2a-MODIS/8-day/Ec/PML-V2.2a-MODIS_Ec_2002.nc [68846512] -> "/glade/derecho/scratch/bbuchovecky/pml-v2.2/V2.2a-MODIS/8-day/Ec/PML-V2.2a-MODIS_Ec_2002.nc" [1]
2026-10-01 20:07:03 URL: ftp://ftp3.tpdc.ac.cn:6201/PML/V2.2a-MODIS/8-day/ET/PML-V2.2a-MODIS_ET_2024.nc [84343208] -> "/glade/derecho/scratch/bbuchovecky/pml-v2.2/V2.2a-MODIS/8-day/ET/PML-V2.2a-MODIS_ET_2024.nc" [1]
2026-10-01 20:07:40 URL: ftp://ftp3.tpdc.ac.cn:6201/PML/V2.2a-MODIS/8-day/Ec/PML-V2.2a-MODIS_Ec_2005.nc [69051831] -> "/glade/derecho/scratch/bbuchovecky/pml-v2.2/V2.2a-MODIS/8-day/Ec/PML-V2.2a-MODIS_Ec_2005.nc" [1]
2026-10-01 20:10:49 URL: ftp://ftp2.tpdc.ac.cn:6201/PML/V2.2a-MODIS/8-day/Ec/PML-V2.2a-MODIS_Ec_2004.nc [68958073] -> "/glade/derecho/scratch/bbuchovecky/pml-v2.2/V2.2a-MODIS/8-day/Ec/PML-V2.2a-MODIS_Ec_2004.nc" [1]
2026-10-01 20:13:37 URL: ftp://ftp2.tpdc.ac.cn:6201/PML/V2.2a-MODIS/8-day/Ec/PML-V2.2a-MODIS_Ec_2006.nc [69694599] -> "/glade/derecho/scratch/bbuchovecky/pml-v2.2/V2.2a-MODIS/8-day/Ec/PML-V2.2a-MODIS_Ec_2006.nc" [1]
2026-10-01 20:44:35 URL: ftp://ftp3.tpdc.ac.cn:6201/PML/V2.2a-MODIS/8-day/Ec/PML-V2.2a-MODIS_Ec_2007.nc [69336996] -> "/glade/derecho/scratch/bbuchovecky/pml-v2.2/V2.2a-MODIS/8-day/Ec/PML-V2.2a-MODIS_Ec_2007.nc" [1]
2026-10-01 20:47:33 URL: ftp://ftp3.tpdc.ac.cn:6201/PML/V2.2a-MODIS/8-day/Ec/PML-V2.2a-MODIS_Ec_2009.nc [68947962] -> "/glade/derecho/scratch/bbuchovecky/pml-v2.2/V2.2a-MODIS/8-day/Ec/PML-V2.2a-MODIS_Ec_2009.nc" [1]
2026-10-01 20:47:39 URL: ftp://ftp2.tpdc.ac.cn:6201/PML/V2.2a-MODIS/8-day/Ec/PML-V2.2a-MODIS_Ec_2008.nc [68662111] -> "/glade/derecho/scratch/bbuchovecky/pml-v2.2/V2.2a-MODIS/8-day/Ec/PML-V2.2a-MODIS_Ec_2008.nc" [1]
2026-10-01 20:47:55 URL: ftp://ftp3.tpdc.ac.cn:6201/PML/V2.2a-MODIS/8-day/Ec/PML-V2.2a-MODIS_Ec_2011.nc [69288522] -> "/glade/derecho/scratch/bbuchovecky/pml-v2.2/V2.2a-MODIS/8-day/Ec/PML-V2.2a-MODIS_Ec_2011.nc" [1]
2026-10-01 20:48:39 URL: ftp://ftp2.tpdc.ac.cn:6201/PML/V2.2a-MODIS/8-day/Ec/PML-V2.2a-MODIS_Ec_2010.nc [68938014] -> "/glade/derecho/scratch/bbuchovecky/pml-v2.2/V2.2a-MODIS/8-day/Ec/PML-V2.2a-MODIS_Ec_2010.nc" [1]
2026-10-01 20:49:55 URL: ftp://ftp2.tpdc.ac.cn:6201/PML/V2.2a-MODIS/8-day/Ec/PML-V2.2a-MODIS_Ec_2012.nc [69256926] -> "/glade/derecho/scratch/bbuchovecky/pml-v2.2/V2.2a-MODIS/8-day/Ec/PML-V2.2a-MODIS_Ec_2012.nc" [1]
2026-10-01 20:53:02 URL: ftp://ftp3.tpdc.ac.cn:6201/PML/V2.2a-MODIS/8-day/Ec/PML-V2.2a-MODIS_Ec_2013.nc [68795000] -> "/glade/derecho/scratch/bbuchovecky/pml-v2.2/V2.2a-MODIS/8-day/Ec/PML-V2.2a-MODIS_Ec_2013.nc" [1]
2026-10-01 20:55:55 URL: ftp://ftp2.tpdc.ac.cn:6201/PML/V2.2a-MODIS/8-day/Ec/PML-V2.2a-MODIS_Ec_2014.nc [69568838] -> "/glade/derecho/scratch/bbuchovecky/pml-v2.2/V2.2a-MODIS/8-day/Ec/PML-V2.2a-MODIS_Ec_2014.nc" [1]
2026-10-01 21:23:35 URL: ftp://ftp3.tpdc.ac.cn:6201/PML/V2.2a-MODIS/8-day/Ec/PML-V2.2a-MODIS_Ec_2015.nc [70342911] -> "/glade/derecho/scratch/bbuchovecky/pml-v2.2/V2.2a-MODIS/8-day/Ec/PML-V2.2a-MODIS_Ec_2015.nc" [1]
2026-10-01 21:27:40 URL: ftp://ftp3.tpdc.ac.cn:6201/PML/V2.2a-MODIS/8-day/Ec/PML-V2.2a-MODIS_Ec_2017.nc [69181588] -> "/glade/derecho/scratch/bbuchovecky/pml-v2.2/V2.2a-MODIS/8-day/Ec/PML-V2.2a-MODIS_Ec_2017.nc" [1]
2026-10-01 21:29:48 URL: ftp://ftp2.tpdc.ac.cn:6201/PML/V2.2a-MODIS/8-day/Ec/PML-V2.2a-MODIS_Ec_2018.nc [68839184] -> "/glade/derecho/scratch/bbuchovecky/pml-v2.2/V2.2a-MODIS/8-day/Ec/PML-V2.2a-MODIS_Ec_2018.nc" [1]
2026-10-01 21:30:01 URL: ftp://ftp2.tpdc.ac.cn:6201/PML/V2.2a-MODIS/8-day/Ec/PML-V2.2a-MODIS_Ec_2016.nc [70758361] -> "/glade/derecho/scratch/bbuchovecky/pml-v2.2/V2.2a-MODIS/8-day/Ec/PML-V2.2a-MODIS_Ec_2016.nc" [1]
2026-10-01 21:30:24 URL: ftp://ftp3.tpdc.ac.cn:6201/PML/V2.2a-MODIS/8-day/Ec/PML-V2.2a-MODIS_Ec_2019.nc [71107848] -> "/glade/derecho/scratch/bbuchovecky/pml-v2.2/V2.2a-MODIS/8-day/Ec/PML-V2.2a-MODIS_Ec_2019.nc" [1]
2026-10-01 21:30:48 URL: ftp://ftp2.tpdc.ac.cn:6201/PML/V2.2a-MODIS/8-day/Ec/PML-V2.2a-MODIS_Ec_2020.nc [71711905] -> "/glade/derecho/scratch/bbuchovecky/pml-v2.2/V2.2a-MODIS/8-day/Ec/PML-V2.2a-MODIS_Ec_2020.nc" [1]
2026-10-01 21:34:17 URL: ftp://ftp3.tpdc.ac.cn:6201/PML/V2.2a-MODIS/8-day/Ec/PML-V2.2a-MODIS_Ec_2021.nc [69437932] -> "/glade/derecho/scratch/bbuchovecky/pml-v2.2/V2.2a-MODIS/8-day/Ec/PML-V2.2a-MODIS_Ec_2021.nc" [1]
2026-10-01 21:36:48 URL: ftp://ftp2.tpdc.ac.cn:6201/PML/V2.2a-MODIS/8-day/Ec/PML-V2.2a-MODIS_Ec_2022.nc [69120898] -> "/glade/derecho/scratch/bbuchovecky/pml-v2.2/V2.2a-MODIS/8-day/Ec/PML-V2.2a-MODIS_Ec_2022.nc" [1]
2026-10-01 22:07:32 URL: ftp://ftp3.tpdc.ac.cn:6201/PML/V2.2a-MODIS/8-day/Ec/PML-V2.2a-MODIS_Ec_2023.nc [69928536] -> "/glade/derecho/scratch/bbuchovecky/pml-v2.2/V2.2a-MODIS/8-day/Ec/PML-V2.2a-MODIS_Ec_2023.nc" [1]
2026-10-01 22:08:35 URL: ftp://ftp3.tpdc.ac.cn:6201/PML/V2.2a-MODIS/8-day/Es/PML-V2.2a-MODIS_Es_2000.nc [61277330] -> "/glade/derecho/scratch/bbuchovecky/pml-v2.2/V2.2a-MODIS/8-day/Es/PML-V2.2a-MODIS_Es_2000.nc" [1]
2026-10-01 22:12:04 URL: ftp://ftp2.tpdc.ac.cn:6201/PML/V2.2a-MODIS/8-day/Ec/PML-V2.2a-MODIS_Ec_2024.nc [69654208] -> "/glade/derecho/scratch/bbuchovecky/pml-v2.2/V2.2a-MODIS/8-day/Ec/PML-V2.2a-MODIS_Ec_2024.nc" [1]
2026-10-01 22:12:39 URL: ftp://ftp2.tpdc.ac.cn:6201/PML/V2.2a-MODIS/8-day/Es/PML-V2.2a-MODIS_Es_2001.nc [70930380] -> "/glade/derecho/scratch/bbuchovecky/pml-v2.2/V2.2a-MODIS/8-day/Es/PML-V2.2a-MODIS_Es_2001.nc" [1]
2026-10-01 22:16:03 URL: ftp://ftp3.tpdc.ac.cn:6201/PML/V2.2a-MODIS/8-day/Es/PML-V2.2a-MODIS_Es_2002.nc [70861607] -> "/glade/derecho/scratch/bbuchovecky/pml-v2.2/V2.2a-MODIS/8-day/Es/PML-V2.2a-MODIS_Es_2002.nc" [1]
2026-10-01 22:19:17 URL: ftp://ftp2.tpdc.ac.cn:6201/PML/V2.2a-MODIS/8-day/Es/PML-V2.2a-MODIS_Es_2003.nc [74239861] -> "/glade/derecho/scratch/bbuchovecky/pml-v2.2/V2.2a-MODIS/8-day/Es/PML-V2.2a-MODIS_Es_2003.nc" [1]
2026-10-01 22:21:01 URL: ftp://ftp3.tpdc.ac.cn:6201/PML/V2.2a-MODIS/8-day/Es/PML-V2.2a-MODIS_Es_2004.nc [70532706] -> "/glade/derecho/scratch/bbuchovecky/pml-v2.2/V2.2a-MODIS/8-day/Es/PML-V2.2a-MODIS_Es_2004.nc" [1]
2026-10-01 22:22:09 URL: ftp://ftp2.tpdc.ac.cn:6201/PML/V2.2a-MODIS/8-day/Es/PML-V2.2a-MODIS_Es_2005.nc [70943972] -> "/glade/derecho/scratch/bbuchovecky/pml-v2.2/V2.2a-MODIS/8-day/Es/PML-V2.2a-MODIS_Es_2005.nc" [1]
2026-10-01 22:53:17 URL: ftp://ftp3.tpdc.ac.cn:6201/PML/V2.2a-MODIS/8-day/Es/PML-V2.2a-MODIS_Es_2006.nc [72909031] -> "/glade/derecho/scratch/bbuchovecky/pml-v2.2/V2.2a-MODIS/8-day/Es/PML-V2.2a-MODIS_Es_2006.nc" [1]
2026-10-01 22:56:46 URL: ftp://ftp2.tpdc.ac.cn:6201/PML/V2.2a-MODIS/8-day/Es/PML-V2.2a-MODIS_Es_2007.nc [72455486] -> "/glade/derecho/scratch/bbuchovecky/pml-v2.2/V2.2a-MODIS/8-day/Es/PML-V2.2a-MODIS_Es_2007.nc" [1]
2026-10-01 22:57:09 URL: ftp://ftp3.tpdc.ac.cn:6201/PML/V2.2a-MODIS/8-day/Es/PML-V2.2a-MODIS_Es_2008.nc [70352619] -> "/glade/derecho/scratch/bbuchovecky/pml-v2.2/V2.2a-MODIS/8-day/Es/PML-V2.2a-MODIS_Es_2008.nc" [1]
2026-10-01 22:59:22 URL: ftp://ftp2.tpdc.ac.cn:6201/PML/V2.2a-MODIS/8-day/Es/PML-V2.2a-MODIS_Es_2009.nc [72378963] -> "/glade/derecho/scratch/bbuchovecky/pml-v2.2/V2.2a-MODIS/8-day/Es/PML-V2.2a-MODIS_Es_2009.nc" [1]
2026-10-01 23:00:12 URL: ftp://ftp3.tpdc.ac.cn:6201/PML/V2.2a-MODIS/8-day/Es/PML-V2.2a-MODIS_Es_2010.nc [71043045] -> "/glade/derecho/scratch/bbuchovecky/pml-v2.2/V2.2a-MODIS/8-day/Es/PML-V2.2a-MODIS_Es_2010.nc" [1]
2026-10-01 23:05:59 URL: ftp://ftp3.tpdc.ac.cn:6201/PML/V2.2a-MODIS/8-day/Es/PML-V2.2a-MODIS_Es_2012.nc [70699903] -> "/glade/derecho/scratch/bbuchovecky/pml-v2.2/V2.2a-MODIS/8-day/Es/PML-V2.2a-MODIS_Es_2012.nc" [1]
2026-10-01 23:06:17 URL: ftp://ftp2.tpdc.ac.cn:6201/PML/V2.2a-MODIS/8-day/Es/PML-V2.2a-MODIS_Es_2011.nc [70344835] -> "/glade/derecho/scratch/bbuchovecky/pml-v2.2/V2.2a-MODIS/8-day/Es/PML-V2.2a-MODIS_Es_2011.nc" [1]
2026-10-01 23:12:01 URL: ftp://ftp2.tpdc.ac.cn:6201/PML/V2.2a-MODIS/8-day/Es/PML-V2.2a-MODIS_Es_2013.nc [73328006] -> "/glade/derecho/scratch/bbuchovecky/pml-v2.2/V2.2a-MODIS/8-day/Es/PML-V2.2a-MODIS_Es_2013.nc" [1]
2026-10-01 23:37:03 URL: ftp://ftp3.tpdc.ac.cn:6201/PML/V2.2a-MODIS/8-day/Es/PML-V2.2a-MODIS_Es_2014.nc [72540486] -> "/glade/derecho/scratch/bbuchovecky/pml-v2.2/V2.2a-MODIS/8-day/Es/PML-V2.2a-MODIS_Es_2014.nc" [1]
2026-10-01 23:44:02 URL: ftp://ftp3.tpdc.ac.cn:6201/PML/V2.2a-MODIS/8-day/Es/PML-V2.2a-MODIS_Es_2016.nc [71905698] -> "/glade/derecho/scratch/bbuchovecky/pml-v2.2/V2.2a-MODIS/8-day/Es/PML-V2.2a-MODIS_Es_2016.nc" [1]
2026-10-01 23:44:03 URL: ftp://ftp2.tpdc.ac.cn:6201/PML/V2.2a-MODIS/8-day/Es/PML-V2.2a-MODIS_Es_2017.nc [70761356] -> "/glade/derecho/scratch/bbuchovecky/pml-v2.2/V2.2a-MODIS/8-day/Es/PML-V2.2a-MODIS_Es_2017.nc" [1]
2026-10-01 23:45:07 URL: ftp://ftp2.tpdc.ac.cn:6201/PML/V2.2a-MODIS/8-day/Es/PML-V2.2a-MODIS_Es_2015.nc [72998512] -> "/glade/derecho/scratch/bbuchovecky/pml-v2.2/V2.2a-MODIS/8-day/Es/PML-V2.2a-MODIS_Es_2015.nc" [1]
2026-10-01 23:46:43 URL: ftp://ftp3.tpdc.ac.cn:6201/PML/V2.2a-MODIS/8-day/Es/PML-V2.2a-MODIS_Es_2018.nc [71435557] -> "/glade/derecho/scratch/bbuchovecky/pml-v2.2/V2.2a-MODIS/8-day/Es/PML-V2.2a-MODIS_Es_2018.nc" [1]
2026-10-01 23:51:55 URL: ftp://ftp3.tpdc.ac.cn:6201/PML/V2.2a-MODIS/8-day/Es/PML-V2.2a-MODIS_Es_2020.nc [70576840] -> "/glade/derecho/scratch/bbuchovecky/pml-v2.2/V2.2a-MODIS/8-day/Es/PML-V2.2a-MODIS_Es_2020.nc" [1]
2026-10-01 23:52:06 URL: ftp://ftp2.tpdc.ac.cn:6201/PML/V2.2a-MODIS/8-day/Es/PML-V2.2a-MODIS_Es_2019.nc [70872983] -> "/glade/derecho/scratch/bbuchovecky/pml-v2.2/V2.2a-MODIS/8-day/Es/PML-V2.2a-MODIS_Es_2019.nc" [1]
2026-10-01 23:57:07 URL: ftp://ftp2.tpdc.ac.cn:6201/PML/V2.2a-MODIS/8-day/Es/PML-V2.2a-MODIS_Es_2021.nc [71621459] -> "/glade/derecho/scratch/bbuchovecky/pml-v2.2/V2.2a-MODIS/8-day/Es/PML-V2.2a-MODIS_Es_2021.nc" [1]
2026-10-02 00:11:19 URL: ftp://ftp2.tpdc.ac.cn:6201/PML/V2.2a-MODIS/8-day/Ei/PML-V2.2a-MODIS_Ei_2000.nc [38337355] -> "/glade/derecho/scratch/bbuchovecky/pml-v2.2/V2.2a-MODIS/8-day/Ei/PML-V2.2a-MODIS_Ei_2000.nc" [1]
2026-10-02 00:14:47 URL: ftp://ftp3.tpdc.ac.cn:6201/PML/V2.2a-MODIS/8-day/Ei/PML-V2.2a-MODIS_Ei_2001.nc [44405183] -> "/glade/derecho/scratch/bbuchovecky/pml-v2.2/V2.2a-MODIS/8-day/Ei/PML-V2.2a-MODIS_Ei_2001.nc" [1]
2026-10-02 00:21:56 URL: ftp://ftp2.tpdc.ac.cn:6201/PML/V2.2a-MODIS/8-day/Ei/PML-V2.2a-MODIS_Ei_2002.nc [44262209] -> "/glade/derecho/scratch/bbuchovecky/pml-v2.2/V2.2a-MODIS/8-day/Ei/PML-V2.2a-MODIS_Ei_2002.nc" [1]
2026-10-02 00:22:11 URL: ftp://ftp3.tpdc.ac.cn:6201/PML/V2.2a-MODIS/8-day/Ei/PML-V2.2a-MODIS_Ei_2003.nc [44008781] -> "/glade/derecho/scratch/bbuchovecky/pml-v2.2/V2.2a-MODIS/8-day/Ei/PML-V2.2a-MODIS_Ei_2003.nc" [1]
2026-10-02 00:24:41 URL: ftp://ftp3.tpdc.ac.cn:6201/PML/V2.2a-MODIS/8-day/Es/PML-V2.2a-MODIS_Es_2022.nc [71667774] -> "/glade/derecho/scratch/bbuchovecky/pml-v2.2/V2.2a-MODIS/8-day/Es/PML-V2.2a-MODIS_Es_2022.nc" [1]
2026-10-02 00:26:51 URL: ftp://ftp2.tpdc.ac.cn:6201/PML/V2.2a-MODIS/8-day/Ei/PML-V2.2a-MODIS_Ei_2004.nc [45150751] -> "/glade/derecho/scratch/bbuchovecky/pml-v2.2/V2.2a-MODIS/8-day/Ei/PML-V2.2a-MODIS_Ei_2004.nc" [1]
2026-10-02 00:29:40 URL: ftp://ftp3.tpdc.ac.cn:6201/PML/V2.2a-MODIS/8-day/Es/PML-V2.2a-MODIS_Es_2024.nc [72076521] -> "/glade/derecho/scratch/bbuchovecky/pml-v2.2/V2.2a-MODIS/8-day/Es/PML-V2.2a-MODIS_Es_2024.nc" [1]
2026-10-02 00:33:07 URL: ftp://ftp2.tpdc.ac.cn:6201/PML/V2.2a-MODIS/8-day/Es/PML-V2.2a-MODIS_Es_2023.nc [71854055] -> "/glade/derecho/scratch/bbuchovecky/pml-v2.2/V2.2a-MODIS/8-day/Es/PML-V2.2a-MODIS_Es_2023.nc" [1]
2026-10-02 00:40:17 URL: ftp://ftp3.tpdc.ac.cn:6201/PML/V2.2a-MODIS/8-day/Ei/PML-V2.2a-MODIS_Ei_2005.nc [43918459] -> "/glade/derecho/scratch/bbuchovecky/pml-v2.2/V2.2a-MODIS/8-day/Ei/PML-V2.2a-MODIS_Ei_2005.nc" [1]
2026-10-02 00:44:09 URL: ftp://ftp2.tpdc.ac.cn:6201/PML/V2.2a-MODIS/8-day/Ei/PML-V2.2a-MODIS_Ei_2006.nc [44181106] -> "/glade/derecho/scratch/bbuchovecky/pml-v2.2/V2.2a-MODIS/8-day/Ei/PML-V2.2a-MODIS_Ei_2006.nc" [1]
2026-10-02 00:50:11 URL: ftp://ftp3.tpdc.ac.cn:6201/PML/V2.2a-MODIS/8-day/Ei/PML-V2.2a-MODIS_Ei_2007.nc [44080235] -> "/glade/derecho/scratch/bbuchovecky/pml-v2.2/V2.2a-MODIS/8-day/Ei/PML-V2.2a-MODIS_Ei_2007.nc" [1]
2026-10-02 00:53:29 URL: ftp://ftp2.tpdc.ac.cn:6201/PML/V2.2a-MODIS/8-day/Ei/PML-V2.2a-MODIS_Ei_2008.nc [44731190] -> "/glade/derecho/scratch/bbuchovecky/pml-v2.2/V2.2a-MODIS/8-day/Ei/PML-V2.2a-MODIS_Ei_2008.nc" [1]
2026-10-02 00:56:34 URL: ftp://ftp3.tpdc.ac.cn:6201/PML/V2.2a-MODIS/8-day/Ei/PML-V2.2a-MODIS_Ei_2009.nc [44686240] -> "/glade/derecho/scratch/bbuchovecky/pml-v2.2/V2.2a-MODIS/8-day/Ei/PML-V2.2a-MODIS_Ei_2009.nc" [1]
2026-10-02 00:57:54 URL: ftp://ftp2.tpdc.ac.cn:6201/PML/V2.2a-MODIS/8-day/Ei/PML-V2.2a-MODIS_Ei_2010.nc [44839455] -> "/glade/derecho/scratch/bbuchovecky/pml-v2.2/V2.2a-MODIS/8-day/Ei/PML-V2.2a-MODIS_Ei_2010.nc" [1]
2026-10-02 00:58:20 URL: ftp://ftp3.tpdc.ac.cn:6201/PML/V2.2a-MODIS/8-day/Ei/PML-V2.2a-MODIS_Ei_2011.nc [44494755] -> "/glade/derecho/scratch/bbuchovecky/pml-v2.2/V2.2a-MODIS/8-day/Ei/PML-V2.2a-MODIS_Ei_2011.nc" [1]
2026-10-02 01:03:42 URL: ftp://ftp2.tpdc.ac.cn:6201/PML/V2.2a-MODIS/8-day/Ei/PML-V2.2a-MODIS_Ei_2012.nc [44579698] -> "/glade/derecho/scratch/bbuchovecky/pml-v2.2/V2.2a-MODIS/8-day/Ei/PML-V2.2a-MODIS_Ei_2012.nc" [1]
2026-10-02 01:10:26 URL: ftp://ftp3.tpdc.ac.cn:6201/PML/V2.2a-MODIS/8-day/Ei/PML-V2.2a-MODIS_Ei_2013.nc [44770191] -> "/glade/derecho/scratch/bbuchovecky/pml-v2.2/V2.2a-MODIS/8-day/Ei/PML-V2.2a-MODIS_Ei_2013.nc" [1]
2026-10-02 01:16:01 URL: ftp://ftp2.tpdc.ac.cn:6201/PML/V2.2a-MODIS/8-day/Ei/PML-V2.2a-MODIS_Ei_2014.nc [46469673] -> "/glade/derecho/scratch/bbuchovecky/pml-v2.2/V2.2a-MODIS/8-day/Ei/PML-V2.2a-MODIS_Ei_2014.nc" [1]
2026-10-02 01:18:59 URL: ftp://ftp3.tpdc.ac.cn:6201/PML/V2.2a-MODIS/8-day/Ei/PML-V2.2a-MODIS_Ei_2015.nc [45396362] -> "/glade/derecho/scratch/bbuchovecky/pml-v2.2/V2.2a-MODIS/8-day/Ei/PML-V2.2a-MODIS_Ei_2015.nc" [1]
2026-10-02 01:24:17 URL: ftp://ftp2.tpdc.ac.cn:6201/PML/V2.2a-MODIS/8-day/Ei/PML-V2.2a-MODIS_Ei_2016.nc [45575786] -> "/glade/derecho/scratch/bbuchovecky/pml-v2.2/V2.2a-MODIS/8-day/Ei/PML-V2.2a-MODIS_Ei_2016.nc" [1]
2026-10-02 01:25:50 URL: ftp://ftp3.tpdc.ac.cn:6201/PML/V2.2a-MODIS/8-day/Ei/PML-V2.2a-MODIS_Ei_2017.nc [45149813] -> "/glade/derecho/scratch/bbuchovecky/pml-v2.2/V2.2a-MODIS/8-day/Ei/PML-V2.2a-MODIS_Ei_2017.nc" [1]
2026-10-02 01:28:14 URL: ftp://ftp2.tpdc.ac.cn:6201/PML/V2.2a-MODIS/8-day/Ei/PML-V2.2a-MODIS_Ei_2018.nc [44999971] -> "/glade/derecho/scratch/bbuchovecky/pml-v2.2/V2.2a-MODIS/8-day/Ei/PML-V2.2a-MODIS_Ei_2018.nc" [1]
2026-10-02 01:28:26 URL: ftp://ftp3.tpdc.ac.cn:6201/PML/V2.2a-MODIS/8-day/Ei/PML-V2.2a-MODIS_Ei_2019.nc [44838970] -> "/glade/derecho/scratch/bbuchovecky/pml-v2.2/V2.2a-MODIS/8-day/Ei/PML-V2.2a-MODIS_Ei_2019.nc" [1]
2026-10-02 01:34:08 URL: ftp://ftp2.tpdc.ac.cn:6201/PML/V2.2a-MODIS/8-day/Ei/PML-V2.2a-MODIS_Ei_2020.nc [44846798] -> "/glade/derecho/scratch/bbuchovecky/pml-v2.2/V2.2a-MODIS/8-day/Ei/PML-V2.2a-MODIS_Ei_2020.nc" [1]
2026-10-02 01:40:12 URL: ftp://ftp3.tpdc.ac.cn:6201/PML/V2.2a-MODIS/8-day/Ei/PML-V2.2a-MODIS_Ei_2021.nc [45744676] -> "/glade/derecho/scratch/bbuchovecky/pml-v2.2/V2.2a-MODIS/8-day/Ei/PML-V2.2a-MODIS_Ei_2021.nc" [1]
2026-10-02 01:44:56 URL: ftp://ftp2.tpdc.ac.cn:6201/PML/V2.2a-MODIS/8-day/Ei/PML-V2.2a-MODIS_Ei_2022.nc [45223997] -> "/glade/derecho/scratch/bbuchovecky/pml-v2.2/V2.2a-MODIS/8-day/Ei/PML-V2.2a-MODIS_Ei_2022.nc" [1]
2026-10-02 01:48:31 URL: ftp://ftp3.tpdc.ac.cn:6201/PML/V2.2a-MODIS/8-day/Ei/PML-V2.2a-MODIS_Ei_2023.nc [45298268] -> "/glade/derecho/scratch/bbuchovecky/pml-v2.2/V2.2a-MODIS/8-day/Ei/PML-V2.2a-MODIS_Ei_2023.nc" [1]
2026-10-02 01:54:28 URL: ftp://ftp2.tpdc.ac.cn:6201/PML/V2.2a-MODIS/8-day/Ei/PML-V2.2a-MODIS_Ei_2024.nc [45216233] -> "/glade/derecho/scratch/bbuchovecky/pml-v2.2/V2.2a-MODIS/8-day/Ei/PML-V2.2a-MODIS_Ei_2024.nc" [1]
2026-10-02 02:14:16 URL: ftp://ftp3.tpdc.ac.cn:6201/PML/V2.2a-MODIS/8-day/E/PML-V2.2a-MODIS_E_2000.nc [77046385] -> "/glade/derecho/scratch/bbuchovecky/pml-v2.2/V2.2a-MODIS/8-day/E/PML-V2.2a-MODIS_E_2000.nc" [1]
2026-10-02 02:27:14 URL: ftp://ftp3.tpdc.ac.cn:6201/PML/V2.2a-MODIS/8-day/E/PML-V2.2a-MODIS_E_2002.nc [92101472] -> "/glade/derecho/scratch/bbuchovecky/pml-v2.2/V2.2a-MODIS/8-day/E/PML-V2.2a-MODIS_E_2002.nc" [1]
2026-10-02 02:30:30 URL: ftp://ftp2.tpdc.ac.cn:6201/PML/V2.2a-MODIS/8-day/E/PML-V2.2a-MODIS_E_2001.nc [94981038] -> "/glade/derecho/scratch/bbuchovecky/pml-v2.2/V2.2a-MODIS/8-day/E/PML-V2.2a-MODIS_E_2001.nc" [1]
2026-10-02 02:35:27 URL: ftp://ftp2.tpdc.ac.cn:6201/PML/V2.2a-MODIS/8-day/E/PML-V2.2a-MODIS_E_2003.nc [92043678] -> "/glade/derecho/scratch/bbuchovecky/pml-v2.2/V2.2a-MODIS/8-day/E/PML-V2.2a-MODIS_E_2003.nc" [1]
2026-10-02 02:44:31 URL: ftp://ftp3.tpdc.ac.cn:6201/PML/V2.2a-MODIS/8-day/E/PML-V2.2a-MODIS_E_2004.nc [90588258] -> "/glade/derecho/scratch/bbuchovecky/pml-v2.2/V2.2a-MODIS/8-day/E/PML-V2.2a-MODIS_E_2004.nc" [1]
2026-10-02 02:45:29 URL: ftp://ftp2.tpdc.ac.cn:6201/PML/V2.2a-MODIS/8-day/E/PML-V2.2a-MODIS_E_2005.nc [91475390] -> "/glade/derecho/scratch/bbuchovecky/pml-v2.2/V2.2a-MODIS/8-day/E/PML-V2.2a-MODIS_E_2005.nc" [1]
2026-10-02 02:49:30 URL: ftp://ftp3.tpdc.ac.cn:6201/PML/V2.2a-MODIS/8-day/E/PML-V2.2a-MODIS_E_2006.nc [92437403] -> "/glade/derecho/scratch/bbuchovecky/pml-v2.2/V2.2a-MODIS/8-day/E/PML-V2.2a-MODIS_E_2006.nc" [1]
2026-10-02 02:56:25 URL: ftp://ftp2.tpdc.ac.cn:6201/PML/V2.2a-MODIS/8-day/E/PML-V2.2a-MODIS_E_2007.nc [90861626] -> "/glade/derecho/scratch/bbuchovecky/pml-v2.2/V2.2a-MODIS/8-day/E/PML-V2.2a-MODIS_E_2007.nc" [1]
2026-10-02 03:14:56 URL: ftp://ftp3.tpdc.ac.cn:6201/PML/V2.2a-MODIS/8-day/E/PML-V2.2a-MODIS_E_2008.nc [90488005] -> "/glade/derecho/scratch/bbuchovecky/pml-v2.2/V2.2a-MODIS/8-day/E/PML-V2.2a-MODIS_E_2008.nc" [1]
2026-10-02 03:28:00 URL: ftp://ftp2.tpdc.ac.cn:6201/PML/V2.2a-MODIS/8-day/E/PML-V2.2a-MODIS_E_2009.nc [91222411] -> "/glade/derecho/scratch/bbuchovecky/pml-v2.2/V2.2a-MODIS/8-day/E/PML-V2.2a-MODIS_E_2009.nc" [1]
2026-10-02 03:31:40 URL: ftp://ftp3.tpdc.ac.cn:6201/PML/V2.2a-MODIS/8-day/E/PML-V2.2a-MODIS_E_2010.nc [91039370] -> "/glade/derecho/scratch/bbuchovecky/pml-v2.2/V2.2a-MODIS/8-day/E/PML-V2.2a-MODIS_E_2010.nc" [1]
2026-10-02 03:36:48 URL: ftp://ftp2.tpdc.ac.cn:6201/PML/V2.2a-MODIS/8-day/E/PML-V2.2a-MODIS_E_2011.nc [91063030] -> "/glade/derecho/scratch/bbuchovecky/pml-v2.2/V2.2a-MODIS/8-day/E/PML-V2.2a-MODIS_E_2011.nc" [1]
2026-10-02 03:43:52 URL: ftp://ftp3.tpdc.ac.cn:6201/PML/V2.2a-MODIS/8-day/E/PML-V2.2a-MODIS_E_2012.nc [91145903] -> "/glade/derecho/scratch/bbuchovecky/pml-v2.2/V2.2a-MODIS/8-day/E/PML-V2.2a-MODIS_E_2012.nc" [1]
2026-10-02 03:49:49 URL: ftp://ftp3.tpdc.ac.cn:6201/PML/V2.2a-MODIS/8-day/E/PML-V2.2a-MODIS_E_2014.nc [91097948] -> "/glade/derecho/scratch/bbuchovecky/pml-v2.2/V2.2a-MODIS/8-day/E/PML-V2.2a-MODIS_E_2014.nc" [1]
2026-10-02 03:50:16 URL: ftp://ftp2.tpdc.ac.cn:6201/PML/V2.2a-MODIS/8-day/E/PML-V2.2a-MODIS_E_2013.nc [93930641] -> "/glade/derecho/scratch/bbuchovecky/pml-v2.2/V2.2a-MODIS/8-day/E/PML-V2.2a-MODIS_E_2013.nc" [1]
2026-10-02 03:59:56 URL: ftp://ftp2.tpdc.ac.cn:6201/PML/V2.2a-MODIS/8-day/E/PML-V2.2a-MODIS_E_2015.nc [92174165] -> "/glade/derecho/scratch/bbuchovecky/pml-v2.2/V2.2a-MODIS/8-day/E/PML-V2.2a-MODIS_E_2015.nc" [1]
2026-10-02 04:13:17 URL: ftp://ftp3.tpdc.ac.cn:6201/PML/V2.2a-MODIS/8-day/E/PML-V2.2a-MODIS_E_2016.nc [91690481] -> "/glade/derecho/scratch/bbuchovecky/pml-v2.2/V2.2a-MODIS/8-day/E/PML-V2.2a-MODIS_E_2016.nc" [1]
2026-10-02 04:30:29 URL: ftp://ftp3.tpdc.ac.cn:6201/PML/V2.2a-MODIS/8-day/E/PML-V2.2a-MODIS_E_2018.nc [91567681] -> "/glade/derecho/scratch/bbuchovecky/pml-v2.2/V2.2a-MODIS/8-day/E/PML-V2.2a-MODIS_E_2018.nc" [1]
2026-10-02 04:31:12 URL: ftp://ftp2.tpdc.ac.cn:6201/PML/V2.2a-MODIS/8-day/E/PML-V2.2a-MODIS_E_2017.nc [91223112] -> "/glade/derecho/scratch/bbuchovecky/pml-v2.2/V2.2a-MODIS/8-day/E/PML-V2.2a-MODIS_E_2017.nc" [1]
2026-10-02 04:38:31 URL: ftp://ftp2.tpdc.ac.cn:6201/PML/V2.2a-MODIS/8-day/E/PML-V2.2a-MODIS_E_2019.nc [92475869] -> "/glade/derecho/scratch/bbuchovecky/pml-v2.2/V2.2a-MODIS/8-day/E/PML-V2.2a-MODIS_E_2019.nc" [1]
2026-10-02 04:42:23 URL: ftp://ftp3.tpdc.ac.cn:6201/PML/V2.2a-MODIS/8-day/E/PML-V2.2a-MODIS_E_2020.nc [95528185] -> "/glade/derecho/scratch/bbuchovecky/pml-v2.2/V2.2a-MODIS/8-day/E/PML-V2.2a-MODIS_E_2020.nc" [1]
2026-10-02 04:48:14 URL: ftp://ftp2.tpdc.ac.cn:6201/PML/V2.2a-MODIS/8-day/Ew/PML-V2.2a-MODIS_Ew_2000.nc [26127478] -> "/glade/derecho/scratch/bbuchovecky/pml-v2.2/V2.2a-MODIS/8-day/Ew/PML-V2.2a-MODIS_Ew_2000.nc" [1]
2026-10-02 04:48:38 URL: ftp://ftp3.tpdc.ac.cn:6201/PML/V2.2a-MODIS/8-day/E/PML-V2.2a-MODIS_E_2022.nc [91568608] -> "/glade/derecho/scratch/bbuchovecky/pml-v2.2/V2.2a-MODIS/8-day/E/PML-V2.2a-MODIS_E_2022.nc" [1]
2026-10-02 04:50:49 URL: ftp://ftp3.tpdc.ac.cn:6201/PML/V2.2a-MODIS/8-day/Ew/PML-V2.2a-MODIS_Ew_2001.nc [31446176] -> "/glade/derecho/scratch/bbuchovecky/pml-v2.2/V2.2a-MODIS/8-day/Ew/PML-V2.2a-MODIS_Ew_2001.nc" [1]
2026-10-02 04:51:47 URL: ftp://ftp2.tpdc.ac.cn:6201/PML/V2.2a-MODIS/8-day/E/PML-V2.2a-MODIS_E_2021.nc [93165140] -> "/glade/derecho/scratch/bbuchovecky/pml-v2.2/V2.2a-MODIS/8-day/E/PML-V2.2a-MODIS_E_2021.nc" [1]
2026-10-02 04:57:45 URL: ftp://ftp2.tpdc.ac.cn:6201/PML/V2.2a-MODIS/8-day/E/PML-V2.2a-MODIS_E_2023.nc [92476108] -> "/glade/derecho/scratch/bbuchovecky/pml-v2.2/V2.2a-MODIS/8-day/E/PML-V2.2a-MODIS_E_2023.nc" [1]
2026-10-02 04:58:51 URL: ftp://ftp2.tpdc.ac.cn:6201/PML/V2.2a-MODIS/8-day/Ew/PML-V2.2a-MODIS_Ew_2002.nc [31459488] -> "/glade/derecho/scratch/bbuchovecky/pml-v2.2/V2.2a-MODIS/8-day/Ew/PML-V2.2a-MODIS_Ew_2002.nc" [1]
2026-10-02 04:59:46 URL: ftp://ftp3.tpdc.ac.cn:6201/PML/V2.2a-MODIS/8-day/Ew/PML-V2.2a-MODIS_Ew_2003.nc [30773852] -> "/glade/derecho/scratch/bbuchovecky/pml-v2.2/V2.2a-MODIS/8-day/Ew/PML-V2.2a-MODIS_Ew_2003.nc" [1]
2026-10-02 05:05:01 URL: ftp://ftp3.tpdc.ac.cn:6201/PML/V2.2a-MODIS/8-day/Ew/PML-V2.2a-MODIS_Ew_2005.nc [30837986] -> "/glade/derecho/scratch/bbuchovecky/pml-v2.2/V2.2a-MODIS/8-day/Ew/PML-V2.2a-MODIS_Ew_2005.nc" [1]
2026-10-02 05:05:38 URL: ftp://ftp2.tpdc.ac.cn:6201/PML/V2.2a-MODIS/8-day/Ew/PML-V2.2a-MODIS_Ew_2004.nc [30417456] -> "/glade/derecho/scratch/bbuchovecky/pml-v2.2/V2.2a-MODIS/8-day/Ew/PML-V2.2a-MODIS_Ew_2004.nc" [1]
2026-10-02 05:07:19 URL: ftp://ftp2.tpdc.ac.cn:6201/PML/V2.2a-MODIS/8-day/Ew/PML-V2.2a-MODIS_Ew_2006.nc [30863906] -> "/glade/derecho/scratch/bbuchovecky/pml-v2.2/V2.2a-MODIS/8-day/Ew/PML-V2.2a-MODIS_Ew_2006.nc" [1]
2026-10-02 05:08:34 URL: ftp://ftp3.tpdc.ac.cn:6201/PML/V2.2a-MODIS/8-day/Ew/PML-V2.2a-MODIS_Ew_2007.nc [30572642] -> "/glade/derecho/scratch/bbuchovecky/pml-v2.2/V2.2a-MODIS/8-day/Ew/PML-V2.2a-MODIS_Ew_2007.nc" [1]
2026-10-02 05:08:53 URL: ftp://ftp3.tpdc.ac.cn:6201/PML/V2.2a-MODIS/8-day/E/PML-V2.2a-MODIS_E_2024.nc [92415275] -> "/glade/derecho/scratch/bbuchovecky/pml-v2.2/V2.2a-MODIS/8-day/E/PML-V2.2a-MODIS_E_2024.nc" [1]
2026-10-02 05:16:36 URL: ftp://ftp2.tpdc.ac.cn:6201/PML/V2.2a-MODIS/8-day/Ew/PML-V2.2a-MODIS_Ew_2008.nc [31363037] -> "/glade/derecho/scratch/bbuchovecky/pml-v2.2/V2.2a-MODIS/8-day/Ew/PML-V2.2a-MODIS_Ew_2008.nc" [1]
2026-10-02 05:18:52 URL: ftp://ftp3.tpdc.ac.cn:6201/PML/V2.2a-MODIS/8-day/Ew/PML-V2.2a-MODIS_Ew_2009.nc [30650681] -> "/glade/derecho/scratch/bbuchovecky/pml-v2.2/V2.2a-MODIS/8-day/Ew/PML-V2.2a-MODIS_Ew_2009.nc" [1]
2026-10-02 05:20:00 URL: ftp://ftp2.tpdc.ac.cn:6201/PML/V2.2a-MODIS/8-day/Ew/PML-V2.2a-MODIS_Ew_2010.nc [30623136] -> "/glade/derecho/scratch/bbuchovecky/pml-v2.2/V2.2a-MODIS/8-day/Ew/PML-V2.2a-MODIS_Ew_2010.nc" [1]
2026-10-02 05:24:55 URL: ftp://ftp3.tpdc.ac.cn:6201/PML/V2.2a-MODIS/8-day/Ew/PML-V2.2a-MODIS_Ew_2011.nc [30481850] -> "/glade/derecho/scratch/bbuchovecky/pml-v2.2/V2.2a-MODIS/8-day/Ew/PML-V2.2a-MODIS_Ew_2011.nc" [1]
2026-10-02 05:26:45 URL: ftp://ftp2.tpdc.ac.cn:6201/PML/V2.2a-MODIS/8-day/Ew/PML-V2.2a-MODIS_Ew_2012.nc [30470703] -> "/glade/derecho/scratch/bbuchovecky/pml-v2.2/V2.2a-MODIS/8-day/Ew/PML-V2.2a-MODIS_Ew_2012.nc" [1]
2026-10-02 05:27:29 URL: ftp://ftp3.tpdc.ac.cn:6201/PML/V2.2a-MODIS/8-day/Ew/PML-V2.2a-MODIS_Ew_2013.nc [30199957] -> "/glade/derecho/scratch/bbuchovecky/pml-v2.2/V2.2a-MODIS/8-day/Ew/PML-V2.2a-MODIS_Ew_2013.nc" [1]
2026-10-02 05:28:32 URL: ftp://ftp2.tpdc.ac.cn:6201/PML/V2.2a-MODIS/8-day/Ew/PML-V2.2a-MODIS_Ew_2014.nc [30329070] -> "/glade/derecho/scratch/bbuchovecky/pml-v2.2/V2.2a-MODIS/8-day/Ew/PML-V2.2a-MODIS_Ew_2014.nc" [1]
2026-10-02 05:29:17 URL: ftp://ftp3.tpdc.ac.cn:6201/PML/V2.2a-MODIS/8-day/Ew/PML-V2.2a-MODIS_Ew_2015.nc [30496138] -> "/glade/derecho/scratch/bbuchovecky/pml-v2.2/V2.2a-MODIS/8-day/Ew/PML-V2.2a-MODIS_Ew_2015.nc" [1]
2026-10-02 05:37:12 URL: ftp://ftp2.tpdc.ac.cn:6201/PML/V2.2a-MODIS/8-day/Ew/PML-V2.2a-MODIS_Ew_2016.nc [30531193] -> "/glade/derecho/scratch/bbuchovecky/pml-v2.2/V2.2a-MODIS/8-day/Ew/PML-V2.2a-MODIS_Ew_2016.nc" [1]
2026-10-02 05:38:26 URL: ftp://ftp3.tpdc.ac.cn:6201/PML/V2.2a-MODIS/8-day/Ew/PML-V2.2a-MODIS_Ew_2017.nc [30418613] -> "/glade/derecho/scratch/bbuchovecky/pml-v2.2/V2.2a-MODIS/8-day/Ew/PML-V2.2a-MODIS_Ew_2017.nc" [1]
2026-10-02 05:40:22 URL: ftp://ftp2.tpdc.ac.cn:6201/PML/V2.2a-MODIS/8-day/Ew/PML-V2.2a-MODIS_Ew_2018.nc [30365715] -> "/glade/derecho/scratch/bbuchovecky/pml-v2.2/V2.2a-MODIS/8-day/Ew/PML-V2.2a-MODIS_Ew_2018.nc" [1]
2026-10-02 05:45:44 URL: ftp://ftp3.tpdc.ac.cn:6201/PML/V2.2a-MODIS/8-day/Ew/PML-V2.2a-MODIS_Ew_2019.nc [30591878] -> "/glade/derecho/scratch/bbuchovecky/pml-v2.2/V2.2a-MODIS/8-day/Ew/PML-V2.2a-MODIS_Ew_2019.nc" [1]
2026-10-02 05:47:22 URL: ftp://ftp2.tpdc.ac.cn:6201/PML/V2.2a-MODIS/8-day/Ew/PML-V2.2a-MODIS_Ew_2020.nc [30764193] -> "/glade/derecho/scratch/bbuchovecky/pml-v2.2/V2.2a-MODIS/8-day/Ew/PML-V2.2a-MODIS_Ew_2020.nc" [1]
2026-10-02 05:47:48 URL: ftp://ftp3.tpdc.ac.cn:6201/PML/V2.2a-MODIS/8-day/Ew/PML-V2.2a-MODIS_Ew_2021.nc [30600272] -> "/glade/derecho/scratch/bbuchovecky/pml-v2.2/V2.2a-MODIS/8-day/Ew/PML-V2.2a-MODIS_Ew_2021.nc" [1]
2026-10-02 05:48:18 URL: ftp://ftp3.tpdc.ac.cn:6201/PML/V2.2a-MODIS/8-day/Ew/PML-V2.2a-MODIS_Ew_2023.nc [30632919] -> "/glade/derecho/scratch/bbuchovecky/pml-v2.2/V2.2a-MODIS/8-day/Ew/PML-V2.2a-MODIS_Ew_2023.nc" [1]
2026-10-02 05:49:50 URL: ftp://ftp2.tpdc.ac.cn:6201/PML/V2.2a-MODIS/8-day/Ew/PML-V2.2a-MODIS_Ew_2022.nc [30511707] -> "/glade/derecho/scratch/bbuchovecky/pml-v2.2/V2.2a-MODIS/8-day/Ew/PML-V2.2a-MODIS_Ew_2022.nc" [1]
2026-10-02 05:58:14 URL: ftp://ftp2.tpdc.ac.cn:6201/PML/V2.2a-MODIS/8-day/Ew/PML-V2.2a-MODIS_Ew_2024.nc [30585963] -> "/glade/derecho/scratch/bbuchovecky/pml-v2.2/V2.2a-MODIS/8-day/Ew/PML-V2.2a-MODIS_Ew_2024.nc" [1]
2026-10-02 06:37:21 URL: ftp://ftp3.tpdc.ac.cn:6201/PML/V2.2a-MODIS/8-day/PET/PML-V2.2a-MODIS_PET_2000.nc [85464292] -> "/glade/derecho/scratch/bbuchovecky/pml-v2.2/V2.2a-MODIS/8-day/PET/PML-V2.2a-MODIS_PET_2000.nc" [1]
2026-10-02 06:51:29 URL: ftp://ftp2.tpdc.ac.cn:6201/PML/V2.2a-MODIS/8-day/PET/PML-V2.2a-MODIS_PET_2001.nc [102374065] -> "/glade/derecho/scratch/bbuchovecky/pml-v2.2/V2.2a-MODIS/8-day/PET/PML-V2.2a-MODIS_PET_2001.nc" [1]
2026-10-02 06:54:47 URL: ftp://ftp3.tpdc.ac.cn:6201/PML/V2.2a-MODIS/8-day/PET/PML-V2.2a-MODIS_PET_2004.nc [101681158] -> "/glade/derecho/scratch/bbuchovecky/pml-v2.2/V2.2a-MODIS/8-day/PET/PML-V2.2a-MODIS_PET_2004.nc" [1]
2026-10-02 06:55:34 URL: ftp://ftp3.tpdc.ac.cn:6201/PML/V2.2a-MODIS/8-day/PET/PML-V2.2a-MODIS_PET_2002.nc [102314846] -> "/glade/derecho/scratch/bbuchovecky/pml-v2.2/V2.2a-MODIS/8-day/PET/PML-V2.2a-MODIS_PET_2002.nc" [1]
2026-10-02 06:57:35 URL: ftp://ftp2.tpdc.ac.cn:6201/PML/V2.2a-MODIS/8-day/PET/PML-V2.2a-MODIS_PET_2005.nc [102254313] -> "/glade/derecho/scratch/bbuchovecky/pml-v2.2/V2.2a-MODIS/8-day/PET/PML-V2.2a-MODIS_PET_2005.nc" [1]
2026-10-02 06:58:48 URL: ftp://ftp2.tpdc.ac.cn:6201/PML/V2.2a-MODIS/8-day/PET/PML-V2.2a-MODIS_PET_2003.nc [103905268] -> "/glade/derecho/scratch/bbuchovecky/pml-v2.2/V2.2a-MODIS/8-day/PET/PML-V2.2a-MODIS_PET_2003.nc" [1]
2026-10-02 07:01:52 URL: ftp://ftp3.tpdc.ac.cn:6201/PML/V2.2a-MODIS/8-day/PET/PML-V2.2a-MODIS_PET_2006.nc [104617678] -> "/glade/derecho/scratch/bbuchovecky/pml-v2.2/V2.2a-MODIS/8-day/PET/PML-V2.2a-MODIS_PET_2006.nc" [1]
2026-10-02 07:09:51 URL: ftp://ftp2.tpdc.ac.cn:6201/PML/V2.2a-MODIS/8-day/PET/PML-V2.2a-MODIS_PET_2007.nc [102400297] -> "/glade/derecho/scratch/bbuchovecky/pml-v2.2/V2.2a-MODIS/8-day/PET/PML-V2.2a-MODIS_PET_2007.nc" [1]
2026-10-02 07:46:11 URL: ftp://ftp3.tpdc.ac.cn:6201/PML/V2.2a-MODIS/8-day/PET/PML-V2.2a-MODIS_PET_2008.nc [104772244] -> "/glade/derecho/scratch/bbuchovecky/pml-v2.2/V2.2a-MODIS/8-day/PET/PML-V2.2a-MODIS_PET_2008.nc" [1]
2026-10-02 08:03:18 URL: ftp://ftp2.tpdc.ac.cn:6201/PML/V2.2a-MODIS/8-day/PET/PML-V2.2a-MODIS_PET_2009.nc [103773738] -> "/glade/derecho/scratch/bbuchovecky/pml-v2.2/V2.2a-MODIS/8-day/PET/PML-V2.2a-MODIS_PET_2009.nc" [1]
2026-10-02 08:04:01 URL: ftp://ftp3.tpdc.ac.cn:6201/PML/V2.2a-MODIS/8-day/PET/PML-V2.2a-MODIS_PET_2010.nc [102240755] -> "/glade/derecho/scratch/bbuchovecky/pml-v2.2/V2.2a-MODIS/8-day/PET/PML-V2.2a-MODIS_PET_2010.nc" [1]
2026-10-02 08:05:14 URL: ftp://ftp3.tpdc.ac.cn:6201/PML/V2.2a-MODIS/8-day/PET/PML-V2.2a-MODIS_PET_2012.nc [102147969] -> "/glade/derecho/scratch/bbuchovecky/pml-v2.2/V2.2a-MODIS/8-day/PET/PML-V2.2a-MODIS_PET_2012.nc" [1]
2026-10-02 08:07:34 URL: ftp://ftp2.tpdc.ac.cn:6201/PML/V2.2a-MODIS/8-day/PET/PML-V2.2a-MODIS_PET_2011.nc [102065814] -> "/glade/derecho/scratch/bbuchovecky/pml-v2.2/V2.2a-MODIS/8-day/PET/PML-V2.2a-MODIS_PET_2011.nc" [1]
2026-10-02 08:09:52 URL: ftp://ftp3.tpdc.ac.cn:6201/PML/V2.2a-MODIS/8-day/PET/PML-V2.2a-MODIS_PET_2014.nc [102227673] -> "/glade/derecho/scratch/bbuchovecky/pml-v2.2/V2.2a-MODIS/8-day/PET/PML-V2.2a-MODIS_PET_2014.nc" [1]
2026-10-02 08:10:25 URL: ftp://ftp2.tpdc.ac.cn:6201/PML/V2.2a-MODIS/8-day/PET/PML-V2.2a-MODIS_PET_2013.nc [102254031] -> "/glade/derecho/scratch/bbuchovecky/pml-v2.2/V2.2a-MODIS/8-day/PET/PML-V2.2a-MODIS_PET_2013.nc" [1]
2026-10-02 08:20:44 URL: ftp://ftp2.tpdc.ac.cn:6201/PML/V2.2a-MODIS/8-day/PET/PML-V2.2a-MODIS_PET_2015.nc [104154715] -> "/glade/derecho/scratch/bbuchovecky/pml-v2.2/V2.2a-MODIS/8-day/PET/PML-V2.2a-MODIS_PET_2015.nc" [1]
2026-10-02 08:55:09 URL: ftp://ftp3.tpdc.ac.cn:6201/PML/V2.2a-MODIS/8-day/PET/PML-V2.2a-MODIS_PET_2016.nc [102433210] -> "/glade/derecho/scratch/bbuchovecky/pml-v2.2/V2.2a-MODIS/8-day/PET/PML-V2.2a-MODIS_PET_2016.nc" [1]
2026-10-02 09:12:59 URL: ftp://ftp3.tpdc.ac.cn:6201/PML/V2.2a-MODIS/8-day/PET/PML-V2.2a-MODIS_PET_2018.nc [102391204] -> "/glade/derecho/scratch/bbuchovecky/pml-v2.2/V2.2a-MODIS/8-day/PET/PML-V2.2a-MODIS_PET_2018.nc" [1]
2026-10-02 09:14:33 URL: ftp://ftp2.tpdc.ac.cn:6201/PML/V2.2a-MODIS/8-day/PET/PML-V2.2a-MODIS_PET_2017.nc [102602976] -> "/glade/derecho/scratch/bbuchovecky/pml-v2.2/V2.2a-MODIS/8-day/PET/PML-V2.2a-MODIS_PET_2017.nc" [1]
2026-10-02 09:15:34 URL: ftp://ftp2.tpdc.ac.cn:6201/PML/V2.2a-MODIS/8-day/PET/PML-V2.2a-MODIS_PET_2019.nc [102846499] -> "/glade/derecho/scratch/bbuchovecky/pml-v2.2/V2.2a-MODIS/8-day/PET/PML-V2.2a-MODIS_PET_2019.nc" [1]
2026-10-02 09:18:49 URL: ftp://ftp3.tpdc.ac.cn:6201/PML/V2.2a-MODIS/8-day/PET/PML-V2.2a-MODIS_PET_2020.nc [106504543] -> "/glade/derecho/scratch/bbuchovecky/pml-v2.2/V2.2a-MODIS/8-day/PET/PML-V2.2a-MODIS_PET_2020.nc" [1]
2026-10-02 09:19:01 URL: ftp://ftp3.tpdc.ac.cn:6201/PML/V2.2a-MODIS/8-day/PET/PML-V2.2a-MODIS_PET_2022.nc [103036337] -> "/glade/derecho/scratch/bbuchovecky/pml-v2.2/V2.2a-MODIS/8-day/PET/PML-V2.2a-MODIS_PET_2022.nc" [1]
2026-10-02 09:19:47 URL: ftp://ftp2.tpdc.ac.cn:6201/PML/V2.2a-MODIS/8-day/PET/PML-V2.2a-MODIS_PET_2021.nc [104295542] -> "/glade/derecho/scratch/bbuchovecky/pml-v2.2/V2.2a-MODIS/8-day/PET/PML-V2.2a-MODIS_PET_2021.nc" [1]
2026-10-02 09:32:17 URL: ftp://ftp2.tpdc.ac.cn:6201/PML/V2.2a-MODIS/8-day/PET/PML-V2.2a-MODIS_PET_2023.nc [103180254] -> "/glade/derecho/scratch/bbuchovecky/pml-v2.2/V2.2a-MODIS/8-day/PET/PML-V2.2a-MODIS_PET_2023.nc" [1]
2026-10-02 10:15:21 URL: ftp://ftp3.tpdc.ac.cn:6201/PML/V2.2a-MODIS/8-day/PET/PML-V2.2a-MODIS_PET_2024.nc [103193279] -> "/glade/derecho/scratch/bbuchovecky/pml-v2.2/V2.2a-MODIS/8-day/PET/PML-V2.2a-MODIS_PET_2024.nc" [1]
2026-10-02 10:31:58 URL: ftp://ftp2.tpdc.ac.cn:6201/PML/V2.2a-MODIS/8-day/GPP/PML-V2.2a-MODIS_GPP_2000.nc [90547177] -> "/glade/derecho/scratch/bbuchovecky/pml-v2.2/V2.2a-MODIS/8-day/GPP/PML-V2.2a-MODIS_GPP_2000.nc" [1]
2026-10-02 10:32:08 URL: ftp://ftp3.tpdc.ac.cn:6201/PML/V2.2a-MODIS/8-day/GPP/PML-V2.2a-MODIS_GPP_2001.nc [102175790] -> "/glade/derecho/scratch/bbuchovecky/pml-v2.2/V2.2a-MODIS/8-day/GPP/PML-V2.2a-MODIS_GPP_2001.nc" [1]
2026-10-02 10:52:10 URL: ftp://ftp2.tpdc.ac.cn:6201/PML/V2.2a-MODIS/8-day/GPP/PML-V2.2a-MODIS_GPP_2002.nc [105463411] -> "/glade/derecho/scratch/bbuchovecky/pml-v2.2/V2.2a-MODIS/8-day/GPP/PML-V2.2a-MODIS_GPP_2002.nc" [1]
2026-10-02 11:16:55 URL: ftp://ftp3.tpdc.ac.cn:6201/PML/V2.2a-MODIS/8-day/GPP/PML-V2.2a-MODIS_GPP_2007.nc [102539035] -> "/glade/derecho/scratch/bbuchovecky/pml-v2.2/V2.2a-MODIS/8-day/GPP/PML-V2.2a-MODIS_GPP_2007.nc" [1]
2026-10-02 11:35:14 URL: ftp://ftp3.tpdc.ac.cn:6201/PML/V2.2a-MODIS/8-day/GPP/PML-V2.2a-MODIS_GPP_2009.nc [105000718] -> "/glade/derecho/scratch/bbuchovecky/pml-v2.2/V2.2a-MODIS/8-day/GPP/PML-V2.2a-MODIS_GPP_2009.nc" [1]
2026-10-02 11:40:09 URL: ftp://ftp2.tpdc.ac.cn:6201/PML/V2.2a-MODIS/8-day/GPP/PML-V2.2a-MODIS_GPP_2008.nc [102200165] -> "/glade/derecho/scratch/bbuchovecky/pml-v2.2/V2.2a-MODIS/8-day/GPP/PML-V2.2a-MODIS_GPP_2008.nc" [1]
2026-10-02 11:47:25 URL: ftp://ftp2.tpdc.ac.cn:6201/PML/V2.2a-MODIS/8-day/GPP/PML-V2.2a-MODIS_GPP_2004.nc [104245289] -> "/glade/derecho/scratch/bbuchovecky/pml-v2.2/V2.2a-MODIS/8-day/GPP/PML-V2.2a-MODIS_GPP_2004.nc" [1]
2026-10-02 11:55:14 URL: ftp://ftp2.tpdc.ac.cn:6201/PML/V2.2a-MODIS/8-day/GPP/PML-V2.2a-MODIS_GPP_2010.nc [102687647] -> "/glade/derecho/scratch/bbuchovecky/pml-v2.2/V2.2a-MODIS/8-day/GPP/PML-V2.2a-MODIS_GPP_2010.nc" [1]
2026-10-02 12:17:04 URL: ftp://ftp3.tpdc.ac.cn:6201/PML/V2.2a-MODIS/8-day/GPP/PML-V2.2a-MODIS_GPP_2011.nc [102934353] -> "/glade/derecho/scratch/bbuchovecky/pml-v2.2/V2.2a-MODIS/8-day/GPP/PML-V2.2a-MODIS_GPP_2011.nc" [1]
2026-10-02 12:17:21 URL: ftp://ftp3.tpdc.ac.cn:6201/PML/V2.2a-MODIS/8-day/GPP/PML-V2.2a-MODIS_GPP_2005.nc [102089999] -> "/glade/derecho/scratch/bbuchovecky/pml-v2.2/V2.2a-MODIS/8-day/GPP/PML-V2.2a-MODIS_GPP_2005.nc" [1]
2026-10-02 12:35:58 URL: ftp://ftp2.tpdc.ac.cn:6201/PML/V2.2a-MODIS/8-day/GPP/PML-V2.2a-MODIS_GPP_2012.nc [102859406] -> "/glade/derecho/scratch/bbuchovecky/pml-v2.2/V2.2a-MODIS/8-day/GPP/PML-V2.2a-MODIS_GPP_2012.nc" [1]
2026-10-02 12:41:58 URL: ftp://ftp3.tpdc.ac.cn:6201/PML/V2.2a-MODIS/8-day/GPP/PML-V2.2a-MODIS_GPP_2013.nc [106510252] -> "/glade/derecho/scratch/bbuchovecky/pml-v2.2/V2.2a-MODIS/8-day/GPP/PML-V2.2a-MODIS_GPP_2013.nc" [1]
2026-10-02 12:45:43 URL: ftp://ftp3.tpdc.ac.cn:6201/PML/V2.2a-MODIS/8-day/GPP/PML-V2.2a-MODIS_GPP_2003.nc [103635324] -> "/glade/derecho/scratch/bbuchovecky/pml-v2.2/V2.2a-MODIS/8-day/GPP/PML-V2.2a-MODIS_GPP_2003.nc" [1]
2026-10-02 12:46:14 URL: ftp://ftp2.tpdc.ac.cn:6201/PML/V2.2a-MODIS/8-day/GPP/PML-V2.2a-MODIS_GPP_2014.nc [103883134] -> "/glade/derecho/scratch/bbuchovecky/pml-v2.2/V2.2a-MODIS/8-day/GPP/PML-V2.2a-MODIS_GPP_2014.nc" [1]
2026-10-02 12:52:53 URL: ftp://ftp3.tpdc.ac.cn:6201/PML/V2.2a-MODIS/8-day/GPP/PML-V2.2a-MODIS_GPP_2015.nc [103145228] -> "/glade/derecho/scratch/bbuchovecky/pml-v2.2/V2.2a-MODIS/8-day/GPP/PML-V2.2a-MODIS_GPP_2015.nc" [1]
2026-10-02 13:15:50 URL: ftp://ftp3.tpdc.ac.cn:6201/PML/V2.2a-MODIS/8-day/GPP/PML-V2.2a-MODIS_GPP_2017.nc [103158196] -> "/glade/derecho/scratch/bbuchovecky/pml-v2.2/V2.2a-MODIS/8-day/GPP/PML-V2.2a-MODIS_GPP_2017.nc" [1]
2026-10-02 13:17:10 URL: ftp://ftp2.tpdc.ac.cn:6201/PML/V2.2a-MODIS/8-day/GPP/PML-V2.2a-MODIS_GPP_2016.nc [105304112] -> "/glade/derecho/scratch/bbuchovecky/pml-v2.2/V2.2a-MODIS/8-day/GPP/PML-V2.2a-MODIS_GPP_2016.nc" [1]
2026-10-02 13:33:57 URL: ftp://ftp2.tpdc.ac.cn:6201/PML/V2.2a-MODIS/8-day/GPP/PML-V2.2a-MODIS_GPP_2018.nc [102922400] -> "/glade/derecho/scratch/bbuchovecky/pml-v2.2/V2.2a-MODIS/8-day/GPP/PML-V2.2a-MODIS_GPP_2018.nc" [1]
2026-10-02 13:42:22 URL: ftp://ftp3.tpdc.ac.cn:6201/PML/V2.2a-MODIS/8-day/GPP/PML-V2.2a-MODIS_GPP_2019.nc [106050980] -> "/glade/derecho/scratch/bbuchovecky/pml-v2.2/V2.2a-MODIS/8-day/GPP/PML-V2.2a-MODIS_GPP_2019.nc" [1]
2026-10-02 13:47:01 URL: ftp://ftp3.tpdc.ac.cn:6201/PML/V2.2a-MODIS/monthly/ET/PML-V2.2a-MODIS_ET_2000.nc [22472679] -> "/glade/derecho/scratch/bbuchovecky/pml-v2.2/V2.2a-MODIS/monthly/ET/PML-V2.2a-MODIS_ET_2000.nc" [1]
2026-10-02 13:48:04 URL: ftp://ftp2.tpdc.ac.cn:6201/PML/V2.2a-MODIS/8-day/GPP/PML-V2.2a-MODIS_GPP_2020.nc [104557048] -> "/glade/derecho/scratch/bbuchovecky/pml-v2.2/V2.2a-MODIS/8-day/GPP/PML-V2.2a-MODIS_GPP_2020.nc" [1]
2026-10-02 13:48:21 URL: ftp://ftp3.tpdc.ac.cn:6201/PML/V2.2a-MODIS/8-day/GPP/PML-V2.2a-MODIS_GPP_2021.nc [105061300] -> "/glade/derecho/scratch/bbuchovecky/pml-v2.2/V2.2a-MODIS/8-day/GPP/PML-V2.2a-MODIS_GPP_2021.nc" [1]
2026-10-02 13:49:58 URL: ftp://ftp2.tpdc.ac.cn:6201/PML/V2.2a-MODIS/8-day/GPP/PML-V2.2a-MODIS_GPP_2022.nc [105934137] -> "/glade/derecho/scratch/bbuchovecky/pml-v2.2/V2.2a-MODIS/8-day/GPP/PML-V2.2a-MODIS_GPP_2022.nc" [1]
2026-10-02 13:58:25 URL: ftp://ftp2.tpdc.ac.cn:6201/PML/V2.2a-MODIS/monthly/ET/PML-V2.2a-MODIS_ET_2001.nc [25887115] -> "/glade/derecho/scratch/bbuchovecky/pml-v2.2/V2.2a-MODIS/monthly/ET/PML-V2.2a-MODIS_ET_2001.nc" [1]
2026-10-02 14:02:54 URL: ftp://ftp3.tpdc.ac.cn:6201/PML/V2.2a-MODIS/monthly/ET/PML-V2.2a-MODIS_ET_2002.nc [26098641] -> "/glade/derecho/scratch/bbuchovecky/pml-v2.2/V2.2a-MODIS/monthly/ET/PML-V2.2a-MODIS_ET_2002.nc" [1]
2026-10-02 14:03:13 URL: ftp://ftp3.tpdc.ac.cn:6201/PML/V2.2a-MODIS/monthly/ET/PML-V2.2a-MODIS_ET_2004.nc [26031333] -> "/glade/derecho/scratch/bbuchovecky/pml-v2.2/V2.2a-MODIS/monthly/ET/PML-V2.2a-MODIS_ET_2004.nc" [1]
2026-10-02 14:03:31 URL: ftp://ftp2.tpdc.ac.cn:6201/PML/V2.2a-MODIS/monthly/ET/PML-V2.2a-MODIS_ET_2003.nc [26134641] -> "/glade/derecho/scratch/bbuchovecky/pml-v2.2/V2.2a-MODIS/monthly/ET/PML-V2.2a-MODIS_ET_2003.nc" [1]
2026-10-02 14:05:30 URL: ftp://ftp2.tpdc.ac.cn:6201/PML/V2.2a-MODIS/monthly/ET/PML-V2.2a-MODIS_ET_2005.nc [26147446] -> "/glade/derecho/scratch/bbuchovecky/pml-v2.2/V2.2a-MODIS/monthly/ET/PML-V2.2a-MODIS_ET_2005.nc" [1]
2026-10-02 14:11:44 URL: ftp://ftp3.tpdc.ac.cn:6201/PML/V2.2a-MODIS/8-day/GPP/PML-V2.2a-MODIS_GPP_2023.nc [103834136] -> "/glade/derecho/scratch/bbuchovecky/pml-v2.2/V2.2a-MODIS/8-day/GPP/PML-V2.2a-MODIS_GPP_2023.nc" [1]
2026-10-02 14:12:26 URL: ftp://ftp3.tpdc.ac.cn:6201/PML/V2.2a-MODIS/monthly/ET/PML-V2.2a-MODIS_ET_2006.nc [26159384] -> "/glade/derecho/scratch/bbuchovecky/pml-v2.2/V2.2a-MODIS/monthly/ET/PML-V2.2a-MODIS_ET_2006.nc" [1]
2026-10-02 14:15:34 URL: ftp://ftp2.tpdc.ac.cn:6201/PML/V2.2a-MODIS/8-day/GPP/PML-V2.2a-MODIS_GPP_2024.nc [104100714] -> "/glade/derecho/scratch/bbuchovecky/pml-v2.2/V2.2a-MODIS/8-day/GPP/PML-V2.2a-MODIS_GPP_2024.nc" [1]
2026-10-02 14:16:21 URL: ftp://ftp2.tpdc.ac.cn:6201/PML/V2.2a-MODIS/monthly/ET/PML-V2.2a-MODIS_ET_2007.nc [25954823] -> "/glade/derecho/scratch/bbuchovecky/pml-v2.2/V2.2a-MODIS/monthly/ET/PML-V2.2a-MODIS_ET_2007.nc" [1]
2026-10-02 14:17:27 URL: ftp://ftp3.tpdc.ac.cn:6201/PML/V2.2a-MODIS/monthly/ET/PML-V2.2a-MODIS_ET_2008.nc [25920981] -> "/glade/derecho/scratch/bbuchovecky/pml-v2.2/V2.2a-MODIS/monthly/ET/PML-V2.2a-MODIS_ET_2008.nc" [1]
2026-10-02 14:18:25 URL: ftp://ftp2.tpdc.ac.cn:6201/PML/V2.2a-MODIS/monthly/ET/PML-V2.2a-MODIS_ET_2009.nc [26128000] -> "/glade/derecho/scratch/bbuchovecky/pml-v2.2/V2.2a-MODIS/monthly/ET/PML-V2.2a-MODIS_ET_2009.nc" [1]
2026-10-02 14:21:16 URL: ftp://ftp3.tpdc.ac.cn:6201/PML/V2.2a-MODIS/monthly/ET/PML-V2.2a-MODIS_ET_2010.nc [26010323] -> "/glade/derecho/scratch/bbuchovecky/pml-v2.2/V2.2a-MODIS/monthly/ET/PML-V2.2a-MODIS_ET_2010.nc" [1]
2026-10-02 14:25:54 URL: ftp://ftp2.tpdc.ac.cn:6201/PML/V2.2a-MODIS/monthly/ET/PML-V2.2a-MODIS_ET_2011.nc [26013954] -> "/glade/derecho/scratch/bbuchovecky/pml-v2.2/V2.2a-MODIS/monthly/ET/PML-V2.2a-MODIS_ET_2011.nc" [1]
2026-10-02 14:26:18 URL: ftp://ftp3.tpdc.ac.cn:6201/PML/V2.2a-MODIS/monthly/ET/PML-V2.2a-MODIS_ET_2012.nc [26124456] -> "/glade/derecho/scratch/bbuchovecky/pml-v2.2/V2.2a-MODIS/monthly/ET/PML-V2.2a-MODIS_ET_2012.nc" [1]
2026-10-02 14:29:51 URL: ftp://ftp2.tpdc.ac.cn:6201/PML/V2.2a-MODIS/monthly/ET/PML-V2.2a-MODIS_ET_2013.nc [26062037] -> "/glade/derecho/scratch/bbuchovecky/pml-v2.2/V2.2a-MODIS/monthly/ET/PML-V2.2a-MODIS_ET_2013.nc" [1]
2026-10-02 14:30:30 URL: ftp://ftp3.tpdc.ac.cn:6201/PML/V2.2a-MODIS/monthly/ET/PML-V2.2a-MODIS_ET_2014.nc [26080480] -> "/glade/derecho/scratch/bbuchovecky/pml-v2.2/V2.2a-MODIS/monthly/ET/PML-V2.2a-MODIS_ET_2014.nc" [1]
2026-10-02 14:32:05 URL: ftp://ftp2.tpdc.ac.cn:6201/PML/V2.2a-MODIS/monthly/ET/PML-V2.2a-MODIS_ET_2015.nc [26261140] -> "/glade/derecho/scratch/bbuchovecky/pml-v2.2/V2.2a-MODIS/monthly/ET/PML-V2.2a-MODIS_ET_2015.nc" [1]
2026-10-02 14:33:25 URL: ftp://ftp3.tpdc.ac.cn:6201/PML/V2.2a-MODIS/monthly/ET/PML-V2.2a-MODIS_ET_2016.nc [26291831] -> "/glade/derecho/scratch/bbuchovecky/pml-v2.2/V2.2a-MODIS/monthly/ET/PML-V2.2a-MODIS_ET_2016.nc" [1]
2026-10-02 14:36:11 URL: ftp://ftp2.tpdc.ac.cn:6201/PML/V2.2a-MODIS/monthly/ET/PML-V2.2a-MODIS_ET_2017.nc [26128665] -> "/glade/derecho/scratch/bbuchovecky/pml-v2.2/V2.2a-MODIS/monthly/ET/PML-V2.2a-MODIS_ET_2017.nc" [1]
2026-10-02 14:41:10 URL: ftp://ftp2.tpdc.ac.cn:6201/PML/V2.2a-MODIS/monthly/ET/PML-V2.2a-MODIS_ET_2019.nc [26214000] -> "/glade/derecho/scratch/bbuchovecky/pml-v2.2/V2.2a-MODIS/monthly/ET/PML-V2.2a-MODIS_ET_2019.nc" [1]
2026-10-02 14:41:27 URL: ftp://ftp3.tpdc.ac.cn:6201/PML/V2.2a-MODIS/monthly/ET/PML-V2.2a-MODIS_ET_2018.nc [26273076] -> "/glade/derecho/scratch/bbuchovecky/pml-v2.2/V2.2a-MODIS/monthly/ET/PML-V2.2a-MODIS_ET_2018.nc" [1]
2026-10-02 14:44:55 URL: ftp://ftp3.tpdc.ac.cn:6201/PML/V2.2a-MODIS/monthly/ET/PML-V2.2a-MODIS_ET_2020.nc [26205921] -> "/glade/derecho/scratch/bbuchovecky/pml-v2.2/V2.2a-MODIS/monthly/ET/PML-V2.2a-MODIS_ET_2020.nc" [1]
2026-10-02 14:46:14 URL: ftp://ftp2.tpdc.ac.cn:6201/PML/V2.2a-MODIS/monthly/ET/PML-V2.2a-MODIS_ET_2021.nc [26242740] -> "/glade/derecho/scratch/bbuchovecky/pml-v2.2/V2.2a-MODIS/monthly/ET/PML-V2.2a-MODIS_ET_2021.nc" [1]
2026-10-02 14:46:54 URL: ftp://ftp3.tpdc.ac.cn:6201/PML/V2.2a-MODIS/monthly/ET/PML-V2.2a-MODIS_ET_2022.nc [26246677] -> "/glade/derecho/scratch/bbuchovecky/pml-v2.2/V2.2a-MODIS/monthly/ET/PML-V2.2a-MODIS_ET_2022.nc" [1]
2026-10-02 14:48:33 URL: ftp://ftp2.tpdc.ac.cn:6201/PML/V2.2a-MODIS/monthly/ET/PML-V2.2a-MODIS_ET_2023.nc [26514453] -> "/glade/derecho/scratch/bbuchovecky/pml-v2.2/V2.2a-MODIS/monthly/ET/PML-V2.2a-MODIS_ET_2023.nc" [1]
2026-10-02 14:50:17 URL: ftp://ftp3.tpdc.ac.cn:6201/PML/V2.2a-MODIS/monthly/ET/PML-V2.2a-MODIS_ET_2024.nc [26552664] -> "/glade/derecho/scratch/bbuchovecky/pml-v2.2/V2.2a-MODIS/monthly/ET/PML-V2.2a-MODIS_ET_2024.nc" [1]
2026-10-02 14:52:03 URL: ftp://ftp2.tpdc.ac.cn:6201/PML/V2.2a-MODIS/monthly/Ec/PML-V2.2a-MODIS_Ec_2000.nc [18864732] -> "/glade/derecho/scratch/bbuchovecky/pml-v2.2/V2.2a-MODIS/monthly/Ec/PML-V2.2a-MODIS_Ec_2000.nc" [1]
2026-10-02 14:53:15 URL: ftp://ftp3.tpdc.ac.cn:6201/PML/V2.2a-MODIS/monthly/Ec/PML-V2.2a-MODIS_Ec_2001.nc [21518860] -> "/glade/derecho/scratch/bbuchovecky/pml-v2.2/V2.2a-MODIS/monthly/Ec/PML-V2.2a-MODIS_Ec_2001.nc" [1]
2026-10-02 14:56:09 URL: ftp://ftp2.tpdc.ac.cn:6201/PML/V2.2a-MODIS/monthly/Ec/PML-V2.2a-MODIS_Ec_2002.nc [21500384] -> "/glade/derecho/scratch/bbuchovecky/pml-v2.2/V2.2a-MODIS/monthly/Ec/PML-V2.2a-MODIS_Ec_2002.nc" [1]
2026-10-02 14:57:56 URL: ftp://ftp3.tpdc.ac.cn:6201/PML/V2.2a-MODIS/monthly/Ec/PML-V2.2a-MODIS_Ec_2003.nc [21463280] -> "/glade/derecho/scratch/bbuchovecky/pml-v2.2/V2.2a-MODIS/monthly/Ec/PML-V2.2a-MODIS_Ec_2003.nc" [1]
2026-10-02 14:58:36 URL: ftp://ftp2.tpdc.ac.cn:6201/PML/V2.2a-MODIS/monthly/Ec/PML-V2.2a-MODIS_Ec_2004.nc [21452732] -> "/glade/derecho/scratch/bbuchovecky/pml-v2.2/V2.2a-MODIS/monthly/Ec/PML-V2.2a-MODIS_Ec_2004.nc" [1]
2026-10-02 15:00:09 URL: ftp://ftp3.tpdc.ac.cn:6201/PML/V2.2a-MODIS/monthly/Ec/PML-V2.2a-MODIS_Ec_2005.nc [21566250] -> "/glade/derecho/scratch/bbuchovecky/pml-v2.2/V2.2a-MODIS/monthly/Ec/PML-V2.2a-MODIS_Ec_2005.nc" [1]
2026-10-02 15:02:14 URL: ftp://ftp2.tpdc.ac.cn:6201/PML/V2.2a-MODIS/monthly/Ec/PML-V2.2a-MODIS_Ec_2006.nc [21551544] -> "/glade/derecho/scratch/bbuchovecky/pml-v2.2/V2.2a-MODIS/monthly/Ec/PML-V2.2a-MODIS_Ec_2006.nc" [1]
2026-10-02 15:04:32 URL: ftp://ftp3.tpdc.ac.cn:6201/PML/V2.2a-MODIS/monthly/Ec/PML-V2.2a-MODIS_Ec_2007.nc [21643220] -> "/glade/derecho/scratch/bbuchovecky/pml-v2.2/V2.2a-MODIS/monthly/Ec/PML-V2.2a-MODIS_Ec_2007.nc" [1]
2026-10-02 15:05:53 URL: ftp://ftp2.tpdc.ac.cn:6201/PML/V2.2a-MODIS/monthly/Ec/PML-V2.2a-MODIS_Ec_2008.nc [21464474] -> "/glade/derecho/scratch/bbuchovecky/pml-v2.2/V2.2a-MODIS/monthly/Ec/PML-V2.2a-MODIS_Ec_2008.nc" [1]
2026-10-02 15:07:52 URL: ftp://ftp3.tpdc.ac.cn:6201/PML/V2.2a-MODIS/monthly/Ec/PML-V2.2a-MODIS_Ec_2009.nc [21411207] -> "/glade/derecho/scratch/bbuchovecky/pml-v2.2/V2.2a-MODIS/monthly/Ec/PML-V2.2a-MODIS_Ec_2009.nc" [1]
2026-10-02 15:10:10 URL: ftp://ftp3.tpdc.ac.cn:6201/PML/V2.2a-MODIS/monthly/Ec/PML-V2.2a-MODIS_Ec_2011.nc [21620400] -> "/glade/derecho/scratch/bbuchovecky/pml-v2.2/V2.2a-MODIS/monthly/Ec/PML-V2.2a-MODIS_Ec_2011.nc" [1]
2026-10-02 15:10:13 URL: ftp://ftp2.tpdc.ac.cn:6201/PML/V2.2a-MODIS/monthly/Ec/PML-V2.2a-MODIS_Ec_2010.nc [21557810] -> "/glade/derecho/scratch/bbuchovecky/pml-v2.2/V2.2a-MODIS/monthly/Ec/PML-V2.2a-MODIS_Ec_2010.nc" [1]
2026-10-02 15:12:28 URL: ftp://ftp2.tpdc.ac.cn:6201/PML/V2.2a-MODIS/monthly/Ec/PML-V2.2a-MODIS_Ec_2012.nc [21629360] -> "/glade/derecho/scratch/bbuchovecky/pml-v2.2/V2.2a-MODIS/monthly/Ec/PML-V2.2a-MODIS_Ec_2012.nc" [1]
2026-10-02 15:13:43 URL: ftp://ftp3.tpdc.ac.cn:6201/PML/V2.2a-MODIS/monthly/Ec/PML-V2.2a-MODIS_Ec_2013.nc [21473581] -> "/glade/derecho/scratch/bbuchovecky/pml-v2.2/V2.2a-MODIS/monthly/Ec/PML-V2.2a-MODIS_Ec_2013.nc" [1]
2026-10-02 15:16:58 URL: ftp://ftp2.tpdc.ac.cn:6201/PML/V2.2a-MODIS/monthly/Ec/PML-V2.2a-MODIS_Ec_2014.nc [21577893] -> "/glade/derecho/scratch/bbuchovecky/pml-v2.2/V2.2a-MODIS/monthly/Ec/PML-V2.2a-MODIS_Ec_2014.nc" [1]
2026-10-02 15:18:25 URL: ftp://ftp3.tpdc.ac.cn:6201/PML/V2.2a-MODIS/monthly/Ec/PML-V2.2a-MODIS_Ec_2015.nc [21686310] -> "/glade/derecho/scratch/bbuchovecky/pml-v2.2/V2.2a-MODIS/monthly/Ec/PML-V2.2a-MODIS_Ec_2015.nc" [1]
2026-10-02 15:20:37 URL: ftp://ftp2.tpdc.ac.cn:6201/PML/V2.2a-MODIS/monthly/Ec/PML-V2.2a-MODIS_Ec_2016.nc [21798158] -> "/glade/derecho/scratch/bbuchovecky/pml-v2.2/V2.2a-MODIS/monthly/Ec/PML-V2.2a-MODIS_Ec_2016.nc" [1]
2026-10-02 15:21:43 URL: ftp://ftp3.tpdc.ac.cn:6201/PML/V2.2a-MODIS/monthly/Ec/PML-V2.2a-MODIS_Ec_2017.nc [21589836] -> "/glade/derecho/scratch/bbuchovecky/pml-v2.2/V2.2a-MODIS/monthly/Ec/PML-V2.2a-MODIS_Ec_2017.nc" [1]
2026-10-02 15:23:08 URL: ftp://ftp2.tpdc.ac.cn:6201/PML/V2.2a-MODIS/monthly/Ec/PML-V2.2a-MODIS_Ec_2018.nc [21489943] -> "/glade/derecho/scratch/bbuchovecky/pml-v2.2/V2.2a-MODIS/monthly/Ec/PML-V2.2a-MODIS_Ec_2018.nc" [1]
2026-10-02 15:24:21 URL: ftp://ftp3.tpdc.ac.cn:6201/PML/V2.2a-MODIS/monthly/Ec/PML-V2.2a-MODIS_Ec_2019.nc [21607651] -> "/glade/derecho/scratch/bbuchovecky/pml-v2.2/V2.2a-MODIS/monthly/Ec/PML-V2.2a-MODIS_Ec_2019.nc" [1]
2026-10-02 15:25:08 URL: ftp://ftp2.tpdc.ac.cn:6201/PML/V2.2a-MODIS/monthly/Ec/PML-V2.2a-MODIS_Ec_2020.nc [21856113] -> "/glade/derecho/scratch/bbuchovecky/pml-v2.2/V2.2a-MODIS/monthly/Ec/PML-V2.2a-MODIS_Ec_2020.nc" [1]
2026-10-02 15:28:49 URL: ftp://ftp3.tpdc.ac.cn:6201/PML/V2.2a-MODIS/monthly/Ec/PML-V2.2a-MODIS_Ec_2021.nc [21680487] -> "/glade/derecho/scratch/bbuchovecky/pml-v2.2/V2.2a-MODIS/monthly/Ec/PML-V2.2a-MODIS_Ec_2021.nc" [1]
2026-10-02 15:30:31 URL: ftp://ftp2.tpdc.ac.cn:6201/PML/V2.2a-MODIS/monthly/Ec/PML-V2.2a-MODIS_Ec_2022.nc [21583190] -> "/glade/derecho/scratch/bbuchovecky/pml-v2.2/V2.2a-MODIS/monthly/Ec/PML-V2.2a-MODIS_Ec_2022.nc" [1]
2026-10-02 15:32:41 URL: ftp://ftp3.tpdc.ac.cn:6201/PML/V2.2a-MODIS/monthly/Ec/PML-V2.2a-MODIS_Ec_2023.nc [21819250] -> "/glade/derecho/scratch/bbuchovecky/pml-v2.2/V2.2a-MODIS/monthly/Ec/PML-V2.2a-MODIS_Ec_2023.nc" [1]
2026-10-02 15:34:14 URL: ftp://ftp3.tpdc.ac.cn:6201/PML/V2.2a-MODIS/monthly/Es/PML-V2.2a-MODIS_Es_2000.nc [19742559] -> "/glade/derecho/scratch/bbuchovecky/pml-v2.2/V2.2a-MODIS/monthly/Es/PML-V2.2a-MODIS_Es_2000.nc" [1]
2026-10-02 15:34:24 URL: ftp://ftp2.tpdc.ac.cn:6201/PML/V2.2a-MODIS/monthly/Ec/PML-V2.2a-MODIS_Ec_2024.nc [21787381] -> "/glade/derecho/scratch/bbuchovecky/pml-v2.2/V2.2a-MODIS/monthly/Ec/PML-V2.2a-MODIS_Ec_2024.nc" [1]
2026-10-02 15:37:20 URL: ftp://ftp2.tpdc.ac.cn:6201/PML/V2.2a-MODIS/monthly/Es/PML-V2.2a-MODIS_Es_2001.nc [22475515] -> "/glade/derecho/scratch/bbuchovecky/pml-v2.2/V2.2a-MODIS/monthly/Es/PML-V2.2a-MODIS_Es_2001.nc" [1]
2026-10-02 15:37:54 URL: ftp://ftp3.tpdc.ac.cn:6201/PML/V2.2a-MODIS/monthly/Es/PML-V2.2a-MODIS_Es_2002.nc [22591954] -> "/glade/derecho/scratch/bbuchovecky/pml-v2.2/V2.2a-MODIS/monthly/Es/PML-V2.2a-MODIS_Es_2002.nc" [1]
2026-10-02 15:41:40 URL: ftp://ftp2.tpdc.ac.cn:6201/PML/V2.2a-MODIS/monthly/Es/PML-V2.2a-MODIS_Es_2003.nc [22723205] -> "/glade/derecho/scratch/bbuchovecky/pml-v2.2/V2.2a-MODIS/monthly/Es/PML-V2.2a-MODIS_Es_2003.nc" [1]
2026-10-02 15:42:09 URL: ftp://ftp3.tpdc.ac.cn:6201/PML/V2.2a-MODIS/monthly/Es/PML-V2.2a-MODIS_Es_2004.nc [22543957] -> "/glade/derecho/scratch/bbuchovecky/pml-v2.2/V2.2a-MODIS/monthly/Es/PML-V2.2a-MODIS_Es_2004.nc" [1]
2026-10-02 15:45:39 URL: ftp://ftp2.tpdc.ac.cn:6201/PML/V2.2a-MODIS/monthly/Es/PML-V2.2a-MODIS_Es_2005.nc [22669388] -> "/glade/derecho/scratch/bbuchovecky/pml-v2.2/V2.2a-MODIS/monthly/Es/PML-V2.2a-MODIS_Es_2005.nc" [1]
2026-10-02 15:46:44 URL: ftp://ftp2.tpdc.ac.cn:6201/PML/V2.2a-MODIS/monthly/Es/PML-V2.2a-MODIS_Es_2007.nc [22388804] -> "/glade/derecho/scratch/bbuchovecky/pml-v2.2/V2.2a-MODIS/monthly/Es/PML-V2.2a-MODIS_Es_2007.nc" [1]
2026-10-02 15:46:56 URL: ftp://ftp3.tpdc.ac.cn:6201/PML/V2.2a-MODIS/monthly/Es/PML-V2.2a-MODIS_Es_2006.nc [22690433] -> "/glade/derecho/scratch/bbuchovecky/pml-v2.2/V2.2a-MODIS/monthly/Es/PML-V2.2a-MODIS_Es_2006.nc" [1]
2026-10-02 15:50:11 URL: ftp://ftp3.tpdc.ac.cn:6201/PML/V2.2a-MODIS/monthly/Es/PML-V2.2a-MODIS_Es_2008.nc [22374707] -> "/glade/derecho/scratch/bbuchovecky/pml-v2.2/V2.2a-MODIS/monthly/Es/PML-V2.2a-MODIS_Es_2008.nc" [1]
2026-10-02 15:51:10 URL: ftp://ftp2.tpdc.ac.cn:6201/PML/V2.2a-MODIS/monthly/Es/PML-V2.2a-MODIS_Es_2009.nc [22767053] -> "/glade/derecho/scratch/bbuchovecky/pml-v2.2/V2.2a-MODIS/monthly/Es/PML-V2.2a-MODIS_Es_2009.nc" [1]
2026-10-02 15:53:14 URL: ftp://ftp3.tpdc.ac.cn:6201/PML/V2.2a-MODIS/monthly/Es/PML-V2.2a-MODIS_Es_2010.nc [22666240] -> "/glade/derecho/scratch/bbuchovecky/pml-v2.2/V2.2a-MODIS/monthly/Es/PML-V2.2a-MODIS_Es_2010.nc" [1]
2026-10-02 15:54:43 URL: ftp://ftp2.tpdc.ac.cn:6201/PML/V2.2a-MODIS/monthly/Es/PML-V2.2a-MODIS_Es_2011.nc [22468280] -> "/glade/derecho/scratch/bbuchovecky/pml-v2.2/V2.2a-MODIS/monthly/Es/PML-V2.2a-MODIS_Es_2011.nc" [1]
2026-10-02 15:58:17 URL: ftp://ftp3.tpdc.ac.cn:6201/PML/V2.2a-MODIS/monthly/Es/PML-V2.2a-MODIS_Es_2012.nc [22567431] -> "/glade/derecho/scratch/bbuchovecky/pml-v2.2/V2.2a-MODIS/monthly/Es/PML-V2.2a-MODIS_Es_2012.nc" [1]
2026-10-02 15:58:44 URL: ftp://ftp3.tpdc.ac.cn:6201/PML/V2.2a-MODIS/monthly/Es/PML-V2.2a-MODIS_Es_2014.nc [22771034] -> "/glade/derecho/scratch/bbuchovecky/pml-v2.2/V2.2a-MODIS/monthly/Es/PML-V2.2a-MODIS_Es_2014.nc" [1]
2026-10-02 15:58:58 URL: ftp://ftp2.tpdc.ac.cn:6201/PML/V2.2a-MODIS/monthly/Es/PML-V2.2a-MODIS_Es_2013.nc [22605561] -> "/glade/derecho/scratch/bbuchovecky/pml-v2.2/V2.2a-MODIS/monthly/Es/PML-V2.2a-MODIS_Es_2013.nc" [1]
2026-10-02 16:02:38 URL: ftp://ftp2.tpdc.ac.cn:6201/PML/V2.2a-MODIS/monthly/Es/PML-V2.2a-MODIS_Es_2015.nc [22930421] -> "/glade/derecho/scratch/bbuchovecky/pml-v2.2/V2.2a-MODIS/monthly/Es/PML-V2.2a-MODIS_Es_2015.nc" [1]
2026-10-02 16:02:55 URL: ftp://ftp3.tpdc.ac.cn:6201/PML/V2.2a-MODIS/monthly/Es/PML-V2.2a-MODIS_Es_2016.nc [22899591] -> "/glade/derecho/scratch/bbuchovecky/pml-v2.2/V2.2a-MODIS/monthly/Es/PML-V2.2a-MODIS_Es_2016.nc" [1]
2026-10-02 16:05:15 URL: ftp://ftp2.tpdc.ac.cn:6201/PML/V2.2a-MODIS/monthly/Es/PML-V2.2a-MODIS_Es_2017.nc [22585270] -> "/glade/derecho/scratch/bbuchovecky/pml-v2.2/V2.2a-MODIS/monthly/Es/PML-V2.2a-MODIS_Es_2017.nc" [1]
2026-10-02 16:06:57 URL: ftp://ftp3.tpdc.ac.cn:6201/PML/V2.2a-MODIS/monthly/Es/PML-V2.2a-MODIS_Es_2018.nc [22798263] -> "/glade/derecho/scratch/bbuchovecky/pml-v2.2/V2.2a-MODIS/monthly/Es/PML-V2.2a-MODIS_Es_2018.nc" [1]
2026-10-02 16:11:01 URL: ftp://ftp2.tpdc.ac.cn:6201/PML/V2.2a-MODIS/monthly/Es/PML-V2.2a-MODIS_Es_2019.nc [22612966] -> "/glade/derecho/scratch/bbuchovecky/pml-v2.2/V2.2a-MODIS/monthly/Es/PML-V2.2a-MODIS_Es_2019.nc" [1]
2026-10-02 16:11:30 URL: ftp://ftp2.tpdc.ac.cn:6201/PML/V2.2a-MODIS/monthly/Es/PML-V2.2a-MODIS_Es_2021.nc [22729858] -> "/glade/derecho/scratch/bbuchovecky/pml-v2.2/V2.2a-MODIS/monthly/Es/PML-V2.2a-MODIS_Es_2021.nc" [1]
2026-10-02 16:11:48 URL: ftp://ftp3.tpdc.ac.cn:6201/PML/V2.2a-MODIS/monthly/Es/PML-V2.2a-MODIS_Es_2020.nc [22548464] -> "/glade/derecho/scratch/bbuchovecky/pml-v2.2/V2.2a-MODIS/monthly/Es/PML-V2.2a-MODIS_Es_2020.nc" [1]
2026-10-02 16:13:45 URL: ftp://ftp2.tpdc.ac.cn:6201/PML/V2.2a-MODIS/monthly/Ei/PML-V2.2a-MODIS_Ei_2000.nc [12802969] -> "/glade/derecho/scratch/bbuchovecky/pml-v2.2/V2.2a-MODIS/monthly/Ei/PML-V2.2a-MODIS_Ei_2000.nc" [1]
2026-10-02 16:14:47 URL: ftp://ftp3.tpdc.ac.cn:6201/PML/V2.2a-MODIS/monthly/Es/PML-V2.2a-MODIS_Es_2022.nc [22851931] -> "/glade/derecho/scratch/bbuchovecky/pml-v2.2/V2.2a-MODIS/monthly/Es/PML-V2.2a-MODIS_Es_2022.nc" [1]
2026-10-02 16:15:27 URL: ftp://ftp2.tpdc.ac.cn:6201/PML/V2.2a-MODIS/monthly/Es/PML-V2.2a-MODIS_Es_2023.nc [22911095] -> "/glade/derecho/scratch/bbuchovecky/pml-v2.2/V2.2a-MODIS/monthly/Es/PML-V2.2a-MODIS_Es_2023.nc" [1]
2026-10-02 16:16:48 URL: ftp://ftp3.tpdc.ac.cn:6201/PML/V2.2a-MODIS/monthly/Es/PML-V2.2a-MODIS_Es_2024.nc [23016582] -> "/glade/derecho/scratch/bbuchovecky/pml-v2.2/V2.2a-MODIS/monthly/Es/PML-V2.2a-MODIS_Es_2024.nc" [1]
2026-10-02 16:18:47 URL: ftp://ftp3.tpdc.ac.cn:6201/PML/V2.2a-MODIS/monthly/Ei/PML-V2.2a-MODIS_Ei_2001.nc [14647074] -> "/glade/derecho/scratch/bbuchovecky/pml-v2.2/V2.2a-MODIS/monthly/Ei/PML-V2.2a-MODIS_Ei_2001.nc" [1]
2026-10-02 16:19:18 URL: ftp://ftp2.tpdc.ac.cn:6201/PML/V2.2a-MODIS/monthly/Ei/PML-V2.2a-MODIS_Ei_2002.nc [14552721] -> "/glade/derecho/scratch/bbuchovecky/pml-v2.2/V2.2a-MODIS/monthly/Ei/PML-V2.2a-MODIS_Ei_2002.nc" [1]
2026-10-02 16:19:33 URL: ftp://ftp3.tpdc.ac.cn:6201/PML/V2.2a-MODIS/monthly/Ei/PML-V2.2a-MODIS_Ei_2003.nc [14545624] -> "/glade/derecho/scratch/bbuchovecky/pml-v2.2/V2.2a-MODIS/monthly/Ei/PML-V2.2a-MODIS_Ei_2003.nc" [1]
2026-10-02 16:21:37 URL: ftp://ftp2.tpdc.ac.cn:6201/PML/V2.2a-MODIS/monthly/Ei/PML-V2.2a-MODIS_Ei_2004.nc [14626748] -> "/glade/derecho/scratch/bbuchovecky/pml-v2.2/V2.2a-MODIS/monthly/Ei/PML-V2.2a-MODIS_Ei_2004.nc" [1]
2026-10-02 16:22:15 URL: ftp://ftp3.tpdc.ac.cn:6201/PML/V2.2a-MODIS/monthly/Ei/PML-V2.2a-MODIS_Ei_2005.nc [14563776] -> "/glade/derecho/scratch/bbuchovecky/pml-v2.2/V2.2a-MODIS/monthly/Ei/PML-V2.2a-MODIS_Ei_2005.nc" [1]
2026-10-02 16:23:23 URL: ftp://ftp2.tpdc.ac.cn:6201/PML/V2.2a-MODIS/monthly/Ei/PML-V2.2a-MODIS_Ei_2006.nc [14619171] -> "/glade/derecho/scratch/bbuchovecky/pml-v2.2/V2.2a-MODIS/monthly/Ei/PML-V2.2a-MODIS_Ei_2006.nc" [1]
2026-10-02 16:25:43 URL: ftp://ftp3.tpdc.ac.cn:6201/PML/V2.2a-MODIS/monthly/Ei/PML-V2.2a-MODIS_Ei_2007.nc [14624467] -> "/glade/derecho/scratch/bbuchovecky/pml-v2.2/V2.2a-MODIS/monthly/Ei/PML-V2.2a-MODIS_Ei_2007.nc" [1]
2026-10-02 16:26:54 URL: ftp://ftp2.tpdc.ac.cn:6201/PML/V2.2a-MODIS/monthly/Ei/PML-V2.2a-MODIS_Ei_2008.nc [14504482] -> "/glade/derecho/scratch/bbuchovecky/pml-v2.2/V2.2a-MODIS/monthly/Ei/PML-V2.2a-MODIS_Ei_2008.nc" [1]
2026-10-02 16:27:19 URL: ftp://ftp3.tpdc.ac.cn:6201/PML/V2.2a-MODIS/monthly/Ei/PML-V2.2a-MODIS_Ei_2009.nc [14681983] -> "/glade/derecho/scratch/bbuchovecky/pml-v2.2/V2.2a-MODIS/monthly/Ei/PML-V2.2a-MODIS_Ei_2009.nc" [1]
2026-10-02 16:27:28 URL: ftp://ftp2.tpdc.ac.cn:6201/PML/V2.2a-MODIS/monthly/Ei/PML-V2.2a-MODIS_Ei_2010.nc [14831079] -> "/glade/derecho/scratch/bbuchovecky/pml-v2.2/V2.2a-MODIS/monthly/Ei/PML-V2.2a-MODIS_Ei_2010.nc" [1]
2026-10-02 16:29:36 URL: ftp://ftp3.tpdc.ac.cn:6201/PML/V2.2a-MODIS/monthly/Ei/PML-V2.2a-MODIS_Ei_2011.nc [14734223] -> "/glade/derecho/scratch/bbuchovecky/pml-v2.2/V2.2a-MODIS/monthly/Ei/PML-V2.2a-MODIS_Ei_2011.nc" [1]
2026-10-02 16:30:13 URL: ftp://ftp2.tpdc.ac.cn:6201/PML/V2.2a-MODIS/monthly/Ei/PML-V2.2a-MODIS_Ei_2012.nc [14749581] -> "/glade/derecho/scratch/bbuchovecky/pml-v2.2/V2.2a-MODIS/monthly/Ei/PML-V2.2a-MODIS_Ei_2012.nc" [1]
2026-10-02 16:31:01 URL: ftp://ftp3.tpdc.ac.cn:6201/PML/V2.2a-MODIS/monthly/Ei/PML-V2.2a-MODIS_Ei_2013.nc [14832077] -> "/glade/derecho/scratch/bbuchovecky/pml-v2.2/V2.2a-MODIS/monthly/Ei/PML-V2.2a-MODIS_Ei_2013.nc" [1]
2026-10-02 16:33:58 URL: ftp://ftp2.tpdc.ac.cn:6201/PML/V2.2a-MODIS/monthly/Ei/PML-V2.2a-MODIS_Ei_2014.nc [14880269] -> "/glade/derecho/scratch/bbuchovecky/pml-v2.2/V2.2a-MODIS/monthly/Ei/PML-V2.2a-MODIS_Ei_2014.nc" [1]
2026-10-02 16:35:07 URL: ftp://ftp3.tpdc.ac.cn:6201/PML/V2.2a-MODIS/monthly/Ei/PML-V2.2a-MODIS_Ei_2015.nc [15017098] -> "/glade/derecho/scratch/bbuchovecky/pml-v2.2/V2.2a-MODIS/monthly/Ei/PML-V2.2a-MODIS_Ei_2015.nc" [1]
2026-10-02 16:35:07 URL: ftp://ftp3.tpdc.ac.cn:6201/PML/V2.2a-MODIS/monthly/Ei/PML-V2.2a-MODIS_Ei_2017.nc [14887870] -> "/glade/derecho/scratch/bbuchovecky/pml-v2.2/V2.2a-MODIS/monthly/Ei/PML-V2.2a-MODIS_Ei_2017.nc" [1]
2026-10-02 16:35:32 URL: ftp://ftp2.tpdc.ac.cn:6201/PML/V2.2a-MODIS/monthly/Ei/PML-V2.2a-MODIS_Ei_2016.nc [15076869] -> "/glade/derecho/scratch/bbuchovecky/pml-v2.2/V2.2a-MODIS/monthly/Ei/PML-V2.2a-MODIS_Ei_2016.nc" [1]
2026-10-02 16:37:37 URL: ftp://ftp2.tpdc.ac.cn:6201/PML/V2.2a-MODIS/monthly/Ei/PML-V2.2a-MODIS_Ei_2018.nc [14860202] -> "/glade/derecho/scratch/bbuchovecky/pml-v2.2/V2.2a-MODIS/monthly/Ei/PML-V2.2a-MODIS_Ei_2018.nc" [1]
2026-10-02 16:38:09 URL: ftp://ftp3.tpdc.ac.cn:6201/PML/V2.2a-MODIS/monthly/Ei/PML-V2.2a-MODIS_Ei_2019.nc [14805651] -> "/glade/derecho/scratch/bbuchovecky/pml-v2.2/V2.2a-MODIS/monthly/Ei/PML-V2.2a-MODIS_Ei_2019.nc" [1]
2026-10-02 16:39:31 URL: ftp://ftp2.tpdc.ac.cn:6201/PML/V2.2a-MODIS/monthly/Ei/PML-V2.2a-MODIS_Ei_2020.nc [14860902] -> "/glade/derecho/scratch/bbuchovecky/pml-v2.2/V2.2a-MODIS/monthly/Ei/PML-V2.2a-MODIS_Ei_2020.nc" [1]
2026-10-02 16:41:50 URL: ftp://ftp3.tpdc.ac.cn:6201/PML/V2.2a-MODIS/monthly/Ei/PML-V2.2a-MODIS_Ei_2021.nc [15035071] -> "/glade/derecho/scratch/bbuchovecky/pml-v2.2/V2.2a-MODIS/monthly/Ei/PML-V2.2a-MODIS_Ei_2021.nc" [1]
2026-10-02 16:43:10 URL: ftp://ftp3.tpdc.ac.cn:6201/PML/V2.2a-MODIS/monthly/Ei/PML-V2.2a-MODIS_Ei_2023.nc [14982043] -> "/glade/derecho/scratch/bbuchovecky/pml-v2.2/V2.2a-MODIS/monthly/Ei/PML-V2.2a-MODIS_Ei_2023.nc" [1]
2026-10-02 16:43:30 URL: ftp://ftp2.tpdc.ac.cn:6201/PML/V2.2a-MODIS/monthly/Ei/PML-V2.2a-MODIS_Ei_2022.nc [14923002] -> "/glade/derecho/scratch/bbuchovecky/pml-v2.2/V2.2a-MODIS/monthly/Ei/PML-V2.2a-MODIS_Ei_2022.nc" [1]
2026-10-02 16:44:16 URL: ftp://ftp2.tpdc.ac.cn:6201/PML/V2.2a-MODIS/monthly/Ei/PML-V2.2a-MODIS_Ei_2024.nc [14937868] -> "/glade/derecho/scratch/bbuchovecky/pml-v2.2/V2.2a-MODIS/monthly/Ei/PML-V2.2a-MODIS_Ei_2024.nc" [1]
2026-10-02 16:51:10 URL: ftp://ftp3.tpdc.ac.cn:6201/PML/V2.2a-MODIS/monthly/E/PML-V2.2a-MODIS_E_2000.nc [24423495] -> "/glade/derecho/scratch/bbuchovecky/pml-v2.2/V2.2a-MODIS/monthly/E/PML-V2.2a-MODIS_E_2000.nc" [1]
2026-10-02 16:53:22 URL: ftp://ftp2.tpdc.ac.cn:6201/PML/V2.2a-MODIS/monthly/E/PML-V2.2a-MODIS_E_2001.nc [28364710] -> "/glade/derecho/scratch/bbuchovecky/pml-v2.2/V2.2a-MODIS/monthly/E/PML-V2.2a-MODIS_E_2001.nc" [1]
2026-10-02 16:54:35 URL: ftp://ftp3.tpdc.ac.cn:6201/PML/V2.2a-MODIS/monthly/E/PML-V2.2a-MODIS_E_2002.nc [28576811] -> "/glade/derecho/scratch/bbuchovecky/pml-v2.2/V2.2a-MODIS/monthly/E/PML-V2.2a-MODIS_E_2002.nc" [1]
2026-10-02 16:57:27 URL: ftp://ftp2.tpdc.ac.cn:6201/PML/V2.2a-MODIS/monthly/E/PML-V2.2a-MODIS_E_2003.nc [28629851] -> "/glade/derecho/scratch/bbuchovecky/pml-v2.2/V2.2a-MODIS/monthly/E/PML-V2.2a-MODIS_E_2003.nc" [1]
2026-10-02 16:58:49 URL: ftp://ftp3.tpdc.ac.cn:6201/PML/V2.2a-MODIS/monthly/E/PML-V2.2a-MODIS_E_2004.nc [28489085] -> "/glade/derecho/scratch/bbuchovecky/pml-v2.2/V2.2a-MODIS/monthly/E/PML-V2.2a-MODIS_E_2004.nc" [1]
2026-10-02 16:58:58 URL: ftp://ftp2.tpdc.ac.cn:6201/PML/V2.2a-MODIS/monthly/E/PML-V2.2a-MODIS_E_2005.nc [28688527] -> "/glade/derecho/scratch/bbuchovecky/pml-v2.2/V2.2a-MODIS/monthly/E/PML-V2.2a-MODIS_E_2005.nc" [1]
2026-10-02 17:00:35 URL: ftp://ftp3.tpdc.ac.cn:6201/PML/V2.2a-MODIS/monthly/E/PML-V2.2a-MODIS_E_2006.nc [28664057] -> "/glade/derecho/scratch/bbuchovecky/pml-v2.2/V2.2a-MODIS/monthly/E/PML-V2.2a-MODIS_E_2006.nc" [1]
2026-10-02 17:02:37 URL: ftp://ftp2.tpdc.ac.cn:6201/PML/V2.2a-MODIS/8-day/GPP/PML-V2.2a-MODIS_GPP_2006.nc [103949970] -> "/glade/derecho/scratch/bbuchovecky/pml-v2.2/V2.2a-MODIS/8-day/GPP/PML-V2.2a-MODIS_GPP_2006.nc" [1]
2026-10-02 17:06:47 URL: ftp://ftp2.tpdc.ac.cn:6201/PML/V2.2a-MODIS/monthly/E/PML-V2.2a-MODIS_E_2007.nc [28506506] -> "/glade/derecho/scratch/bbuchovecky/pml-v2.2/V2.2a-MODIS/monthly/E/PML-V2.2a-MODIS_E_2007.nc" [1]
2026-10-02 17:08:40 URL: ftp://ftp3.tpdc.ac.cn:6201/PML/V2.2a-MODIS/monthly/E/PML-V2.2a-MODIS_E_2008.nc [28432690] -> "/glade/derecho/scratch/bbuchovecky/pml-v2.2/V2.2a-MODIS/monthly/E/PML-V2.2a-MODIS_E_2008.nc" [1]
2026-10-02 17:10:15 URL: ftp://ftp2.tpdc.ac.cn:6201/PML/V2.2a-MODIS/monthly/E/PML-V2.2a-MODIS_E_2009.nc [28638883] -> "/glade/derecho/scratch/bbuchovecky/pml-v2.2/V2.2a-MODIS/monthly/E/PML-V2.2a-MODIS_E_2009.nc" [1]
2026-10-02 17:12:31 URL: ftp://ftp3.tpdc.ac.cn:6201/PML/V2.2a-MODIS/monthly/E/PML-V2.2a-MODIS_E_2010.nc [28585836] -> "/glade/derecho/scratch/bbuchovecky/pml-v2.2/V2.2a-MODIS/monthly/E/PML-V2.2a-MODIS_E_2010.nc" [1]
2026-10-02 17:14:05 URL: ftp://ftp3.tpdc.ac.cn:6201/PML/V2.2a-MODIS/monthly/E/PML-V2.2a-MODIS_E_2012.nc [28639546] -> "/glade/derecho/scratch/bbuchovecky/pml-v2.2/V2.2a-MODIS/monthly/E/PML-V2.2a-MODIS_E_2012.nc" [1]
2026-10-02 17:14:37 URL: ftp://ftp2.tpdc.ac.cn:6201/PML/V2.2a-MODIS/monthly/E/PML-V2.2a-MODIS_E_2011.nc [28567506] -> "/glade/derecho/scratch/bbuchovecky/pml-v2.2/V2.2a-MODIS/monthly/E/PML-V2.2a-MODIS_E_2011.nc" [1]
2026-10-02 17:16:17 URL: ftp://ftp2.tpdc.ac.cn:6201/PML/V2.2a-MODIS/monthly/E/PML-V2.2a-MODIS_E_2013.nc [28509112] -> "/glade/derecho/scratch/bbuchovecky/pml-v2.2/V2.2a-MODIS/monthly/E/PML-V2.2a-MODIS_E_2013.nc" [1]
2026-10-02 17:18:56 URL: ftp://ftp3.tpdc.ac.cn:6201/PML/V2.2a-MODIS/monthly/E/PML-V2.2a-MODIS_E_2014.nc [28587675] -> "/glade/derecho/scratch/bbuchovecky/pml-v2.2/V2.2a-MODIS/monthly/E/PML-V2.2a-MODIS_E_2014.nc" [1]
2026-10-02 17:22:20 URL: ftp://ftp2.tpdc.ac.cn:6201/PML/V2.2a-MODIS/monthly/E/PML-V2.2a-MODIS_E_2015.nc [28753260] -> "/glade/derecho/scratch/bbuchovecky/pml-v2.2/V2.2a-MODIS/monthly/E/PML-V2.2a-MODIS_E_2015.nc" [1]
2026-10-02 17:23:37 URL: ftp://ftp3.tpdc.ac.cn:6201/PML/V2.2a-MODIS/monthly/E/PML-V2.2a-MODIS_E_2016.nc [28800684] -> "/glade/derecho/scratch/bbuchovecky/pml-v2.2/V2.2a-MODIS/monthly/E/PML-V2.2a-MODIS_E_2016.nc" [1]
2026-10-02 17:25:01 URL: ftp://ftp2.tpdc.ac.cn:6201/PML/V2.2a-MODIS/monthly/E/PML-V2.2a-MODIS_E_2017.nc [28659542] -> "/glade/derecho/scratch/bbuchovecky/pml-v2.2/V2.2a-MODIS/monthly/E/PML-V2.2a-MODIS_E_2017.nc" [1]
2026-10-02 17:27:02 URL: ftp://ftp3.tpdc.ac.cn:6201/PML/V2.2a-MODIS/monthly/E/PML-V2.2a-MODIS_E_2018.nc [28777490] -> "/glade/derecho/scratch/bbuchovecky/pml-v2.2/V2.2a-MODIS/monthly/E/PML-V2.2a-MODIS_E_2018.nc" [1]
2026-10-02 17:29:23 URL: ftp://ftp2.tpdc.ac.cn:6201/PML/V2.2a-MODIS/monthly/Ew/PML-V2.2a-MODIS_Ew_2000.nc [7673861] -> "/glade/derecho/scratch/bbuchovecky/pml-v2.2/V2.2a-MODIS/monthly/Ew/PML-V2.2a-MODIS_Ew_2000.nc" [1]
2026-10-02 17:30:28 URL: ftp://ftp2.tpdc.ac.cn:6201/PML/V2.2a-MODIS/monthly/E/PML-V2.2a-MODIS_E_2019.nc [28778651] -> "/glade/derecho/scratch/bbuchovecky/pml-v2.2/V2.2a-MODIS/monthly/E/PML-V2.2a-MODIS_E_2019.nc" [1]
2026-10-02 17:30:49 URL: ftp://ftp3.tpdc.ac.cn:6201/PML/V2.2a-MODIS/monthly/E/PML-V2.2a-MODIS_E_2020.nc [28791700] -> "/glade/derecho/scratch/bbuchovecky/pml-v2.2/V2.2a-MODIS/monthly/E/PML-V2.2a-MODIS_E_2020.nc" [1]
2026-10-02 17:31:55 URL: ftp://ftp3.tpdc.ac.cn:6201/PML/V2.2a-MODIS/monthly/Ew/PML-V2.2a-MODIS_Ew_2001.nc [8959229] -> "/glade/derecho/scratch/bbuchovecky/pml-v2.2/V2.2a-MODIS/monthly/Ew/PML-V2.2a-MODIS_Ew_2001.nc" [1]
2026-10-02 17:32:22 URL: ftp://ftp2.tpdc.ac.cn:6201/PML/V2.2a-MODIS/monthly/E/PML-V2.2a-MODIS_E_2021.nc [28738815] -> "/glade/derecho/scratch/bbuchovecky/pml-v2.2/V2.2a-MODIS/monthly/E/PML-V2.2a-MODIS_E_2021.nc" [1]
2026-10-02 17:34:48 URL: ftp://ftp2.tpdc.ac.cn:6201/PML/V2.2a-MODIS/monthly/Ew/PML-V2.2a-MODIS_Ew_2002.nc [8865952] -> "/glade/derecho/scratch/bbuchovecky/pml-v2.2/V2.2a-MODIS/monthly/Ew/PML-V2.2a-MODIS_Ew_2002.nc" [1]
2026-10-02 17:35:04 URL: ftp://ftp3.tpdc.ac.cn:6201/PML/V2.2a-MODIS/monthly/Ew/PML-V2.2a-MODIS_Ew_2003.nc [8899084] -> "/glade/derecho/scratch/bbuchovecky/pml-v2.2/V2.2a-MODIS/monthly/Ew/PML-V2.2a-MODIS_Ew_2003.nc" [1]
2026-10-02 17:35:16 URL: ftp://ftp3.tpdc.ac.cn:6201/PML/V2.2a-MODIS/monthly/E/PML-V2.2a-MODIS_E_2022.nc [28761381] -> "/glade/derecho/scratch/bbuchovecky/pml-v2.2/V2.2a-MODIS/monthly/E/PML-V2.2a-MODIS_E_2022.nc" [1]
2026-10-02 17:35:37 URL: ftp://ftp2.tpdc.ac.cn:6201/PML/V2.2a-MODIS/monthly/Ew/PML-V2.2a-MODIS_Ew_2004.nc [8885353] -> "/glade/derecho/scratch/bbuchovecky/pml-v2.2/V2.2a-MODIS/monthly/Ew/PML-V2.2a-MODIS_Ew_2004.nc" [1]
2026-10-02 17:36:24 URL: ftp://ftp3.tpdc.ac.cn:6201/PML/V2.2a-MODIS/monthly/Ew/PML-V2.2a-MODIS_Ew_2005.nc [8997265] -> "/glade/derecho/scratch/bbuchovecky/pml-v2.2/V2.2a-MODIS/monthly/Ew/PML-V2.2a-MODIS_Ew_2005.nc" [1]
2026-10-02 17:37:14 URL: ftp://ftp2.tpdc.ac.cn:6201/PML/V2.2a-MODIS/monthly/Ew/PML-V2.2a-MODIS_Ew_2006.nc [8945235] -> "/glade/derecho/scratch/bbuchovecky/pml-v2.2/V2.2a-MODIS/monthly/Ew/PML-V2.2a-MODIS_Ew_2006.nc" [1]
2026-10-02 17:37:49 URL: ftp://ftp2.tpdc.ac.cn:6201/PML/V2.2a-MODIS/monthly/E/PML-V2.2a-MODIS_E_2023.nc [29019223] -> "/glade/derecho/scratch/bbuchovecky/pml-v2.2/V2.2a-MODIS/monthly/E/PML-V2.2a-MODIS_E_2023.nc" [1]
2026-10-02 17:39:33 URL: ftp://ftp3.tpdc.ac.cn:6201/PML/V2.2a-MODIS/monthly/Ew/PML-V2.2a-MODIS_Ew_2007.nc [8930127] -> "/glade/derecho/scratch/bbuchovecky/pml-v2.2/V2.2a-MODIS/monthly/Ew/PML-V2.2a-MODIS_Ew_2007.nc" [1]
2026-10-02 17:39:41 URL: ftp://ftp3.tpdc.ac.cn:6201/PML/V2.2a-MODIS/monthly/Ew/PML-V2.2a-MODIS_Ew_2009.nc [8885250] -> "/glade/derecho/scratch/bbuchovecky/pml-v2.2/V2.2a-MODIS/monthly/Ew/PML-V2.2a-MODIS_Ew_2009.nc" [1]
2026-10-02 17:39:48 URL: ftp://ftp2.tpdc.ac.cn:6201/PML/V2.2a-MODIS/monthly/Ew/PML-V2.2a-MODIS_Ew_2008.nc [8891998] -> "/glade/derecho/scratch/bbuchovecky/pml-v2.2/V2.2a-MODIS/monthly/Ew/PML-V2.2a-MODIS_Ew_2008.nc" [1]
2026-10-02 17:40:21 URL: ftp://ftp2.tpdc.ac.cn:6201/PML/V2.2a-MODIS/monthly/Ew/PML-V2.2a-MODIS_Ew_2010.nc [8942126] -> "/glade/derecho/scratch/bbuchovecky/pml-v2.2/V2.2a-MODIS/monthly/Ew/PML-V2.2a-MODIS_Ew_2010.nc" [1]
2026-10-02 17:40:24 URL: ftp://ftp3.tpdc.ac.cn:6201/PML/V2.2a-MODIS/monthly/E/PML-V2.2a-MODIS_E_2024.nc [29068019] -> "/glade/derecho/scratch/bbuchovecky/pml-v2.2/V2.2a-MODIS/monthly/E/PML-V2.2a-MODIS_E_2024.nc" [1]
2026-10-02 17:41:15 URL: ftp://ftp3.tpdc.ac.cn:6201/PML/V2.2a-MODIS/monthly/Ew/PML-V2.2a-MODIS_Ew_2011.nc [8899825] -> "/glade/derecho/scratch/bbuchovecky/pml-v2.2/V2.2a-MODIS/monthly/Ew/PML-V2.2a-MODIS_Ew_2011.nc" [1]
2026-10-02 17:41:58 URL: ftp://ftp2.tpdc.ac.cn:6201/PML/V2.2a-MODIS/monthly/Ew/PML-V2.2a-MODIS_Ew_2012.nc [8890330] -> "/glade/derecho/scratch/bbuchovecky/pml-v2.2/V2.2a-MODIS/monthly/Ew/PML-V2.2a-MODIS_Ew_2012.nc" [1]
2026-10-02 17:42:27 URL: ftp://ftp3.tpdc.ac.cn:6201/PML/V2.2a-MODIS/monthly/Ew/PML-V2.2a-MODIS_Ew_2013.nc [8813525] -> "/glade/derecho/scratch/bbuchovecky/pml-v2.2/V2.2a-MODIS/monthly/Ew/PML-V2.2a-MODIS_Ew_2013.nc" [1]
2026-10-02 17:44:09 URL: ftp://ftp3.tpdc.ac.cn:6201/PML/V2.2a-MODIS/monthly/Ew/PML-V2.2a-MODIS_Ew_2015.nc [8840097] -> "/glade/derecho/scratch/bbuchovecky/pml-v2.2/V2.2a-MODIS/monthly/Ew/PML-V2.2a-MODIS_Ew_2015.nc" [1]
2026-10-02 17:44:27 URL: ftp://ftp2.tpdc.ac.cn:6201/PML/V2.2a-MODIS/monthly/Ew/PML-V2.2a-MODIS_Ew_2014.nc [8852196] -> "/glade/derecho/scratch/bbuchovecky/pml-v2.2/V2.2a-MODIS/monthly/Ew/PML-V2.2a-MODIS_Ew_2014.nc" [1]
2026-10-02 17:44:50 URL: ftp://ftp2.tpdc.ac.cn:6201/PML/V2.2a-MODIS/monthly/Ew/PML-V2.2a-MODIS_Ew_2016.nc [8909727] -> "/glade/derecho/scratch/bbuchovecky/pml-v2.2/V2.2a-MODIS/monthly/Ew/PML-V2.2a-MODIS_Ew_2016.nc" [1]
2026-10-02 17:45:03 URL: ftp://ftp3.tpdc.ac.cn:6201/PML/V2.2a-MODIS/monthly/Ew/PML-V2.2a-MODIS_Ew_2017.nc [8879430] -> "/glade/derecho/scratch/bbuchovecky/pml-v2.2/V2.2a-MODIS/monthly/Ew/PML-V2.2a-MODIS_Ew_2017.nc" [1]
2026-10-02 17:45:18 URL: ftp://ftp2.tpdc.ac.cn:6201/PML/V2.2a-MODIS/monthly/Ew/PML-V2.2a-MODIS_Ew_2018.nc [8859531] -> "/glade/derecho/scratch/bbuchovecky/pml-v2.2/V2.2a-MODIS/monthly/Ew/PML-V2.2a-MODIS_Ew_2018.nc" [1]
2026-10-02 17:45:53 URL: ftp://ftp3.tpdc.ac.cn:6201/PML/V2.2a-MODIS/monthly/Ew/PML-V2.2a-MODIS_Ew_2019.nc [8935373] -> "/glade/derecho/scratch/bbuchovecky/pml-v2.2/V2.2a-MODIS/monthly/Ew/PML-V2.2a-MODIS_Ew_2019.nc" [1]
2026-10-02 17:47:12 URL: ftp://ftp2.tpdc.ac.cn:6201/PML/V2.2a-MODIS/monthly/Ew/PML-V2.2a-MODIS_Ew_2020.nc [8948935] -> "/glade/derecho/scratch/bbuchovecky/pml-v2.2/V2.2a-MODIS/monthly/Ew/PML-V2.2a-MODIS_Ew_2020.nc" [1]
2026-10-02 17:47:27 URL: ftp://ftp3.tpdc.ac.cn:6201/PML/V2.2a-MODIS/monthly/Ew/PML-V2.2a-MODIS_Ew_2021.nc [8934515] -> "/glade/derecho/scratch/bbuchovecky/pml-v2.2/V2.2a-MODIS/monthly/Ew/PML-V2.2a-MODIS_Ew_2021.nc" [1]
2026-10-02 17:48:55 URL: ftp://ftp3.tpdc.ac.cn:6201/PML/V2.2a-MODIS/monthly/Ew/PML-V2.2a-MODIS_Ew_2023.nc [8938064] -> "/glade/derecho/scratch/bbuchovecky/pml-v2.2/V2.2a-MODIS/monthly/Ew/PML-V2.2a-MODIS_Ew_2023.nc" [1]
2026-10-02 17:49:38 URL: ftp://ftp2.tpdc.ac.cn:6201/PML/V2.2a-MODIS/monthly/Ew/PML-V2.2a-MODIS_Ew_2022.nc [8899274] -> "/glade/derecho/scratch/bbuchovecky/pml-v2.2/V2.2a-MODIS/monthly/Ew/PML-V2.2a-MODIS_Ew_2022.nc" [1]
2026-10-02 17:49:45 URL: ftp://ftp2.tpdc.ac.cn:6201/PML/V2.2a-MODIS/monthly/Ew/PML-V2.2a-MODIS_Ew_2024.nc [8944150] -> "/glade/derecho/scratch/bbuchovecky/pml-v2.2/V2.2a-MODIS/monthly/Ew/PML-V2.2a-MODIS_Ew_2024.nc" [1]
2026-10-02 18:00:55 URL: ftp://ftp3.tpdc.ac.cn:6201/PML/V2.2a-MODIS/monthly/PET/PML-V2.2a-MODIS_PET_2000.nc [27589168] -> "/glade/derecho/scratch/bbuchovecky/pml-v2.2/V2.2a-MODIS/monthly/PET/PML-V2.2a-MODIS_PET_2000.nc" [1]
2026-10-02 18:04:29 URL: ftp://ftp2.tpdc.ac.cn:6201/PML/V2.2a-MODIS/monthly/PET/PML-V2.2a-MODIS_PET_2001.nc [32420726] -> "/glade/derecho/scratch/bbuchovecky/pml-v2.2/V2.2a-MODIS/monthly/PET/PML-V2.2a-MODIS_PET_2001.nc" [1]
2026-10-02 18:04:37 URL: ftp://ftp3.tpdc.ac.cn:6201/PML/V2.2a-MODIS/monthly/PET/PML-V2.2a-MODIS_PET_2002.nc [32514463] -> "/glade/derecho/scratch/bbuchovecky/pml-v2.2/V2.2a-MODIS/monthly/PET/PML-V2.2a-MODIS_PET_2002.nc" [1]
2026-10-02 18:04:43 URL: ftp://ftp3.tpdc.ac.cn:6201/PML/V2.2a-MODIS/monthly/PET/PML-V2.2a-MODIS_PET_2004.nc [32481993] -> "/glade/derecho/scratch/bbuchovecky/pml-v2.2/V2.2a-MODIS/monthly/PET/PML-V2.2a-MODIS_PET_2004.nc" [1]
2026-10-02 18:05:57 URL: ftp://ftp2.tpdc.ac.cn:6201/PML/V2.2a-MODIS/monthly/PET/PML-V2.2a-MODIS_PET_2003.nc [32514138] -> "/glade/derecho/scratch/bbuchovecky/pml-v2.2/V2.2a-MODIS/monthly/PET/PML-V2.2a-MODIS_PET_2003.nc" [1]
2026-10-02 18:07:15 URL: ftp://ftp3.tpdc.ac.cn:6201/PML/V2.2a-MODIS/monthly/PET/PML-V2.2a-MODIS_PET_2006.nc [32565139] -> "/glade/derecho/scratch/bbuchovecky/pml-v2.2/V2.2a-MODIS/monthly/PET/PML-V2.2a-MODIS_PET_2006.nc" [1]
2026-10-02 18:08:06 URL: ftp://ftp2.tpdc.ac.cn:6201/PML/V2.2a-MODIS/monthly/PET/PML-V2.2a-MODIS_PET_2005.nc [32596376] -> "/glade/derecho/scratch/bbuchovecky/pml-v2.2/V2.2a-MODIS/monthly/PET/PML-V2.2a-MODIS_PET_2005.nc" [1]
2026-10-02 18:08:49 URL: ftp://ftp2.tpdc.ac.cn:6201/PML/V2.2a-MODIS/monthly/PET/PML-V2.2a-MODIS_PET_2007.nc [32695133] -> "/glade/derecho/scratch/bbuchovecky/pml-v2.2/V2.2a-MODIS/monthly/PET/PML-V2.2a-MODIS_PET_2007.nc" [1]
2026-10-02 18:19:20 URL: ftp://ftp3.tpdc.ac.cn:6201/PML/V2.2a-MODIS/monthly/PET/PML-V2.2a-MODIS_PET_2008.nc [32642601] -> "/glade/derecho/scratch/bbuchovecky/pml-v2.2/V2.2a-MODIS/monthly/PET/PML-V2.2a-MODIS_PET_2008.nc" [1]
2026-10-02 18:22:55 URL: ftp://ftp2.tpdc.ac.cn:6201/PML/V2.2a-MODIS/monthly/PET/PML-V2.2a-MODIS_PET_2009.nc [32514355] -> "/glade/derecho/scratch/bbuchovecky/pml-v2.2/V2.2a-MODIS/monthly/PET/PML-V2.2a-MODIS_PET_2009.nc" [1]
2026-10-02 18:23:10 URL: ftp://ftp3.tpdc.ac.cn:6201/PML/V2.2a-MODIS/monthly/PET/PML-V2.2a-MODIS_PET_2010.nc [32651635] -> "/glade/derecho/scratch/bbuchovecky/pml-v2.2/V2.2a-MODIS/monthly/PET/PML-V2.2a-MODIS_PET_2010.nc" [1]
2026-10-02 18:23:57 URL: ftp://ftp3.tpdc.ac.cn:6201/PML/V2.2a-MODIS/monthly/PET/PML-V2.2a-MODIS_PET_2012.nc [32713200] -> "/glade/derecho/scratch/bbuchovecky/pml-v2.2/V2.2a-MODIS/monthly/PET/PML-V2.2a-MODIS_PET_2012.nc" [1]
2026-10-02 18:24:25 URL: ftp://ftp2.tpdc.ac.cn:6201/PML/V2.2a-MODIS/monthly/PET/PML-V2.2a-MODIS_PET_2011.nc [32618946] -> "/glade/derecho/scratch/bbuchovecky/pml-v2.2/V2.2a-MODIS/monthly/PET/PML-V2.2a-MODIS_PET_2011.nc" [1]
2026-10-02 18:25:56 URL: ftp://ftp3.tpdc.ac.cn:6201/PML/V2.2a-MODIS/monthly/PET/PML-V2.2a-MODIS_PET_2014.nc [32662466] -> "/glade/derecho/scratch/bbuchovecky/pml-v2.2/V2.2a-MODIS/monthly/PET/PML-V2.2a-MODIS_PET_2014.nc" [1]
2026-10-02 18:26:28 URL: ftp://ftp2.tpdc.ac.cn:6201/PML/V2.2a-MODIS/monthly/PET/PML-V2.2a-MODIS_PET_2013.nc [32605509] -> "/glade/derecho/scratch/bbuchovecky/pml-v2.2/V2.2a-MODIS/monthly/PET/PML-V2.2a-MODIS_PET_2013.nc" [1]
2026-10-02 18:28:03 URL: ftp://ftp2.tpdc.ac.cn:6201/PML/V2.2a-MODIS/monthly/PET/PML-V2.2a-MODIS_PET_2015.nc [32741745] -> "/glade/derecho/scratch/bbuchovecky/pml-v2.2/V2.2a-MODIS/monthly/PET/PML-V2.2a-MODIS_PET_2015.nc" [1]
2026-10-02 18:38:06 URL: ftp://ftp3.tpdc.ac.cn:6201/PML/V2.2a-MODIS/monthly/PET/PML-V2.2a-MODIS_PET_2016.nc [32746443] -> "/glade/derecho/scratch/bbuchovecky/pml-v2.2/V2.2a-MODIS/monthly/PET/PML-V2.2a-MODIS_PET_2016.nc" [1]
2026-10-02 18:41:24 URL: ftp://ftp2.tpdc.ac.cn:6201/PML/V2.2a-MODIS/monthly/PET/PML-V2.2a-MODIS_PET_2019.nc [32845146] -> "/glade/derecho/scratch/bbuchovecky/pml-v2.2/V2.2a-MODIS/monthly/PET/PML-V2.2a-MODIS_PET_2019.nc" [1]
2026-10-02 18:41:44 URL: ftp://ftp2.tpdc.ac.cn:6201/PML/V2.2a-MODIS/monthly/PET/PML-V2.2a-MODIS_PET_2017.nc [32778189] -> "/glade/derecho/scratch/bbuchovecky/pml-v2.2/V2.2a-MODIS/monthly/PET/PML-V2.2a-MODIS_PET_2017.nc" [1]
2026-10-02 18:42:14 URL: ftp://ftp3.tpdc.ac.cn:6201/PML/V2.2a-MODIS/monthly/PET/PML-V2.2a-MODIS_PET_2018.nc [32726402] -> "/glade/derecho/scratch/bbuchovecky/pml-v2.2/V2.2a-MODIS/monthly/PET/PML-V2.2a-MODIS_PET_2018.nc" [1]
2026-10-02 18:43:44 URL: ftp://ftp3.tpdc.ac.cn:6201/PML/V2.2a-MODIS/monthly/PET/PML-V2.2a-MODIS_PET_2020.nc [33012498] -> "/glade/derecho/scratch/bbuchovecky/pml-v2.2/V2.2a-MODIS/monthly/PET/PML-V2.2a-MODIS_PET_2020.nc" [1]
2026-10-02 18:45:01 URL: ftp://ftp3.tpdc.ac.cn:6201/PML/V2.2a-MODIS/monthly/PET/PML-V2.2a-MODIS_PET_2022.nc [32871834] -> "/glade/derecho/scratch/bbuchovecky/pml-v2.2/V2.2a-MODIS/monthly/PET/PML-V2.2a-MODIS_PET_2022.nc" [1]
2026-10-02 18:45:23 URL: ftp://ftp2.tpdc.ac.cn:6201/PML/V2.2a-MODIS/monthly/PET/PML-V2.2a-MODIS_PET_2021.nc [32860162] -> "/glade/derecho/scratch/bbuchovecky/pml-v2.2/V2.2a-MODIS/monthly/PET/PML-V2.2a-MODIS_PET_2021.nc" [1]
2026-10-02 18:47:40 URL: ftp://ftp2.tpdc.ac.cn:6201/PML/V2.2a-MODIS/monthly/PET/PML-V2.2a-MODIS_PET_2023.nc [32947844] -> "/glade/derecho/scratch/bbuchovecky/pml-v2.2/V2.2a-MODIS/monthly/PET/PML-V2.2a-MODIS_PET_2023.nc" [1]
2026-10-02 18:56:51 URL: ftp://ftp2.tpdc.ac.cn:6201/PML/V2.2a-MODIS/monthly/GPP/PML-V2.2a-MODIS_GPP_2000.nc [26736238] -> "/glade/derecho/scratch/bbuchovecky/pml-v2.2/V2.2a-MODIS/monthly/GPP/PML-V2.2a-MODIS_GPP_2000.nc" [1]
2026-10-02 18:57:46 URL: ftp://ftp3.tpdc.ac.cn:6201/PML/V2.2a-MODIS/monthly/PET/PML-V2.2a-MODIS_PET_2024.nc [33045418] -> "/glade/derecho/scratch/bbuchovecky/pml-v2.2/V2.2a-MODIS/monthly/PET/PML-V2.2a-MODIS_PET_2024.nc" [1]
2026-10-02 18:58:27 URL: ftp://ftp3.tpdc.ac.cn:6201/PML/V2.2a-MODIS/monthly/GPP/PML-V2.2a-MODIS_GPP_2001.nc [30990047] -> "/glade/derecho/scratch/bbuchovecky/pml-v2.2/V2.2a-MODIS/monthly/GPP/PML-V2.2a-MODIS_GPP_2001.nc" [1]
2026-10-02 18:59:48 URL: ftp://ftp2.tpdc.ac.cn:6201/PML/V2.2a-MODIS/monthly/GPP/PML-V2.2a-MODIS_GPP_2002.nc [30977168] -> "/glade/derecho/scratch/bbuchovecky/pml-v2.2/V2.2a-MODIS/monthly/GPP/PML-V2.2a-MODIS_GPP_2002.nc" [1]
2026-10-02 19:01:21 URL: ftp://ftp3.tpdc.ac.cn:6201/PML/V2.2a-MODIS/monthly/GPP/PML-V2.2a-MODIS_GPP_2003.nc [31010755] -> "/glade/derecho/scratch/bbuchovecky/pml-v2.2/V2.2a-MODIS/monthly/GPP/PML-V2.2a-MODIS_GPP_2003.nc" [1]
2026-10-02 19:02:26 URL: ftp://ftp3.tpdc.ac.cn:6201/PML/V2.2a-MODIS/monthly/GPP/PML-V2.2a-MODIS_GPP_2005.nc [31038859] -> "/glade/derecho/scratch/bbuchovecky/pml-v2.2/V2.2a-MODIS/monthly/GPP/PML-V2.2a-MODIS_GPP_2005.nc" [1]
2026-10-02 19:02:42 URL: ftp://ftp2.tpdc.ac.cn:6201/PML/V2.2a-MODIS/monthly/GPP/PML-V2.2a-MODIS_GPP_2004.nc [31044850] -> "/glade/derecho/scratch/bbuchovecky/pml-v2.2/V2.2a-MODIS/monthly/GPP/PML-V2.2a-MODIS_GPP_2004.nc" [1]
2026-10-02 19:04:27 URL: ftp://ftp2.tpdc.ac.cn:6201/PML/V2.2a-MODIS/monthly/GPP/PML-V2.2a-MODIS_GPP_2006.nc [31059846] -> "/glade/derecho/scratch/bbuchovecky/pml-v2.2/V2.2a-MODIS/monthly/GPP/PML-V2.2a-MODIS_GPP_2006.nc" [1]
2026-10-02 19:13:59 URL: ftp://ftp3.tpdc.ac.cn:6201/PML/V2.2a-MODIS/monthly/GPP/PML-V2.2a-MODIS_GPP_2007.nc [31132644] -> "/glade/derecho/scratch/bbuchovecky/pml-v2.2/V2.2a-MODIS/monthly/GPP/PML-V2.2a-MODIS_GPP_2007.nc" [1]
2026-10-02 19:15:08 URL: ftp://ftp3.tpdc.ac.cn:6201/PML/V2.2a-MODIS/monthly/GPP/PML-V2.2a-MODIS_GPP_2009.nc [31010306] -> "/glade/derecho/scratch/bbuchovecky/pml-v2.2/V2.2a-MODIS/monthly/GPP/PML-V2.2a-MODIS_GPP_2009.nc" [1]
2026-10-02 19:15:44 URL: ftp://ftp2.tpdc.ac.cn:6201/PML/V2.2a-MODIS/monthly/GPP/PML-V2.2a-MODIS_GPP_2008.nc [31077269] -> "/glade/derecho/scratch/bbuchovecky/pml-v2.2/V2.2a-MODIS/monthly/GPP/PML-V2.2a-MODIS_GPP_2008.nc" [1]
2026-10-02 19:17:02 URL: ftp://ftp2.tpdc.ac.cn:6201/PML/V2.2a-MODIS/monthly/GPP/PML-V2.2a-MODIS_GPP_2010.nc [31185782] -> "/glade/derecho/scratch/bbuchovecky/pml-v2.2/V2.2a-MODIS/monthly/GPP/PML-V2.2a-MODIS_GPP_2010.nc" [1]
2026-10-02 19:17:55 URL: ftp://ftp3.tpdc.ac.cn:6201/PML/V2.2a-MODIS/monthly/GPP/PML-V2.2a-MODIS_GPP_2011.nc [31202377] -> "/glade/derecho/scratch/bbuchovecky/pml-v2.2/V2.2a-MODIS/monthly/GPP/PML-V2.2a-MODIS_GPP_2011.nc" [1]
2026-10-02 19:19:48 URL: ftp://ftp2.tpdc.ac.cn:6201/PML/V2.2a-MODIS/monthly/GPP/PML-V2.2a-MODIS_GPP_2012.nc [31285049] -> "/glade/derecho/scratch/bbuchovecky/pml-v2.2/V2.2a-MODIS/monthly/GPP/PML-V2.2a-MODIS_GPP_2012.nc" [1]
2026-10-02 19:21:12 URL: ftp://ftp3.tpdc.ac.cn:6201/PML/V2.2a-MODIS/monthly/GPP/PML-V2.2a-MODIS_GPP_2013.nc [31157819] -> "/glade/derecho/scratch/bbuchovecky/pml-v2.2/V2.2a-MODIS/monthly/GPP/PML-V2.2a-MODIS_GPP_2013.nc" [1]
2026-10-02 19:23:09 URL: ftp://ftp2.tpdc.ac.cn:6201/PML/V2.2a-MODIS/monthly/GPP/PML-V2.2a-MODIS_GPP_2014.nc [31228927] -> "/glade/derecho/scratch/bbuchovecky/pml-v2.2/V2.2a-MODIS/monthly/GPP/PML-V2.2a-MODIS_GPP_2014.nc" [1]
2026-10-02 19:30:49 URL: ftp://ftp3.tpdc.ac.cn:6201/PML/V2.2a-MODIS/monthly/GPP/PML-V2.2a-MODIS_GPP_2015.nc [31325979] -> "/glade/derecho/scratch/bbuchovecky/pml-v2.2/V2.2a-MODIS/monthly/GPP/PML-V2.2a-MODIS_GPP_2015.nc" [1]
2026-10-02 19:32:50 URL: ftp://ftp2.tpdc.ac.cn:6201/PML/V2.2a-MODIS/monthly/GPP/PML-V2.2a-MODIS_GPP_2016.nc [31479145] -> "/glade/derecho/scratch/bbuchovecky/pml-v2.2/V2.2a-MODIS/monthly/GPP/PML-V2.2a-MODIS_GPP_2016.nc" [1]
2026-10-02 19:33:59 URL: ftp://ftp3.tpdc.ac.cn:6201/PML/V2.2a-MODIS/monthly/GPP/PML-V2.2a-MODIS_GPP_2017.nc [31298162] -> "/glade/derecho/scratch/bbuchovecky/pml-v2.2/V2.2a-MODIS/monthly/GPP/PML-V2.2a-MODIS_GPP_2017.nc" [1]
2026-10-02 19:35:11 URL: ftp://ftp3.tpdc.ac.cn:6201/PML/V2.2a-MODIS/monthly/GPP/PML-V2.2a-MODIS_GPP_2019.nc [31330536] -> "/glade/derecho/scratch/bbuchovecky/pml-v2.2/V2.2a-MODIS/monthly/GPP/PML-V2.2a-MODIS_GPP_2019.nc" [1]
2026-10-02 19:35:35 URL: ftp://ftp2.tpdc.ac.cn:6201/PML/V2.2a-MODIS/monthly/GPP/PML-V2.2a-MODIS_GPP_2018.nc [31261185] -> "/glade/derecho/scratch/bbuchovecky/pml-v2.2/V2.2a-MODIS/monthly/GPP/PML-V2.2a-MODIS_GPP_2018.nc" [1]
2026-10-02 19:36:58 URL: ftp://ftp3.tpdc.ac.cn:6201/PML/V2.2a-MODIS/yearly/ET/PML-V2.2a-MODIS_ET_2001.nc [4805417] -> "/glade/derecho/scratch/bbuchovecky/pml-v2.2/V2.2a-MODIS/yearly/ET/PML-V2.2a-MODIS_ET_2001.nc" [1]
2026-10-02 19:37:35 URL: ftp://ftp2.tpdc.ac.cn:6201/PML/V2.2a-MODIS/monthly/GPP/PML-V2.2a-MODIS_GPP_2020.nc [31455517] -> "/glade/derecho/scratch/bbuchovecky/pml-v2.2/V2.2a-MODIS/monthly/GPP/PML-V2.2a-MODIS_GPP_2020.nc" [1]
2026-10-02 19:37:49 URL: ftp://ftp2.tpdc.ac.cn:6201/PML/V2.2a-MODIS/yearly/ET/PML-V2.2a-MODIS_ET_2002.nc [4848862] -> "/glade/derecho/scratch/bbuchovecky/pml-v2.2/V2.2a-MODIS/yearly/ET/PML-V2.2a-MODIS_ET_2002.nc" [1]
2026-10-02 19:38:02 URL: ftp://ftp3.tpdc.ac.cn:6201/PML/V2.2a-MODIS/yearly/ET/PML-V2.2a-MODIS_ET_2003.nc [4823064] -> "/glade/derecho/scratch/bbuchovecky/pml-v2.2/V2.2a-MODIS/yearly/ET/PML-V2.2a-MODIS_ET_2003.nc" [1]
2026-10-02 19:38:34 URL: ftp://ftp3.tpdc.ac.cn:6201/PML/V2.2a-MODIS/monthly/GPP/PML-V2.2a-MODIS_GPP_2021.nc [31432255] -> "/glade/derecho/scratch/bbuchovecky/pml-v2.2/V2.2a-MODIS/monthly/GPP/PML-V2.2a-MODIS_GPP_2021.nc" [1]
2026-10-02 19:39:53 URL: ftp://ftp2.tpdc.ac.cn:6201/PML/V2.2a-MODIS/yearly/ET/PML-V2.2a-MODIS_ET_2004.nc [4822610] -> "/glade/derecho/scratch/bbuchovecky/pml-v2.2/V2.2a-MODIS/yearly/ET/PML-V2.2a-MODIS_ET_2004.nc" [1]
2026-10-02 19:40:23 URL: ftp://ftp3.tpdc.ac.cn:6201/PML/V2.2a-MODIS/yearly/ET/PML-V2.2a-MODIS_ET_2005.nc [4844072] -> "/glade/derecho/scratch/bbuchovecky/pml-v2.2/V2.2a-MODIS/yearly/ET/PML-V2.2a-MODIS_ET_2005.nc" [1]
2026-10-02 19:40:39 URL: ftp://ftp3.tpdc.ac.cn:6201/PML/V2.2a-MODIS/yearly/ET/PML-V2.2a-MODIS_ET_2007.nc [4829504] -> "/glade/derecho/scratch/bbuchovecky/pml-v2.2/V2.2a-MODIS/yearly/ET/PML-V2.2a-MODIS_ET_2007.nc" [1]
2026-10-02 19:40:45 URL: ftp://ftp2.tpdc.ac.cn:6201/PML/V2.2a-MODIS/yearly/ET/PML-V2.2a-MODIS_ET_2006.nc [4847189] -> "/glade/derecho/scratch/bbuchovecky/pml-v2.2/V2.2a-MODIS/yearly/ET/PML-V2.2a-MODIS_ET_2006.nc" [1]
2026-10-02 19:41:00 URL: ftp://ftp2.tpdc.ac.cn:6201/PML/V2.2a-MODIS/monthly/GPP/PML-V2.2a-MODIS_GPP_2022.nc [31381224] -> "/glade/derecho/scratch/bbuchovecky/pml-v2.2/V2.2a-MODIS/monthly/GPP/PML-V2.2a-MODIS_GPP_2022.nc" [1]
2026-10-02 19:41:43 URL: ftp://ftp2.tpdc.ac.cn:6201/PML/V2.2a-MODIS/yearly/ET/PML-V2.2a-MODIS_ET_2008.nc [4835521] -> "/glade/derecho/scratch/bbuchovecky/pml-v2.2/V2.2a-MODIS/yearly/ET/PML-V2.2a-MODIS_ET_2008.nc" [1]
2026-10-02 19:42:28 URL: ftp://ftp3.tpdc.ac.cn:6201/PML/V2.2a-MODIS/yearly/ET/PML-V2.2a-MODIS_ET_2009.nc [4861949] -> "/glade/derecho/scratch/bbuchovecky/pml-v2.2/V2.2a-MODIS/yearly/ET/PML-V2.2a-MODIS_ET_2009.nc" [1]
2026-10-02 19:42:44 URL: ftp://ftp2.tpdc.ac.cn:6201/PML/V2.2a-MODIS/yearly/ET/PML-V2.2a-MODIS_ET_2010.nc [4841400] -> "/glade/derecho/scratch/bbuchovecky/pml-v2.2/V2.2a-MODIS/yearly/ET/PML-V2.2a-MODIS_ET_2010.nc" [1]
2026-10-02 19:43:19 URL: ftp://ftp2.tpdc.ac.cn:6201/PML/V2.2a-MODIS/yearly/ET/PML-V2.2a-MODIS_ET_2012.nc [4859479] -> "/glade/derecho/scratch/bbuchovecky/pml-v2.2/V2.2a-MODIS/yearly/ET/PML-V2.2a-MODIS_ET_2012.nc" [1]
2026-10-02 19:43:25 URL: ftp://ftp3.tpdc.ac.cn:6201/PML/V2.2a-MODIS/yearly/ET/PML-V2.2a-MODIS_ET_2011.nc [4838833] -> "/glade/derecho/scratch/bbuchovecky/pml-v2.2/V2.2a-MODIS/yearly/ET/PML-V2.2a-MODIS_ET_2011.nc" [1]
2026-10-02 19:43:41 URL: ftp://ftp3.tpdc.ac.cn:6201/PML/V2.2a-MODIS/yearly/ET/PML-V2.2a-MODIS_ET_2013.nc [4844450] -> "/glade/derecho/scratch/bbuchovecky/pml-v2.2/V2.2a-MODIS/yearly/ET/PML-V2.2a-MODIS_ET_2013.nc" [1]
2026-10-02 19:44:29 URL: ftp://ftp2.tpdc.ac.cn:6201/PML/V2.2a-MODIS/yearly/ET/PML-V2.2a-MODIS_ET_2014.nc [4846881] -> "/glade/derecho/scratch/bbuchovecky/pml-v2.2/V2.2a-MODIS/yearly/ET/PML-V2.2a-MODIS_ET_2014.nc" [1]
2026-10-02 19:45:10 URL: ftp://ftp2.tpdc.ac.cn:6201/PML/V2.2a-MODIS/yearly/ET/PML-V2.2a-MODIS_ET_2016.nc [4855812] -> "/glade/derecho/scratch/bbuchovecky/pml-v2.2/V2.2a-MODIS/yearly/ET/PML-V2.2a-MODIS_ET_2016.nc" [1]
2026-10-02 19:45:11 URL: ftp://ftp3.tpdc.ac.cn:6201/PML/V2.2a-MODIS/yearly/ET/PML-V2.2a-MODIS_ET_2015.nc [4843621] -> "/glade/derecho/scratch/bbuchovecky/pml-v2.2/V2.2a-MODIS/yearly/ET/PML-V2.2a-MODIS_ET_2015.nc" [1]
2026-10-02 19:45:59 URL: ftp://ftp3.tpdc.ac.cn:6201/PML/V2.2a-MODIS/yearly/ET/PML-V2.2a-MODIS_ET_2017.nc [4849505] -> "/glade/derecho/scratch/bbuchovecky/pml-v2.2/V2.2a-MODIS/yearly/ET/PML-V2.2a-MODIS_ET_2017.nc" [1]
2026-10-02 19:46:07 URL: ftp://ftp2.tpdc.ac.cn:6201/PML/V2.2a-MODIS/yearly/ET/PML-V2.2a-MODIS_ET_2018.nc [4878983] -> "/glade/derecho/scratch/bbuchovecky/pml-v2.2/V2.2a-MODIS/yearly/ET/PML-V2.2a-MODIS_ET_2018.nc" [1]
2026-10-02 19:46:31 URL: ftp://ftp3.tpdc.ac.cn:6201/PML/V2.2a-MODIS/yearly/ET/PML-V2.2a-MODIS_ET_2019.nc [4866710] -> "/glade/derecho/scratch/bbuchovecky/pml-v2.2/V2.2a-MODIS/yearly/ET/PML-V2.2a-MODIS_ET_2019.nc" [1]
2026-10-02 19:47:23 URL: ftp://ftp2.tpdc.ac.cn:6201/PML/V2.2a-MODIS/yearly/ET/PML-V2.2a-MODIS_ET_2020.nc [4847623] -> "/glade/derecho/scratch/bbuchovecky/pml-v2.2/V2.2a-MODIS/yearly/ET/PML-V2.2a-MODIS_ET_2020.nc" [1]
2026-10-02 19:47:36 URL: ftp://ftp3.tpdc.ac.cn:6201/PML/V2.2a-MODIS/yearly/ET/PML-V2.2a-MODIS_ET_2021.nc [4845723] -> "/glade/derecho/scratch/bbuchovecky/pml-v2.2/V2.2a-MODIS/yearly/ET/PML-V2.2a-MODIS_ET_2021.nc" [1]
2026-10-02 19:48:03 URL: ftp://ftp2.tpdc.ac.cn:6201/PML/V2.2a-MODIS/yearly/ET/PML-V2.2a-MODIS_ET_2022.nc [4853865] -> "/glade/derecho/scratch/bbuchovecky/pml-v2.2/V2.2a-MODIS/yearly/ET/PML-V2.2a-MODIS_ET_2022.nc" [1]
2026-10-02 19:48:05 URL: ftp://ftp3.tpdc.ac.cn:6201/PML/V2.2a-MODIS/monthly/GPP/PML-V2.2a-MODIS_GPP_2023.nc [31494346] -> "/glade/derecho/scratch/bbuchovecky/pml-v2.2/V2.2a-MODIS/monthly/GPP/PML-V2.2a-MODIS_GPP_2023.nc" [1]
2026-10-02 19:48:34 URL: ftp://ftp3.tpdc.ac.cn:6201/PML/V2.2a-MODIS/yearly/ET/PML-V2.2a-MODIS_ET_2023.nc [4865359] -> "/glade/derecho/scratch/bbuchovecky/pml-v2.2/V2.2a-MODIS/yearly/ET/PML-V2.2a-MODIS_ET_2023.nc" [1]
2026-10-02 19:48:44 URL: ftp://ftp3.tpdc.ac.cn:6201/PML/V2.2a-MODIS/yearly/Ec/PML-V2.2a-MODIS_Ec_2001.nc [4254069] -> "/glade/derecho/scratch/bbuchovecky/pml-v2.2/V2.2a-MODIS/yearly/Ec/PML-V2.2a-MODIS_Ec_2001.nc" [1]
2026-10-02 19:48:51 URL: ftp://ftp2.tpdc.ac.cn:6201/PML/V2.2a-MODIS/yearly/ET/PML-V2.2a-MODIS_ET_2024.nc [4886298] -> "/glade/derecho/scratch/bbuchovecky/pml-v2.2/V2.2a-MODIS/yearly/ET/PML-V2.2a-MODIS_ET_2024.nc" [1]
2026-10-02 19:49:50 URL: ftp://ftp2.tpdc.ac.cn:6201/PML/V2.2a-MODIS/yearly/Ec/PML-V2.2a-MODIS_Ec_2002.nc [4256095] -> "/glade/derecho/scratch/bbuchovecky/pml-v2.2/V2.2a-MODIS/yearly/Ec/PML-V2.2a-MODIS_Ec_2002.nc" [1]
2026-10-02 19:49:51 URL: ftp://ftp3.tpdc.ac.cn:6201/PML/V2.2a-MODIS/yearly/Ec/PML-V2.2a-MODIS_Ec_2003.nc [4247608] -> "/glade/derecho/scratch/bbuchovecky/pml-v2.2/V2.2a-MODIS/yearly/Ec/PML-V2.2a-MODIS_Ec_2003.nc" [1]
2026-10-02 19:50:15 URL: ftp://ftp3.tpdc.ac.cn:6201/PML/V2.2a-MODIS/yearly/Ec/PML-V2.2a-MODIS_Ec_2005.nc [4240000] -> "/glade/derecho/scratch/bbuchovecky/pml-v2.2/V2.2a-MODIS/yearly/Ec/PML-V2.2a-MODIS_Ec_2005.nc" [1]
2026-10-02 19:50:26 URL: ftp://ftp2.tpdc.ac.cn:6201/PML/V2.2a-MODIS/yearly/Ec/PML-V2.2a-MODIS_Ec_2004.nc [4229293] -> "/glade/derecho/scratch/bbuchovecky/pml-v2.2/V2.2a-MODIS/yearly/Ec/PML-V2.2a-MODIS_Ec_2004.nc" [1]
2026-10-02 19:50:53 URL: ftp://ftp2.tpdc.ac.cn:6201/PML/V2.2a-MODIS/yearly/Ec/PML-V2.2a-MODIS_Ec_2006.nc [4253845] -> "/glade/derecho/scratch/bbuchovecky/pml-v2.2/V2.2a-MODIS/yearly/Ec/PML-V2.2a-MODIS_Ec_2006.nc" [1]
2026-10-02 19:50:58 URL: ftp://ftp2.tpdc.ac.cn:6201/PML/V2.2a-MODIS/yearly/Ec/PML-V2.2a-MODIS_Ec_2008.nc [4241386] -> "/glade/derecho/scratch/bbuchovecky/pml-v2.2/V2.2a-MODIS/yearly/Ec/PML-V2.2a-MODIS_Ec_2008.nc" [1]
2026-10-02 19:51:04 URL: ftp://ftp3.tpdc.ac.cn:6201/PML/V2.2a-MODIS/yearly/Ec/PML-V2.2a-MODIS_Ec_2007.nc [4259706] -> "/glade/derecho/scratch/bbuchovecky/pml-v2.2/V2.2a-MODIS/yearly/Ec/PML-V2.2a-MODIS_Ec_2007.nc" [1]
2026-10-02 19:51:10 URL: ftp://ftp2.tpdc.ac.cn:6201/PML/V2.2a-MODIS/monthly/GPP/PML-V2.2a-MODIS_GPP_2024.nc [31610457] -> "/glade/derecho/scratch/bbuchovecky/pml-v2.2/V2.2a-MODIS/monthly/GPP/PML-V2.2a-MODIS_GPP_2024.nc" [1]
2026-10-02 19:52:06 URL: ftp://ftp3.tpdc.ac.cn:6201/PML/V2.2a-MODIS/yearly/Ec/PML-V2.2a-MODIS_Ec_2009.nc [4245338] -> "/glade/derecho/scratch/bbuchovecky/pml-v2.2/V2.2a-MODIS/yearly/Ec/PML-V2.2a-MODIS_Ec_2009.nc" [1]
2026-10-02 19:52:09 URL: ftp://ftp2.tpdc.ac.cn:6201/PML/V2.2a-MODIS/yearly/Ec/PML-V2.2a-MODIS_Ec_2010.nc [4268233] -> "/glade/derecho/scratch/bbuchovecky/pml-v2.2/V2.2a-MODIS/yearly/Ec/PML-V2.2a-MODIS_Ec_2010.nc" [1]
2026-10-02 19:52:28 URL: ftp://ftp3.tpdc.ac.cn:6201/PML/V2.2a-MODIS/yearly/Ec/PML-V2.2a-MODIS_Ec_2011.nc [4266234] -> "/glade/derecho/scratch/bbuchovecky/pml-v2.2/V2.2a-MODIS/yearly/Ec/PML-V2.2a-MODIS_Ec_2011.nc" [1]
2026-10-02 19:52:42 URL: ftp://ftp2.tpdc.ac.cn:6201/PML/V2.2a-MODIS/yearly/Ec/PML-V2.2a-MODIS_Ec_2012.nc [4279506] -> "/glade/derecho/scratch/bbuchovecky/pml-v2.2/V2.2a-MODIS/yearly/Ec/PML-V2.2a-MODIS_Ec_2012.nc" [1]
2026-10-02 19:53:04 URL: ftp://ftp3.tpdc.ac.cn:6201/PML/V2.2a-MODIS/yearly/Ec/PML-V2.2a-MODIS_Ec_2013.nc [4263593] -> "/glade/derecho/scratch/bbuchovecky/pml-v2.2/V2.2a-MODIS/yearly/Ec/PML-V2.2a-MODIS_Ec_2013.nc" [1]
2026-10-02 19:53:09 URL: ftp://ftp2.tpdc.ac.cn:6201/PML/V2.2a-MODIS/yearly/Ec/PML-V2.2a-MODIS_Ec_2014.nc [4243639] -> "/glade/derecho/scratch/bbuchovecky/pml-v2.2/V2.2a-MODIS/yearly/Ec/PML-V2.2a-MODIS_Ec_2014.nc" [1]
2026-10-02 19:53:12 URL: ftp://ftp3.tpdc.ac.cn:6201/PML/V2.2a-MODIS/yearly/Ec/PML-V2.2a-MODIS_Ec_2015.nc [4252109] -> "/glade/derecho/scratch/bbuchovecky/pml-v2.2/V2.2a-MODIS/yearly/Ec/PML-V2.2a-MODIS_Ec_2015.nc" [1]
2026-10-02 19:53:19 URL: ftp://ftp2.tpdc.ac.cn:6201/PML/V2.2a-MODIS/yearly/Ec/PML-V2.2a-MODIS_Ec_2016.nc [4280468] -> "/glade/derecho/scratch/bbuchovecky/pml-v2.2/V2.2a-MODIS/yearly/Ec/PML-V2.2a-MODIS_Ec_2016.nc" [1]
2026-10-02 19:54:18 URL: ftp://ftp3.tpdc.ac.cn:6201/PML/V2.2a-MODIS/yearly/Ec/PML-V2.2a-MODIS_Ec_2017.nc [4247184] -> "/glade/derecho/scratch/bbuchovecky/pml-v2.2/V2.2a-MODIS/yearly/Ec/PML-V2.2a-MODIS_Ec_2017.nc" [1]
2026-10-02 19:54:34 URL: ftp://ftp3.tpdc.ac.cn:6201/PML/V2.2a-MODIS/yearly/Ec/PML-V2.2a-MODIS_Ec_2019.nc [4268743] -> "/glade/derecho/scratch/bbuchovecky/pml-v2.2/V2.2a-MODIS/yearly/Ec/PML-V2.2a-MODIS_Ec_2019.nc" [1]
2026-10-02 19:54:43 URL: ftp://ftp2.tpdc.ac.cn:6201/PML/V2.2a-MODIS/yearly/Ec/PML-V2.2a-MODIS_Ec_2020.nc [4268754] -> "/glade/derecho/scratch/bbuchovecky/pml-v2.2/V2.2a-MODIS/yearly/Ec/PML-V2.2a-MODIS_Ec_2020.nc" [1]
2026-10-02 19:54:44 URL: ftp://ftp2.tpdc.ac.cn:6201/PML/V2.2a-MODIS/yearly/Ec/PML-V2.2a-MODIS_Ec_2018.nc [4244062] -> "/glade/derecho/scratch/bbuchovecky/pml-v2.2/V2.2a-MODIS/yearly/Ec/PML-V2.2a-MODIS_Ec_2018.nc" [1]
2026-10-02 19:55:09 URL: ftp://ftp3.tpdc.ac.cn:6201/PML/V2.2a-MODIS/yearly/Ec/PML-V2.2a-MODIS_Ec_2021.nc [4253980] -> "/glade/derecho/scratch/bbuchovecky/pml-v2.2/V2.2a-MODIS/yearly/Ec/PML-V2.2a-MODIS_Ec_2021.nc" [1]
2026-10-02 19:55:23 URL: ftp://ftp2.tpdc.ac.cn:6201/PML/V2.2a-MODIS/yearly/Ec/PML-V2.2a-MODIS_Ec_2022.nc [4269443] -> "/glade/derecho/scratch/bbuchovecky/pml-v2.2/V2.2a-MODIS/yearly/Ec/PML-V2.2a-MODIS_Ec_2022.nc" [1]
2026-10-02 19:55:25 URL: ftp://ftp3.tpdc.ac.cn:6201/PML/V2.2a-MODIS/yearly/Ec/PML-V2.2a-MODIS_Ec_2023.nc [4267867] -> "/glade/derecho/scratch/bbuchovecky/pml-v2.2/V2.2a-MODIS/yearly/Ec/PML-V2.2a-MODIS_Ec_2023.nc" [1]
2026-10-02 19:56:00 URL: ftp://ftp2.tpdc.ac.cn:6201/PML/V2.2a-MODIS/yearly/Ec/PML-V2.2a-MODIS_Ec_2024.nc [4263652] -> "/glade/derecho/scratch/bbuchovecky/pml-v2.2/V2.2a-MODIS/yearly/Ec/PML-V2.2a-MODIS_Ec_2024.nc" [1]
2026-10-02 19:56:55 URL: ftp://ftp3.tpdc.ac.cn:6201/PML/V2.2a-MODIS/yearly/Es/PML-V2.2a-MODIS_Es_2001.nc [4702799] -> "/glade/derecho/scratch/bbuchovecky/pml-v2.2/V2.2a-MODIS/yearly/Es/PML-V2.2a-MODIS_Es_2001.nc" [1]
2026-10-02 19:57:02 URL: ftp://ftp2.tpdc.ac.cn:6201/PML/V2.2a-MODIS/yearly/Es/PML-V2.2a-MODIS_Es_2002.nc [4740191] -> "/glade/derecho/scratch/bbuchovecky/pml-v2.2/V2.2a-MODIS/yearly/Es/PML-V2.2a-MODIS_Es_2002.nc" [1]
2026-10-02 19:57:21 URL: ftp://ftp3.tpdc.ac.cn:6201/PML/V2.2a-MODIS/yearly/Es/PML-V2.2a-MODIS_Es_2003.nc [4726416] -> "/glade/derecho/scratch/bbuchovecky/pml-v2.2/V2.2a-MODIS/yearly/Es/PML-V2.2a-MODIS_Es_2003.nc" [1]
2026-10-02 19:57:29 URL: ftp://ftp3.tpdc.ac.cn:6201/PML/V2.2a-MODIS/yearly/Es/PML-V2.2a-MODIS_Es_2005.nc [4738376] -> "/glade/derecho/scratch/bbuchovecky/pml-v2.2/V2.2a-MODIS/yearly/Es/PML-V2.2a-MODIS_Es_2005.nc" [1]
2026-10-02 19:57:30 URL: ftp://ftp2.tpdc.ac.cn:6201/PML/V2.2a-MODIS/yearly/Es/PML-V2.2a-MODIS_Es_2004.nc [4717050] -> "/glade/derecho/scratch/bbuchovecky/pml-v2.2/V2.2a-MODIS/yearly/Es/PML-V2.2a-MODIS_Es_2004.nc" [1]
2026-10-02 19:57:57 URL: ftp://ftp2.tpdc.ac.cn:6201/PML/V2.2a-MODIS/yearly/Es/PML-V2.2a-MODIS_Es_2006.nc [4739676] -> "/glade/derecho/scratch/bbuchovecky/pml-v2.2/V2.2a-MODIS/yearly/Es/PML-V2.2a-MODIS_Es_2006.nc" [1]
2026-10-02 19:58:01 URL: ftp://ftp3.tpdc.ac.cn:6201/PML/V2.2a-MODIS/yearly/Es/PML-V2.2a-MODIS_Es_2007.nc [4723653] -> "/glade/derecho/scratch/bbuchovecky/pml-v2.2/V2.2a-MODIS/yearly/Es/PML-V2.2a-MODIS_Es_2007.nc" [1]
2026-10-02 19:58:37 URL: ftp://ftp2.tpdc.ac.cn:6201/PML/V2.2a-MODIS/yearly/Es/PML-V2.2a-MODIS_Es_2008.nc [4734063] -> "/glade/derecho/scratch/bbuchovecky/pml-v2.2/V2.2a-MODIS/yearly/Es/PML-V2.2a-MODIS_Es_2008.nc" [1]
2026-10-02 19:59:09 URL: ftp://ftp3.tpdc.ac.cn:6201/PML/V2.2a-MODIS/yearly/Es/PML-V2.2a-MODIS_Es_2009.nc [4748407] -> "/glade/derecho/scratch/bbuchovecky/pml-v2.2/V2.2a-MODIS/yearly/Es/PML-V2.2a-MODIS_Es_2009.nc" [1]
2026-10-02 19:59:44 URL: ftp://ftp3.tpdc.ac.cn:6201/PML/V2.2a-MODIS/yearly/Es/PML-V2.2a-MODIS_Es_2011.nc [4720359] -> "/glade/derecho/scratch/bbuchovecky/pml-v2.2/V2.2a-MODIS/yearly/Es/PML-V2.2a-MODIS_Es_2011.nc" [1]
2026-10-02 20:00:02 URL: ftp://ftp3.tpdc.ac.cn:6201/PML/V2.2a-MODIS/yearly/Es/PML-V2.2a-MODIS_Es_2013.nc [4732901] -> "/glade/derecho/scratch/bbuchovecky/pml-v2.2/V2.2a-MODIS/yearly/Es/PML-V2.2a-MODIS_Es_2013.nc" [1]
2026-10-02 20:00:06 URL: ftp://ftp2.tpdc.ac.cn:6201/PML/V2.2a-MODIS/yearly/Es/PML-V2.2a-MODIS_Es_2012.nc [4736963] -> "/glade/derecho/scratch/bbuchovecky/pml-v2.2/V2.2a-MODIS/yearly/Es/PML-V2.2a-MODIS_Es_2012.nc" [1]
2026-10-02 20:00:13 URL: ftp://ftp2.tpdc.ac.cn:6201/PML/V2.2a-MODIS/yearly/Es/PML-V2.2a-MODIS_Es_2010.nc [4732114] -> "/glade/derecho/scratch/bbuchovecky/pml-v2.2/V2.2a-MODIS/yearly/Es/PML-V2.2a-MODIS_Es_2010.nc" [1]
2026-10-02 20:00:32 URL: ftp://ftp2.tpdc.ac.cn:6201/PML/V2.2a-MODIS/yearly/Es/PML-V2.2a-MODIS_Es_2014.nc [4739720] -> "/glade/derecho/scratch/bbuchovecky/pml-v2.2/V2.2a-MODIS/yearly/Es/PML-V2.2a-MODIS_Es_2014.nc" [1]
2026-10-02 20:00:48 URL: ftp://ftp2.tpdc.ac.cn:6201/PML/V2.2a-MODIS/yearly/Es/PML-V2.2a-MODIS_Es_2016.nc [4738824] -> "/glade/derecho/scratch/bbuchovecky/pml-v2.2/V2.2a-MODIS/yearly/Es/PML-V2.2a-MODIS_Es_2016.nc" [1]
2026-10-02 20:00:55 URL: ftp://ftp3.tpdc.ac.cn:6201/PML/V2.2a-MODIS/yearly/Es/PML-V2.2a-MODIS_Es_2015.nc [4736838] -> "/glade/derecho/scratch/bbuchovecky/pml-v2.2/V2.2a-MODIS/yearly/Es/PML-V2.2a-MODIS_Es_2015.nc" [1]
2026-10-02 20:01:57 URL: ftp://ftp3.tpdc.ac.cn:6201/PML/V2.2a-MODIS/yearly/Es/PML-V2.2a-MODIS_Es_2017.nc [4738954] -> "/glade/derecho/scratch/bbuchovecky/pml-v2.2/V2.2a-MODIS/yearly/Es/PML-V2.2a-MODIS_Es_2017.nc" [1]
2026-10-02 20:02:01 URL: ftp://ftp2.tpdc.ac.cn:6201/PML/V2.2a-MODIS/yearly/Es/PML-V2.2a-MODIS_Es_2018.nc [4757850] -> "/glade/derecho/scratch/bbuchovecky/pml-v2.2/V2.2a-MODIS/yearly/Es/PML-V2.2a-MODIS_Es_2018.nc" [1]
2026-10-02 20:02:45 URL: ftp://ftp3.tpdc.ac.cn:6201/PML/V2.2a-MODIS/yearly/Es/PML-V2.2a-MODIS_Es_2021.nc [4734981] -> "/glade/derecho/scratch/bbuchovecky/pml-v2.2/V2.2a-MODIS/yearly/Es/PML-V2.2a-MODIS_Es_2021.nc" [1]
2026-10-02 20:02:46 URL: ftp://ftp3.tpdc.ac.cn:6201/PML/V2.2a-MODIS/yearly/Es/PML-V2.2a-MODIS_Es_2019.nc [4747978] -> "/glade/derecho/scratch/bbuchovecky/pml-v2.2/V2.2a-MODIS/yearly/Es/PML-V2.2a-MODIS_Es_2019.nc" [1]
2026-10-02 20:02:48 URL: ftp://ftp2.tpdc.ac.cn:6201/PML/V2.2a-MODIS/yearly/Es/PML-V2.2a-MODIS_Es_2020.nc [4734269] -> "/glade/derecho/scratch/bbuchovecky/pml-v2.2/V2.2a-MODIS/yearly/Es/PML-V2.2a-MODIS_Es_2020.nc" [1]
2026-10-02 20:03:17 URL: ftp://ftp3.tpdc.ac.cn:6201/PML/V2.2a-MODIS/yearly/Es/PML-V2.2a-MODIS_Es_2023.nc [4750642] -> "/glade/derecho/scratch/bbuchovecky/pml-v2.2/V2.2a-MODIS/yearly/Es/PML-V2.2a-MODIS_Es_2023.nc" [1]
2026-10-02 20:03:27 URL: ftp://ftp2.tpdc.ac.cn:6201/PML/V2.2a-MODIS/yearly/Es/PML-V2.2a-MODIS_Es_2024.nc [4765788] -> "/glade/derecho/scratch/bbuchovecky/pml-v2.2/V2.2a-MODIS/yearly/Es/PML-V2.2a-MODIS_Es_2024.nc" [1]
2026-10-02 20:03:33 URL: ftp://ftp2.tpdc.ac.cn:6201/PML/V2.2a-MODIS/yearly/Es/PML-V2.2a-MODIS_Es_2022.nc [4734174] -> "/glade/derecho/scratch/bbuchovecky/pml-v2.2/V2.2a-MODIS/yearly/Es/PML-V2.2a-MODIS_Es_2022.nc" [1]
2026-10-02 20:03:59 URL: ftp://ftp3.tpdc.ac.cn:6201/PML/V2.2a-MODIS/yearly/Ei/PML-V2.2a-MODIS_Ei_2001.nc [3570157] -> "/glade/derecho/scratch/bbuchovecky/pml-v2.2/V2.2a-MODIS/yearly/Ei/PML-V2.2a-MODIS_Ei_2001.nc" [1]
2026-10-02 20:04:05 URL: ftp://ftp2.tpdc.ac.cn:6201/PML/V2.2a-MODIS/yearly/Ei/PML-V2.2a-MODIS_Ei_2002.nc [3566797] -> "/glade/derecho/scratch/bbuchovecky/pml-v2.2/V2.2a-MODIS/yearly/Ei/PML-V2.2a-MODIS_Ei_2002.nc" [1]
2026-10-02 20:04:34 URL: ftp://ftp3.tpdc.ac.cn:6201/PML/V2.2a-MODIS/yearly/Ei/PML-V2.2a-MODIS_Ei_2003.nc [3591446] -> "/glade/derecho/scratch/bbuchovecky/pml-v2.2/V2.2a-MODIS/yearly/Ei/PML-V2.2a-MODIS_Ei_2003.nc" [1]
2026-10-02 20:04:42 URL: ftp://ftp2.tpdc.ac.cn:6201/PML/V2.2a-MODIS/yearly/Ei/PML-V2.2a-MODIS_Ei_2004.nc [3571243] -> "/glade/derecho/scratch/bbuchovecky/pml-v2.2/V2.2a-MODIS/yearly/Ei/PML-V2.2a-MODIS_Ei_2004.nc" [1]
2026-10-02 20:04:45 URL: ftp://ftp3.tpdc.ac.cn:6201/PML/V2.2a-MODIS/yearly/Ei/PML-V2.2a-MODIS_Ei_2005.nc [3570614] -> "/glade/derecho/scratch/bbuchovecky/pml-v2.2/V2.2a-MODIS/yearly/Ei/PML-V2.2a-MODIS_Ei_2005.nc" [1]
2026-10-02 20:05:05 URL: ftp://ftp2.tpdc.ac.cn:6201/PML/V2.2a-MODIS/yearly/Ei/PML-V2.2a-MODIS_Ei_2006.nc [3587615] -> "/glade/derecho/scratch/bbuchovecky/pml-v2.2/V2.2a-MODIS/yearly/Ei/PML-V2.2a-MODIS_Ei_2006.nc" [1]
2026-10-02 20:05:27 URL: ftp://ftp3.tpdc.ac.cn:6201/PML/V2.2a-MODIS/yearly/Ei/PML-V2.2a-MODIS_Ei_2007.nc [3587934] -> "/glade/derecho/scratch/bbuchovecky/pml-v2.2/V2.2a-MODIS/yearly/Ei/PML-V2.2a-MODIS_Ei_2007.nc" [1]
2026-10-02 20:05:36 URL: ftp://ftp2.tpdc.ac.cn:6201/PML/V2.2a-MODIS/yearly/Ei/PML-V2.2a-MODIS_Ei_2008.nc [3553309] -> "/glade/derecho/scratch/bbuchovecky/pml-v2.2/V2.2a-MODIS/yearly/Ei/PML-V2.2a-MODIS_Ei_2008.nc" [1]
2026-10-02 20:05:52 URL: ftp://ftp3.tpdc.ac.cn:6201/PML/V2.2a-MODIS/yearly/Ei/PML-V2.2a-MODIS_Ei_2009.nc [3571193] -> "/glade/derecho/scratch/bbuchovecky/pml-v2.2/V2.2a-MODIS/yearly/Ei/PML-V2.2a-MODIS_Ei_2009.nc" [1]
2026-10-02 20:06:05 URL: ftp://ftp2.tpdc.ac.cn:6201/PML/V2.2a-MODIS/yearly/Ei/PML-V2.2a-MODIS_Ei_2010.nc [3607386] -> "/glade/derecho/scratch/bbuchovecky/pml-v2.2/V2.2a-MODIS/yearly/Ei/PML-V2.2a-MODIS_Ei_2010.nc" [1]
2026-10-02 20:06:25 URL: ftp://ftp3.tpdc.ac.cn:6201/PML/V2.2a-MODIS/yearly/Ei/PML-V2.2a-MODIS_Ei_2013.nc [3596583] -> "/glade/derecho/scratch/bbuchovecky/pml-v2.2/V2.2a-MODIS/yearly/Ei/PML-V2.2a-MODIS_Ei_2013.nc" [1]
2026-10-02 20:06:26 URL: ftp://ftp3.tpdc.ac.cn:6201/PML/V2.2a-MODIS/yearly/Ei/PML-V2.2a-MODIS_Ei_2011.nc [3621257] -> "/glade/derecho/scratch/bbuchovecky/pml-v2.2/V2.2a-MODIS/yearly/Ei/PML-V2.2a-MODIS_Ei_2011.nc" [1]
2026-10-02 20:06:38 URL: ftp://ftp2.tpdc.ac.cn:6201/PML/V2.2a-MODIS/yearly/Ei/PML-V2.2a-MODIS_Ei_2012.nc [3611073] -> "/glade/derecho/scratch/bbuchovecky/pml-v2.2/V2.2a-MODIS/yearly/Ei/PML-V2.2a-MODIS_Ei_2012.nc" [1]
2026-10-02 20:06:57 URL: ftp://ftp2.tpdc.ac.cn:6201/PML/V2.2a-MODIS/yearly/Ei/PML-V2.2a-MODIS_Ei_2014.nc [3595620] -> "/glade/derecho/scratch/bbuchovecky/pml-v2.2/V2.2a-MODIS/yearly/Ei/PML-V2.2a-MODIS_Ei_2014.nc" [1]
2026-10-02 20:07:12 URL: ftp://ftp3.tpdc.ac.cn:6201/PML/V2.2a-MODIS/yearly/Ei/PML-V2.2a-MODIS_Ei_2015.nc [3612801] -> "/glade/derecho/scratch/bbuchovecky/pml-v2.2/V2.2a-MODIS/yearly/Ei/PML-V2.2a-MODIS_Ei_2015.nc" [1]
2026-10-02 20:07:20 URL: ftp://ftp2.tpdc.ac.cn:6201/PML/V2.2a-MODIS/yearly/Ei/PML-V2.2a-MODIS_Ei_2016.nc [3640902] -> "/glade/derecho/scratch/bbuchovecky/pml-v2.2/V2.2a-MODIS/yearly/Ei/PML-V2.2a-MODIS_Ei_2016.nc" [1]
2026-10-02 20:07:54 URL: ftp://ftp3.tpdc.ac.cn:6201/PML/V2.2a-MODIS/yearly/Ei/PML-V2.2a-MODIS_Ei_2017.nc [3619542] -> "/glade/derecho/scratch/bbuchovecky/pml-v2.2/V2.2a-MODIS/yearly/Ei/PML-V2.2a-MODIS_Ei_2017.nc" [1]
2026-10-02 20:07:58 URL: ftp://ftp2.tpdc.ac.cn:6201/PML/V2.2a-MODIS/yearly/Ei/PML-V2.2a-MODIS_Ei_2018.nc [3605447] -> "/glade/derecho/scratch/bbuchovecky/pml-v2.2/V2.2a-MODIS/yearly/Ei/PML-V2.2a-MODIS_Ei_2018.nc" [1]
2026-10-02 20:08:07 URL: ftp://ftp3.tpdc.ac.cn:6201/PML/V2.2a-MODIS/yearly/Ei/PML-V2.2a-MODIS_Ei_2019.nc [3598100] -> "/glade/derecho/scratch/bbuchovecky/pml-v2.2/V2.2a-MODIS/yearly/Ei/PML-V2.2a-MODIS_Ei_2019.nc" [1]
2026-10-02 20:08:14 URL: ftp://ftp3.tpdc.ac.cn:6201/PML/V2.2a-MODIS/yearly/Ei/PML-V2.2a-MODIS_Ei_2021.nc [3616617] -> "/glade/derecho/scratch/bbuchovecky/pml-v2.2/V2.2a-MODIS/yearly/Ei/PML-V2.2a-MODIS_Ei_2021.nc" [1]
2026-10-02 20:08:32 URL: ftp://ftp2.tpdc.ac.cn:6201/PML/V2.2a-MODIS/yearly/Ei/PML-V2.2a-MODIS_Ei_2020.nc [3616299] -> "/glade/derecho/scratch/bbuchovecky/pml-v2.2/V2.2a-MODIS/yearly/Ei/PML-V2.2a-MODIS_Ei_2020.nc" [1]
2026-10-02 20:09:07 URL: ftp://ftp2.tpdc.ac.cn:6201/PML/V2.2a-MODIS/yearly/Ei/PML-V2.2a-MODIS_Ei_2022.nc [3614081] -> "/glade/derecho/scratch/bbuchovecky/pml-v2.2/V2.2a-MODIS/yearly/Ei/PML-V2.2a-MODIS_Ei_2022.nc" [1]
2026-10-02 20:09:10 URL: ftp://ftp2.tpdc.ac.cn:6201/PML/V2.2a-MODIS/yearly/Ei/PML-V2.2a-MODIS_Ei_2024.nc [3640171] -> "/glade/derecho/scratch/bbuchovecky/pml-v2.2/V2.2a-MODIS/yearly/Ei/PML-V2.2a-MODIS_Ei_2024.nc" [1]
2026-10-02 20:09:11 URL: ftp://ftp3.tpdc.ac.cn:6201/PML/V2.2a-MODIS/yearly/Ei/PML-V2.2a-MODIS_Ei_2023.nc [3616551] -> "/glade/derecho/scratch/bbuchovecky/pml-v2.2/V2.2a-MODIS/yearly/Ei/PML-V2.2a-MODIS_Ei_2023.nc" [1]
2026-10-02 20:10:23 URL: ftp://ftp3.tpdc.ac.cn:6201/PML/V2.2a-MODIS/yearly/E/PML-V2.2a-MODIS_E_2001.nc [5026252] -> "/glade/derecho/scratch/bbuchovecky/pml-v2.2/V2.2a-MODIS/yearly/E/PML-V2.2a-MODIS_E_2001.nc" [1]
2026-10-02 20:10:29 URL: ftp://ftp2.tpdc.ac.cn:6201/PML/V2.2a-MODIS/yearly/E/PML-V2.2a-MODIS_E_2002.nc [5071849] -> "/glade/derecho/scratch/bbuchovecky/pml-v2.2/V2.2a-MODIS/yearly/E/PML-V2.2a-MODIS_E_2002.nc" [1]
2026-10-02 20:10:30 URL: ftp://ftp3.tpdc.ac.cn:6201/PML/V2.2a-MODIS/yearly/E/PML-V2.2a-MODIS_E_2003.nc [5051877] -> "/glade/derecho/scratch/bbuchovecky/pml-v2.2/V2.2a-MODIS/yearly/E/PML-V2.2a-MODIS_E_2003.nc" [1]
2026-10-02 20:11:07 URL: ftp://ftp3.tpdc.ac.cn:6201/PML/V2.2a-MODIS/yearly/E/PML-V2.2a-MODIS_E_2005.nc [5071606] -> "/glade/derecho/scratch/bbuchovecky/pml-v2.2/V2.2a-MODIS/yearly/E/PML-V2.2a-MODIS_E_2005.nc" [1]
2026-10-02 20:11:11 URL: ftp://ftp2.tpdc.ac.cn:6201/PML/V2.2a-MODIS/yearly/E/PML-V2.2a-MODIS_E_2004.nc [5048998] -> "/glade/derecho/scratch/bbuchovecky/pml-v2.2/V2.2a-MODIS/yearly/E/PML-V2.2a-MODIS_E_2004.nc" [1]
2026-10-02 20:11:54 URL: ftp://ftp3.tpdc.ac.cn:6201/PML/V2.2a-MODIS/yearly/E/PML-V2.2a-MODIS_E_2007.nc [5060376] -> "/glade/derecho/scratch/bbuchovecky/pml-v2.2/V2.2a-MODIS/yearly/E/PML-V2.2a-MODIS_E_2007.nc" [1]
2026-10-02 20:11:58 URL: ftp://ftp2.tpdc.ac.cn:6201/PML/V2.2a-MODIS/yearly/E/PML-V2.2a-MODIS_E_2006.nc [5071816] -> "/glade/derecho/scratch/bbuchovecky/pml-v2.2/V2.2a-MODIS/yearly/E/PML-V2.2a-MODIS_E_2006.nc" [1]
2026-10-02 20:11:58 URL: ftp://ftp2.tpdc.ac.cn:6201/PML/V2.2a-MODIS/yearly/E/PML-V2.2a-MODIS_E_2008.nc [5062266] -> "/glade/derecho/scratch/bbuchovecky/pml-v2.2/V2.2a-MODIS/yearly/E/PML-V2.2a-MODIS_E_2008.nc" [1]
2026-10-02 20:12:44 URL: ftp://ftp3.tpdc.ac.cn:6201/PML/V2.2a-MODIS/yearly/E/PML-V2.2a-MODIS_E_2009.nc [5089960] -> "/glade/derecho/scratch/bbuchovecky/pml-v2.2/V2.2a-MODIS/yearly/E/PML-V2.2a-MODIS_E_2009.nc" [1]
2026-10-02 20:13:15 URL: ftp://ftp3.tpdc.ac.cn:6201/PML/V2.2a-MODIS/yearly/E/PML-V2.2a-MODIS_E_2011.nc [5066977] -> "/glade/derecho/scratch/bbuchovecky/pml-v2.2/V2.2a-MODIS/yearly/E/PML-V2.2a-MODIS_E_2011.nc" [1]
2026-10-02 20:13:36 URL: ftp://ftp2.tpdc.ac.cn:6201/PML/V2.2a-MODIS/yearly/E/PML-V2.2a-MODIS_E_2010.nc [5072298] -> "/glade/derecho/scratch/bbuchovecky/pml-v2.2/V2.2a-MODIS/yearly/E/PML-V2.2a-MODIS_E_2010.nc" [1]
2026-10-02 20:13:50 URL: ftp://ftp2.tpdc.ac.cn:6201/PML/V2.2a-MODIS/yearly/E/PML-V2.2a-MODIS_E_2012.nc [5082944] -> "/glade/derecho/scratch/bbuchovecky/pml-v2.2/V2.2a-MODIS/yearly/E/PML-V2.2a-MODIS_E_2012.nc" [1]
2026-10-02 20:13:55 URL: ftp://ftp3.tpdc.ac.cn:6201/PML/V2.2a-MODIS/yearly/E/PML-V2.2a-MODIS_E_2013.nc [5066395] -> "/glade/derecho/scratch/bbuchovecky/pml-v2.2/V2.2a-MODIS/yearly/E/PML-V2.2a-MODIS_E_2013.nc" [1]
2026-10-02 20:14:43 URL: ftp://ftp3.tpdc.ac.cn:6201/PML/V2.2a-MODIS/yearly/E/PML-V2.2a-MODIS_E_2015.nc [5071764] -> "/glade/derecho/scratch/bbuchovecky/pml-v2.2/V2.2a-MODIS/yearly/E/PML-V2.2a-MODIS_E_2015.nc" [1]
2026-10-02 20:14:44 URL: ftp://ftp2.tpdc.ac.cn:6201/PML/V2.2a-MODIS/yearly/E/PML-V2.2a-MODIS_E_2016.nc [5082472] -> "/glade/derecho/scratch/bbuchovecky/pml-v2.2/V2.2a-MODIS/yearly/E/PML-V2.2a-MODIS_E_2016.nc" [1]
2026-10-02 20:14:53 URL: ftp://ftp2.tpdc.ac.cn:6201/PML/V2.2a-MODIS/yearly/E/PML-V2.2a-MODIS_E_2014.nc [5077710] -> "/glade/derecho/scratch/bbuchovecky/pml-v2.2/V2.2a-MODIS/yearly/E/PML-V2.2a-MODIS_E_2014.nc" [1]
2026-10-02 20:15:10 URL: ftp://ftp3.tpdc.ac.cn:6201/PML/V2.2a-MODIS/yearly/E/PML-V2.2a-MODIS_E_2017.nc [5074056] -> "/glade/derecho/scratch/bbuchovecky/pml-v2.2/V2.2a-MODIS/yearly/E/PML-V2.2a-MODIS_E_2017.nc" [1]
2026-10-02 20:15:42 URL: ftp://ftp3.tpdc.ac.cn:6201/PML/V2.2a-MODIS/yearly/Ew/PML-V2.2a-MODIS_Ew_2001.nc [1283340] -> "/glade/derecho/scratch/bbuchovecky/pml-v2.2/V2.2a-MODIS/yearly/Ew/PML-V2.2a-MODIS_Ew_2001.nc" [1]
2026-10-02 20:15:45 URL: ftp://ftp2.tpdc.ac.cn:6201/PML/V2.2a-MODIS/yearly/E/PML-V2.2a-MODIS_E_2018.nc [5105921] -> "/glade/derecho/scratch/bbuchovecky/pml-v2.2/V2.2a-MODIS/yearly/E/PML-V2.2a-MODIS_E_2018.nc" [1]
2026-10-02 20:16:19 URL: ftp://ftp3.tpdc.ac.cn:6201/PML/V2.2a-MODIS/yearly/Ew/PML-V2.2a-MODIS_Ew_2003.nc [1255598] -> "/glade/derecho/scratch/bbuchovecky/pml-v2.2/V2.2a-MODIS/yearly/Ew/PML-V2.2a-MODIS_Ew_2003.nc" [1]
2026-10-02 20:16:21 URL: ftp://ftp2.tpdc.ac.cn:6201/PML/V2.2a-MODIS/yearly/Ew/PML-V2.2a-MODIS_Ew_2002.nc [1253890] -> "/glade/derecho/scratch/bbuchovecky/pml-v2.2/V2.2a-MODIS/yearly/Ew/PML-V2.2a-MODIS_Ew_2002.nc" [1]
2026-10-02 20:16:22 URL: ftp://ftp2.tpdc.ac.cn:6201/PML/V2.2a-MODIS/yearly/E/PML-V2.2a-MODIS_E_2020.nc [5075383] -> "/glade/derecho/scratch/bbuchovecky/pml-v2.2/V2.2a-MODIS/yearly/E/PML-V2.2a-MODIS_E_2020.nc" [1]
2026-10-02 20:16:32 URL: ftp://ftp3.tpdc.ac.cn:6201/PML/V2.2a-MODIS/yearly/E/PML-V2.2a-MODIS_E_2019.nc [5093769] -> "/glade/derecho/scratch/bbuchovecky/pml-v2.2/V2.2a-MODIS/yearly/E/PML-V2.2a-MODIS_E_2019.nc" [1]
2026-10-02 20:16:38 URL: ftp://ftp3.tpdc.ac.cn:6201/PML/V2.2a-MODIS/yearly/E/PML-V2.2a-MODIS_E_2021.nc [5068633] -> "/glade/derecho/scratch/bbuchovecky/pml-v2.2/V2.2a-MODIS/yearly/E/PML-V2.2a-MODIS_E_2021.nc" [1]
2026-10-02 20:16:54 URL: ftp://ftp2.tpdc.ac.cn:6201/PML/V2.2a-MODIS/yearly/Ew/PML-V2.2a-MODIS_Ew_2004.nc [1257183] -> "/glade/derecho/scratch/bbuchovecky/pml-v2.2/V2.2a-MODIS/yearly/Ew/PML-V2.2a-MODIS_Ew_2004.nc" [1]
2026-10-02 20:16:59 URL: ftp://ftp3.tpdc.ac.cn:6201/PML/V2.2a-MODIS/yearly/Ew/PML-V2.2a-MODIS_Ew_2005.nc [1268301] -> "/glade/derecho/scratch/bbuchovecky/pml-v2.2/V2.2a-MODIS/yearly/Ew/PML-V2.2a-MODIS_Ew_2005.nc" [1]
2026-10-02 20:17:14 URL: ftp://ftp2.tpdc.ac.cn:6201/PML/V2.2a-MODIS/yearly/Ew/PML-V2.2a-MODIS_Ew_2006.nc [1263812] -> "/glade/derecho/scratch/bbuchovecky/pml-v2.2/V2.2a-MODIS/yearly/Ew/PML-V2.2a-MODIS_Ew_2006.nc" [1]
2026-10-02 20:17:14 URL: ftp://ftp3.tpdc.ac.cn:6201/PML/V2.2a-MODIS/yearly/Ew/PML-V2.2a-MODIS_Ew_2007.nc [1260206] -> "/glade/derecho/scratch/bbuchovecky/pml-v2.2/V2.2a-MODIS/yearly/Ew/PML-V2.2a-MODIS_Ew_2007.nc" [1]
2026-10-02 20:17:21 URL: ftp://ftp2.tpdc.ac.cn:6201/PML/V2.2a-MODIS/yearly/Ew/PML-V2.2a-MODIS_Ew_2008.nc [1255358] -> "/glade/derecho/scratch/bbuchovecky/pml-v2.2/V2.2a-MODIS/yearly/Ew/PML-V2.2a-MODIS_Ew_2008.nc" [1]
2026-10-02 20:17:34 URL: ftp://ftp3.tpdc.ac.cn:6201/PML/V2.2a-MODIS/yearly/E/PML-V2.2a-MODIS_E_2023.nc [5089298] -> "/glade/derecho/scratch/bbuchovecky/pml-v2.2/V2.2a-MODIS/yearly/E/PML-V2.2a-MODIS_E_2023.nc" [1]
2026-10-02 20:17:35 URL: ftp://ftp2.tpdc.ac.cn:6201/PML/V2.2a-MODIS/yearly/E/PML-V2.2a-MODIS_E_2022.nc [5077187] -> "/glade/derecho/scratch/bbuchovecky/pml-v2.2/V2.2a-MODIS/yearly/E/PML-V2.2a-MODIS_E_2022.nc" [1]
2026-10-02 20:17:35 URL: ftp://ftp2.tpdc.ac.cn:6201/PML/V2.2a-MODIS/yearly/Ew/PML-V2.2a-MODIS_Ew_2010.nc [1257323] -> "/glade/derecho/scratch/bbuchovecky/pml-v2.2/V2.2a-MODIS/yearly/Ew/PML-V2.2a-MODIS_Ew_2010.nc" [1]
2026-10-02 20:17:37 URL: ftp://ftp3.tpdc.ac.cn:6201/PML/V2.2a-MODIS/yearly/Ew/PML-V2.2a-MODIS_Ew_2009.nc [1255762] -> "/glade/derecho/scratch/bbuchovecky/pml-v2.2/V2.2a-MODIS/yearly/Ew/PML-V2.2a-MODIS_Ew_2009.nc" [1]
2026-10-02 20:17:41 URL: ftp://ftp3.tpdc.ac.cn:6201/PML/V2.2a-MODIS/yearly/Ew/PML-V2.2a-MODIS_Ew_2011.nc [1254028] -> "/glade/derecho/scratch/bbuchovecky/pml-v2.2/V2.2a-MODIS/yearly/Ew/PML-V2.2a-MODIS_Ew_2011.nc" [1]
2026-10-02 20:17:50 URL: ftp://ftp2.tpdc.ac.cn:6201/PML/V2.2a-MODIS/yearly/E/PML-V2.2a-MODIS_E_2024.nc [5109977] -> "/glade/derecho/scratch/bbuchovecky/pml-v2.2/V2.2a-MODIS/yearly/E/PML-V2.2a-MODIS_E_2024.nc" [1]
2026-10-02 20:17:51 URL: ftp://ftp2.tpdc.ac.cn:6201/PML/V2.2a-MODIS/yearly/Ew/PML-V2.2a-MODIS_Ew_2012.nc [1250044] -> "/glade/derecho/scratch/bbuchovecky/pml-v2.2/V2.2a-MODIS/yearly/Ew/PML-V2.2a-MODIS_Ew_2012.nc" [1]
2026-10-02 20:18:01 URL: ftp://ftp3.tpdc.ac.cn:6201/PML/V2.2a-MODIS/yearly/Ew/PML-V2.2a-MODIS_Ew_2013.nc [1246505] -> "/glade/derecho/scratch/bbuchovecky/pml-v2.2/V2.2a-MODIS/yearly/Ew/PML-V2.2a-MODIS_Ew_2013.nc" [1]
2026-10-02 20:18:06 URL: ftp://ftp2.tpdc.ac.cn:6201/PML/V2.2a-MODIS/yearly/Ew/PML-V2.2a-MODIS_Ew_2014.nc [1247763] -> "/glade/derecho/scratch/bbuchovecky/pml-v2.2/V2.2a-MODIS/yearly/Ew/PML-V2.2a-MODIS_Ew_2014.nc" [1]
2026-10-02 20:18:12 URL: ftp://ftp3.tpdc.ac.cn:6201/PML/V2.2a-MODIS/yearly/Ew/PML-V2.2a-MODIS_Ew_2015.nc [1244725] -> "/glade/derecho/scratch/bbuchovecky/pml-v2.2/V2.2a-MODIS/yearly/Ew/PML-V2.2a-MODIS_Ew_2015.nc" [1]
2026-10-02 20:18:23 URL: ftp://ftp2.tpdc.ac.cn:6201/PML/V2.2a-MODIS/yearly/Ew/PML-V2.2a-MODIS_Ew_2018.nc [1253900] -> "/glade/derecho/scratch/bbuchovecky/pml-v2.2/V2.2a-MODIS/yearly/Ew/PML-V2.2a-MODIS_Ew_2018.nc" [1]
2026-10-02 20:18:24 URL: ftp://ftp3.tpdc.ac.cn:6201/PML/V2.2a-MODIS/yearly/Ew/PML-V2.2a-MODIS_Ew_2021.nc [1253847] -> "/glade/derecho/scratch/bbuchovecky/pml-v2.2/V2.2a-MODIS/yearly/Ew/PML-V2.2a-MODIS_Ew_2021.nc" [1]
2026-10-02 20:18:24 URL: ftp://ftp3.tpdc.ac.cn:6201/PML/V2.2a-MODIS/yearly/Ew/PML-V2.2a-MODIS_Ew_2019.nc [1256877] -> "/glade/derecho/scratch/bbuchovecky/pml-v2.2/V2.2a-MODIS/yearly/Ew/PML-V2.2a-MODIS_Ew_2019.nc" [1]
2026-10-02 20:18:25 URL: ftp://ftp2.tpdc.ac.cn:6201/PML/V2.2a-MODIS/yearly/Ew/PML-V2.2a-MODIS_Ew_2016.nc [1248717] -> "/glade/derecho/scratch/bbuchovecky/pml-v2.2/V2.2a-MODIS/yearly/Ew/PML-V2.2a-MODIS_Ew_2016.nc" [1]
2026-10-02 20:18:27 URL: ftp://ftp3.tpdc.ac.cn:6201/PML/V2.2a-MODIS/yearly/Ew/PML-V2.2a-MODIS_Ew_2017.nc [1248123] -> "/glade/derecho/scratch/bbuchovecky/pml-v2.2/V2.2a-MODIS/yearly/Ew/PML-V2.2a-MODIS_Ew_2017.nc" [1]
2026-10-02 20:18:41 URL: ftp://ftp2.tpdc.ac.cn:6201/PML/V2.2a-MODIS/yearly/Ew/PML-V2.2a-MODIS_Ew_2020.nc [1254138] -> "/glade/derecho/scratch/bbuchovecky/pml-v2.2/V2.2a-MODIS/yearly/Ew/PML-V2.2a-MODIS_Ew_2020.nc" [1]
2026-10-02 20:18:45 URL: ftp://ftp3.tpdc.ac.cn:6201/PML/V2.2a-MODIS/yearly/Ew/PML-V2.2a-MODIS_Ew_2023.nc [1261262] -> "/glade/derecho/scratch/bbuchovecky/pml-v2.2/V2.2a-MODIS/yearly/Ew/PML-V2.2a-MODIS_Ew_2023.nc" [1]
2026-10-02 20:18:48 URL: ftp://ftp2.tpdc.ac.cn:6201/PML/V2.2a-MODIS/yearly/Ew/PML-V2.2a-MODIS_Ew_2022.nc [1251998] -> "/glade/derecho/scratch/bbuchovecky/pml-v2.2/V2.2a-MODIS/yearly/Ew/PML-V2.2a-MODIS_Ew_2022.nc" [1]
2026-10-02 20:19:12 URL: ftp://ftp2.tpdc.ac.cn:6201/PML/V2.2a-MODIS/yearly/Ew/PML-V2.2a-MODIS_Ew_2024.nc [1258358] -> "/glade/derecho/scratch/bbuchovecky/pml-v2.2/V2.2a-MODIS/yearly/Ew/PML-V2.2a-MODIS_Ew_2024.nc" [1]
2026-10-02 20:20:54 URL: ftp://ftp3.tpdc.ac.cn:6201/PML/V2.2a-MODIS/yearly/PET/PML-V2.2a-MODIS_PET_2001.nc [5166792] -> "/glade/derecho/scratch/bbuchovecky/pml-v2.2/V2.2a-MODIS/yearly/PET/PML-V2.2a-MODIS_PET_2001.nc" [1]
2026-10-02 20:20:56 URL: ftp://ftp3.tpdc.ac.cn:6201/PML/V2.2a-MODIS/yearly/PET/PML-V2.2a-MODIS_PET_2003.nc [5163524] -> "/glade/derecho/scratch/bbuchovecky/pml-v2.2/V2.2a-MODIS/yearly/PET/PML-V2.2a-MODIS_PET_2003.nc" [1]
2026-10-02 20:21:01 URL: ftp://ftp2.tpdc.ac.cn:6201/PML/V2.2a-MODIS/yearly/PET/PML-V2.2a-MODIS_PET_2002.nc [5174744] -> "/glade/derecho/scratch/bbuchovecky/pml-v2.2/V2.2a-MODIS/yearly/PET/PML-V2.2a-MODIS_PET_2002.nc" [1]
2026-10-02 20:21:17 URL: ftp://ftp2.tpdc.ac.cn:6201/PML/V2.2a-MODIS/yearly/PET/PML-V2.2a-MODIS_PET_2004.nc [5175287] -> "/glade/derecho/scratch/bbuchovecky/pml-v2.2/V2.2a-MODIS/yearly/PET/PML-V2.2a-MODIS_PET_2004.nc" [1]
2026-10-02 20:21:21 URL: ftp://ftp3.tpdc.ac.cn:6201/PML/V2.2a-MODIS/yearly/PET/PML-V2.2a-MODIS_PET_2005.nc [5169615] -> "/glade/derecho/scratch/bbuchovecky/pml-v2.2/V2.2a-MODIS/yearly/PET/PML-V2.2a-MODIS_PET_2005.nc" [1]
2026-10-02 20:21:33 URL: ftp://ftp3.tpdc.ac.cn:6201/PML/V2.2a-MODIS/yearly/PET/PML-V2.2a-MODIS_PET_2007.nc [5177408] -> "/glade/derecho/scratch/bbuchovecky/pml-v2.2/V2.2a-MODIS/yearly/PET/PML-V2.2a-MODIS_PET_2007.nc" [1]
2026-10-02 20:21:40 URL: ftp://ftp2.tpdc.ac.cn:6201/PML/V2.2a-MODIS/yearly/PET/PML-V2.2a-MODIS_PET_2006.nc [5173102] -> "/glade/derecho/scratch/bbuchovecky/pml-v2.2/V2.2a-MODIS/yearly/PET/PML-V2.2a-MODIS_PET_2006.nc" [1]
2026-10-02 20:21:57 URL: ftp://ftp2.tpdc.ac.cn:6201/PML/V2.2a-MODIS/yearly/PET/PML-V2.2a-MODIS_PET_2008.nc [5165964] -> "/glade/derecho/scratch/bbuchovecky/pml-v2.2/V2.2a-MODIS/yearly/PET/PML-V2.2a-MODIS_PET_2008.nc" [1]
2026-10-02 20:23:48 URL: ftp://ftp3.tpdc.ac.cn:6201/PML/V2.2a-MODIS/yearly/PET/PML-V2.2a-MODIS_PET_2009.nc [5169270] -> "/glade/derecho/scratch/bbuchovecky/pml-v2.2/V2.2a-MODIS/yearly/PET/PML-V2.2a-MODIS_PET_2009.nc" [1]
2026-10-02 20:23:48 URL: ftp://ftp2.tpdc.ac.cn:6201/PML/V2.2a-MODIS/yearly/PET/PML-V2.2a-MODIS_PET_2010.nc [5186349] -> "/glade/derecho/scratch/bbuchovecky/pml-v2.2/V2.2a-MODIS/yearly/PET/PML-V2.2a-MODIS_PET_2010.nc" [1]
2026-10-02 20:23:49 URL: ftp://ftp3.tpdc.ac.cn:6201/PML/V2.2a-MODIS/yearly/PET/PML-V2.2a-MODIS_PET_2011.nc [5176575] -> "/glade/derecho/scratch/bbuchovecky/pml-v2.2/V2.2a-MODIS/yearly/PET/PML-V2.2a-MODIS_PET_2011.nc" [1]
2026-10-02 20:24:07 URL: ftp://ftp3.tpdc.ac.cn:6201/PML/V2.2a-MODIS/yearly/PET/PML-V2.2a-MODIS_PET_2013.nc [5181335] -> "/glade/derecho/scratch/bbuchovecky/pml-v2.2/V2.2a-MODIS/yearly/PET/PML-V2.2a-MODIS_PET_2013.nc" [1]
2026-10-02 20:24:08 URL: ftp://ftp2.tpdc.ac.cn:6201/PML/V2.2a-MODIS/yearly/PET/PML-V2.2a-MODIS_PET_2012.nc [5180671] -> "/glade/derecho/scratch/bbuchovecky/pml-v2.2/V2.2a-MODIS/yearly/PET/PML-V2.2a-MODIS_PET_2012.nc" [1]
2026-10-02 20:24:19 URL: ftp://ftp3.tpdc.ac.cn:6201/PML/V2.2a-MODIS/yearly/PET/PML-V2.2a-MODIS_PET_2015.nc [5171999] -> "/glade/derecho/scratch/bbuchovecky/pml-v2.2/V2.2a-MODIS/yearly/PET/PML-V2.2a-MODIS_PET_2015.nc" [1]
2026-10-02 20:24:45 URL: ftp://ftp2.tpdc.ac.cn:6201/PML/V2.2a-MODIS/yearly/PET/PML-V2.2a-MODIS_PET_2016.nc [5178613] -> "/glade/derecho/scratch/bbuchovecky/pml-v2.2/V2.2a-MODIS/yearly/PET/PML-V2.2a-MODIS_PET_2016.nc" [1]
2026-10-02 20:24:47 URL: ftp://ftp2.tpdc.ac.cn:6201/PML/V2.2a-MODIS/yearly/PET/PML-V2.2a-MODIS_PET_2014.nc [5176140] -> "/glade/derecho/scratch/bbuchovecky/pml-v2.2/V2.2a-MODIS/yearly/PET/PML-V2.2a-MODIS_PET_2014.nc" [1]
2026-10-02 20:26:21 URL: ftp://ftp3.tpdc.ac.cn:6201/PML/V2.2a-MODIS/yearly/PET/PML-V2.2a-MODIS_PET_2019.nc [5177570] -> "/glade/derecho/scratch/bbuchovecky/pml-v2.2/V2.2a-MODIS/yearly/PET/PML-V2.2a-MODIS_PET_2019.nc" [1]
2026-10-02 20:26:34 URL: ftp://ftp3.tpdc.ac.cn:6201/PML/V2.2a-MODIS/yearly/PET/PML-V2.2a-MODIS_PET_2017.nc [5170076] -> "/glade/derecho/scratch/bbuchovecky/pml-v2.2/V2.2a-MODIS/yearly/PET/PML-V2.2a-MODIS_PET_2017.nc" [1]
2026-10-02 20:26:35 URL: ftp://ftp2.tpdc.ac.cn:6201/PML/V2.2a-MODIS/yearly/PET/PML-V2.2a-MODIS_PET_2018.nc [5180033] -> "/glade/derecho/scratch/bbuchovecky/pml-v2.2/V2.2a-MODIS/yearly/PET/PML-V2.2a-MODIS_PET_2018.nc" [1]
2026-10-02 20:26:46 URL: ftp://ftp3.tpdc.ac.cn:6201/PML/V2.2a-MODIS/yearly/PET/PML-V2.2a-MODIS_PET_2021.nc [5187557] -> "/glade/derecho/scratch/bbuchovecky/pml-v2.2/V2.2a-MODIS/yearly/PET/PML-V2.2a-MODIS_PET_2021.nc" [1]
2026-10-02 20:27:05 URL: ftp://ftp2.tpdc.ac.cn:6201/PML/V2.2a-MODIS/yearly/PET/PML-V2.2a-MODIS_PET_2022.nc [5180338] -> "/glade/derecho/scratch/bbuchovecky/pml-v2.2/V2.2a-MODIS/yearly/PET/PML-V2.2a-MODIS_PET_2022.nc" [1]
2026-10-02 20:27:07 URL: ftp://ftp2.tpdc.ac.cn:6201/PML/V2.2a-MODIS/yearly/PET/PML-V2.2a-MODIS_PET_2020.nc [5185361] -> "/glade/derecho/scratch/bbuchovecky/pml-v2.2/V2.2a-MODIS/yearly/PET/PML-V2.2a-MODIS_PET_2020.nc" [1]
2026-10-02 20:27:42 URL: ftp://ftp3.tpdc.ac.cn:6201/PML/V2.2a-MODIS/yearly/PET/PML-V2.2a-MODIS_PET_2023.nc [5183403] -> "/glade/derecho/scratch/bbuchovecky/pml-v2.2/V2.2a-MODIS/yearly/PET/PML-V2.2a-MODIS_PET_2023.nc" [1]
2026-10-02 20:28:01 URL: ftp://ftp2.tpdc.ac.cn:6201/PML/V2.2a-MODIS/yearly/PET/PML-V2.2a-MODIS_PET_2024.nc [5185028] -> "/glade/derecho/scratch/bbuchovecky/pml-v2.2/V2.2a-MODIS/yearly/PET/PML-V2.2a-MODIS_PET_2024.nc" [1]
2026-10-02 20:28:36 URL: ftp://ftp3.tpdc.ac.cn:6201/PML/V2.2a-MODIS/yearly/GPP/PML-V2.2a-MODIS_GPP_2001.nc [4622394] -> "/glade/derecho/scratch/bbuchovecky/pml-v2.2/V2.2a-MODIS/yearly/GPP/PML-V2.2a-MODIS_GPP_2001.nc" [1]
2026-10-02 20:28:52 URL: ftp://ftp3.tpdc.ac.cn:6201/PML/V2.2a-MODIS/yearly/GPP/PML-V2.2a-MODIS_GPP_2003.nc [4622972] -> "/glade/derecho/scratch/bbuchovecky/pml-v2.2/V2.2a-MODIS/yearly/GPP/PML-V2.2a-MODIS_GPP_2003.nc" [1]
2026-10-02 20:29:15 URL: ftp://ftp2.tpdc.ac.cn:6201/PML/V2.2a-MODIS/yearly/GPP/PML-V2.2a-MODIS_GPP_2006.nc [4624475] -> "/glade/derecho/scratch/bbuchovecky/pml-v2.2/V2.2a-MODIS/yearly/GPP/PML-V2.2a-MODIS_GPP_2006.nc" [1]
2026-10-02 20:29:21 URL: ftp://ftp2.tpdc.ac.cn:6201/PML/V2.2a-MODIS/yearly/GPP/PML-V2.2a-MODIS_GPP_2002.nc [4626989] -> "/glade/derecho/scratch/bbuchovecky/pml-v2.2/V2.2a-MODIS/yearly/GPP/PML-V2.2a-MODIS_GPP_2002.nc" [1]
2026-10-02 20:29:24 URL: ftp://ftp3.tpdc.ac.cn:6201/PML/V2.2a-MODIS/yearly/GPP/PML-V2.2a-MODIS_GPP_2005.nc [4621474] -> "/glade/derecho/scratch/bbuchovecky/pml-v2.2/V2.2a-MODIS/yearly/GPP/PML-V2.2a-MODIS_GPP_2005.nc" [1]
2026-10-02 20:29:27 URL: ftp://ftp2.tpdc.ac.cn:6201/PML/V2.2a-MODIS/yearly/GPP/PML-V2.2a-MODIS_GPP_2004.nc [4622321] -> "/glade/derecho/scratch/bbuchovecky/pml-v2.2/V2.2a-MODIS/yearly/GPP/PML-V2.2a-MODIS_GPP_2004.nc" [1]
2026-10-02 20:30:04 URL: ftp://ftp3.tpdc.ac.cn:6201/PML/V2.2a-MODIS/yearly/GPP/PML-V2.2a-MODIS_GPP_2007.nc [4630859] -> "/glade/derecho/scratch/bbuchovecky/pml-v2.2/V2.2a-MODIS/yearly/GPP/PML-V2.2a-MODIS_GPP_2007.nc" [1]
2026-10-02 20:30:50 URL: ftp://ftp2.tpdc.ac.cn:6201/PML/V2.2a-MODIS/yearly/GPP/PML-V2.2a-MODIS_GPP_2008.nc [4621379] -> "/glade/derecho/scratch/bbuchovecky/pml-v2.2/V2.2a-MODIS/yearly/GPP/PML-V2.2a-MODIS_GPP_2008.nc" [1]
2026-10-02 20:31:09 URL: ftp://ftp2.tpdc.ac.cn:6201/PML/V2.2a-MODIS/yearly/GPP/PML-V2.2a-MODIS_GPP_2010.nc [4630740] -> "/glade/derecho/scratch/bbuchovecky/pml-v2.2/V2.2a-MODIS/yearly/GPP/PML-V2.2a-MODIS_GPP_2010.nc" [1]
2026-10-02 20:31:25 URL: ftp://ftp3.tpdc.ac.cn:6201/PML/V2.2a-MODIS/yearly/GPP/PML-V2.2a-MODIS_GPP_2009.nc [4623359] -> "/glade/derecho/scratch/bbuchovecky/pml-v2.2/V2.2a-MODIS/yearly/GPP/PML-V2.2a-MODIS_GPP_2009.nc" [1]
2026-10-02 20:31:38 URL: ftp://ftp3.tpdc.ac.cn:6201/PML/V2.2a-MODIS/yearly/GPP/PML-V2.2a-MODIS_GPP_2011.nc [4630788] -> "/glade/derecho/scratch/bbuchovecky/pml-v2.2/V2.2a-MODIS/yearly/GPP/PML-V2.2a-MODIS_GPP_2011.nc" [1]
2026-10-02 20:31:53 URL: ftp://ftp3.tpdc.ac.cn:6201/PML/V2.2a-MODIS/yearly/GPP/PML-V2.2a-MODIS_GPP_2013.nc [4628629] -> "/glade/derecho/scratch/bbuchovecky/pml-v2.2/V2.2a-MODIS/yearly/GPP/PML-V2.2a-MODIS_GPP_2013.nc" [1]
2026-10-02 20:32:07 URL: ftp://ftp2.tpdc.ac.cn:6201/PML/V2.2a-MODIS/yearly/GPP/PML-V2.2a-MODIS_GPP_2012.nc [4632967] -> "/glade/derecho/scratch/bbuchovecky/pml-v2.2/V2.2a-MODIS/yearly/GPP/PML-V2.2a-MODIS_GPP_2012.nc" [1]
2026-10-02 20:32:14 URL: ftp://ftp2.tpdc.ac.cn:6201/PML/V2.2a-MODIS/yearly/GPP/PML-V2.2a-MODIS_GPP_2014.nc [4628458] -> "/glade/derecho/scratch/bbuchovecky/pml-v2.2/V2.2a-MODIS/yearly/GPP/PML-V2.2a-MODIS_GPP_2014.nc" [1]
2026-10-02 20:32:48 URL: ftp://ftp3.tpdc.ac.cn:6201/PML/V2.2a-MODIS/yearly/GPP/PML-V2.2a-MODIS_GPP_2015.nc [4629846] -> "/glade/derecho/scratch/bbuchovecky/pml-v2.2/V2.2a-MODIS/yearly/GPP/PML-V2.2a-MODIS_GPP_2015.nc" [1]
2026-10-02 20:33:25 URL: ftp://ftp2.tpdc.ac.cn:6201/PML/V2.2a-MODIS/yearly/GPP/PML-V2.2a-MODIS_GPP_2016.nc [4634357] -> "/glade/derecho/scratch/bbuchovecky/pml-v2.2/V2.2a-MODIS/yearly/GPP/PML-V2.2a-MODIS_GPP_2016.nc" [1]
2026-10-02 20:34:06 URL: ftp://ftp3.tpdc.ac.cn:6201/PML/V2.2a-MODIS/yearly/GPP/PML-V2.2a-MODIS_GPP_2017.nc [4625889] -> "/glade/derecho/scratch/bbuchovecky/pml-v2.2/V2.2a-MODIS/yearly/GPP/PML-V2.2a-MODIS_GPP_2017.nc" [1]
2026-10-02 20:34:26 URL: ftp://ftp3.tpdc.ac.cn:6201/PML/V2.2a-MODIS/yearly/GPP/PML-V2.2a-MODIS_GPP_2019.nc [4635941] -> "/glade/derecho/scratch/bbuchovecky/pml-v2.2/V2.2a-MODIS/yearly/GPP/PML-V2.2a-MODIS_GPP_2019.nc" [1]
2026-10-02 20:34:29 URL: ftp://ftp2.tpdc.ac.cn:6201/PML/V2.2a-MODIS/yearly/GPP/PML-V2.2a-MODIS_GPP_2018.nc [4628171] -> "/glade/derecho/scratch/bbuchovecky/pml-v2.2/V2.2a-MODIS/yearly/GPP/PML-V2.2a-MODIS_GPP_2018.nc" [1]
2026-10-02 20:34:34 URL: ftp://ftp2.tpdc.ac.cn:6201/PML/V2.2a-MODIS/yearly/GPP/PML-V2.2a-MODIS_GPP_2020.nc [4634744] -> "/glade/derecho/scratch/bbuchovecky/pml-v2.2/V2.2a-MODIS/yearly/GPP/PML-V2.2a-MODIS_GPP_2020.nc" [1]
2026-10-02 20:34:55 URL: ftp://ftp3.tpdc.ac.cn:6201/PML/V2.2a-MODIS/yearly/GPP/PML-V2.2a-MODIS_GPP_2021.nc [4634910] -> "/glade/derecho/scratch/bbuchovecky/pml-v2.2/V2.2a-MODIS/yearly/GPP/PML-V2.2a-MODIS_GPP_2021.nc" [1]
2026-10-02 20:34:57 URL: ftp://ftp2.tpdc.ac.cn:6201/PML/V2.2a-MODIS/yearly/GPP/PML-V2.2a-MODIS_GPP_2022.nc [4636609] -> "/glade/derecho/scratch/bbuchovecky/pml-v2.2/V2.2a-MODIS/yearly/GPP/PML-V2.2a-MODIS_GPP_2022.nc" [1]
2026-10-02 20:35:26 URL: ftp://ftp3.tpdc.ac.cn:6201/PML/V2.2a-MODIS/yearly/GPP/PML-V2.2a-MODIS_GPP_2023.nc [4634055] -> "/glade/derecho/scratch/bbuchovecky/pml-v2.2/V2.2a-MODIS/yearly/GPP/PML-V2.2a-MODIS_GPP_2023.nc" [1]
2026-10-02 20:36:08 URL: ftp://ftp2.tpdc.ac.cn:6201/PML/V2.2a-MODIS/yearly/GPP/PML-V2.2a-MODIS_GPP_2024.nc [4636045] -> "/glade/derecho/scratch/bbuchovecky/pml-v2.2/V2.2a-MODIS/yearly/GPP/PML-V2.2a-MODIS_GPP_2024.nc" [1]
2026-10-02 21:18:00 URL: ftp://ftp3.tpdc.ac.cn:6201/PML/V2.2a-VIIRS/8-day/ET/PML-V2.2a-VIIRS_ET_2012.nc [79185547] -> "/glade/derecho/scratch/bbuchovecky/pml-v2.2/V2.2a-VIIRS/8-day/ET/PML-V2.2a-VIIRS_ET_2012.nc" [1]
2026-10-02 21:20:53 URL: ftp://ftp3.tpdc.ac.cn:6201/PML/V2.2a-VIIRS/8-day/ET/PML-V2.2a-VIIRS_ET_2014.nc [83356645] -> "/glade/derecho/scratch/bbuchovecky/pml-v2.2/V2.2a-VIIRS/8-day/ET/PML-V2.2a-VIIRS_ET_2014.nc" [1]
2026-10-02 21:20:56 URL: ftp://ftp3.tpdc.ac.cn:6201/PML/V2.2a-VIIRS/8-day/ET/PML-V2.2a-VIIRS_ET_2018.nc [86811703] -> "/glade/derecho/scratch/bbuchovecky/pml-v2.2/V2.2a-VIIRS/8-day/ET/PML-V2.2a-VIIRS_ET_2018.nc" [1]
2026-10-02 21:22:22 URL: ftp://ftp2.tpdc.ac.cn:6201/PML/V2.2a-VIIRS/8-day/ET/PML-V2.2a-VIIRS_ET_2015.nc [83890807] -> "/glade/derecho/scratch/bbuchovecky/pml-v2.2/V2.2a-VIIRS/8-day/ET/PML-V2.2a-VIIRS_ET_2015.nc" [1]
2026-10-02 21:23:02 URL: ftp://ftp2.tpdc.ac.cn:6201/PML/V2.2a-VIIRS/8-day/ET/PML-V2.2a-VIIRS_ET_2013.nc [83299777] -> "/glade/derecho/scratch/bbuchovecky/pml-v2.2/V2.2a-VIIRS/8-day/ET/PML-V2.2a-VIIRS_ET_2013.nc" [1]
2026-10-02 21:23:21 URL: ftp://ftp2.tpdc.ac.cn:6201/PML/V2.2a-VIIRS/8-day/ET/PML-V2.2a-VIIRS_ET_2017.nc [84405695] -> "/glade/derecho/scratch/bbuchovecky/pml-v2.2/V2.2a-VIIRS/8-day/ET/PML-V2.2a-VIIRS_ET_2017.nc" [1]
2026-10-02 21:23:38 URL: ftp://ftp3.tpdc.ac.cn:6201/PML/V2.2a-VIIRS/8-day/ET/PML-V2.2a-VIIRS_ET_2016.nc [83944888] -> "/glade/derecho/scratch/bbuchovecky/pml-v2.2/V2.2a-VIIRS/8-day/ET/PML-V2.2a-VIIRS_ET_2016.nc" [1]
2026-10-02 21:24:10 URL: ftp://ftp2.tpdc.ac.cn:6201/PML/V2.2a-VIIRS/8-day/ET/PML-V2.2a-VIIRS_ET_2019.nc [83503434] -> "/glade/derecho/scratch/bbuchovecky/pml-v2.2/V2.2a-VIIRS/8-day/ET/PML-V2.2a-VIIRS_ET_2019.nc" [1]
2026-10-02 22:00:24 URL: ftp://ftp3.tpdc.ac.cn:6201/PML/V2.2a-VIIRS/8-day/Ec/PML-V2.2a-VIIRS_Ec_2012.nc [65740202] -> "/glade/derecho/scratch/bbuchovecky/pml-v2.2/V2.2a-VIIRS/8-day/Ec/PML-V2.2a-VIIRS_Ec_2012.nc" [1]
2026-10-02 22:04:20 URL: ftp://ftp3.tpdc.ac.cn:6201/PML/V2.2a-VIIRS/8-day/ET/PML-V2.2a-VIIRS_ET_2020.nc [83517356] -> "/glade/derecho/scratch/bbuchovecky/pml-v2.2/V2.2a-VIIRS/8-day/ET/PML-V2.2a-VIIRS_ET_2020.nc" [1]
2026-10-02 22:04:27 URL: ftp://ftp2.tpdc.ac.cn:6201/PML/V2.2a-VIIRS/8-day/Ec/PML-V2.2a-VIIRS_Ec_2013.nc [68564147] -> "/glade/derecho/scratch/bbuchovecky/pml-v2.2/V2.2a-VIIRS/8-day/Ec/PML-V2.2a-VIIRS_Ec_2013.nc" [1]
2026-10-02 22:09:26 URL: ftp://ftp3.tpdc.ac.cn:6201/PML/V2.2a-VIIRS/8-day/ET/PML-V2.2a-VIIRS_ET_2024.nc [84776225] -> "/glade/derecho/scratch/bbuchovecky/pml-v2.2/V2.2a-VIIRS/8-day/ET/PML-V2.2a-VIIRS_ET_2024.nc" [1]
2026-10-02 22:09:36 URL: ftp://ftp3.tpdc.ac.cn:6201/PML/V2.2a-VIIRS/8-day/ET/PML-V2.2a-VIIRS_ET_2022.nc [83915530] -> "/glade/derecho/scratch/bbuchovecky/pml-v2.2/V2.2a-VIIRS/8-day/ET/PML-V2.2a-VIIRS_ET_2022.nc" [1]
2026-10-02 22:11:41 URL: ftp://ftp2.tpdc.ac.cn:6201/PML/V2.2a-VIIRS/8-day/ET/PML-V2.2a-VIIRS_ET_2023.nc [84662576] -> "/glade/derecho/scratch/bbuchovecky/pml-v2.2/V2.2a-VIIRS/8-day/ET/PML-V2.2a-VIIRS_ET_2023.nc" [1]
2026-10-02 22:12:10 URL: ftp://ftp2.tpdc.ac.cn:6201/PML/V2.2a-VIIRS/8-day/ET/PML-V2.2a-VIIRS_ET_2021.nc [83666661] -> "/glade/derecho/scratch/bbuchovecky/pml-v2.2/V2.2a-VIIRS/8-day/ET/PML-V2.2a-VIIRS_ET_2021.nc" [1]
2026-10-02 22:13:03 URL: ftp://ftp2.tpdc.ac.cn:6201/PML/V2.2a-VIIRS/8-day/ET/PML-V2.2a-VIIRS_ET_2025.nc [84779912] -> "/glade/derecho/scratch/bbuchovecky/pml-v2.2/V2.2a-VIIRS/8-day/ET/PML-V2.2a-VIIRS_ET_2025.nc" [1]
2026-10-02 22:40:25 URL: ftp://ftp3.tpdc.ac.cn:6201/PML/V2.2a-VIIRS/8-day/Ec/PML-V2.2a-VIIRS_Ec_2014.nc [70394363] -> "/glade/derecho/scratch/bbuchovecky/pml-v2.2/V2.2a-VIIRS/8-day/Ec/PML-V2.2a-VIIRS_Ec_2014.nc" [1]
2026-10-02 22:40:33 URL: ftp://ftp3.tpdc.ac.cn:6201/PML/V2.2a-VIIRS/8-day/Ec/PML-V2.2a-VIIRS_Ec_2016.nc [69592817] -> "/glade/derecho/scratch/bbuchovecky/pml-v2.2/V2.2a-VIIRS/8-day/Ec/PML-V2.2a-VIIRS_Ec_2016.nc" [1]
2026-10-02 22:43:32 URL: ftp://ftp2.tpdc.ac.cn:6201/PML/V2.2a-VIIRS/8-day/Ec/PML-V2.2a-VIIRS_Ec_2015.nc [69096457] -> "/glade/derecho/scratch/bbuchovecky/pml-v2.2/V2.2a-VIIRS/8-day/Ec/PML-V2.2a-VIIRS_Ec_2015.nc" [1]
2026-10-02 22:48:12 URL: ftp://ftp3.tpdc.ac.cn:6201/PML/V2.2a-VIIRS/8-day/Ec/PML-V2.2a-VIIRS_Ec_2018.nc [68678031] -> "/glade/derecho/scratch/bbuchovecky/pml-v2.2/V2.2a-VIIRS/8-day/Ec/PML-V2.2a-VIIRS_Ec_2018.nc" [1]
2026-10-02 22:48:13 URL: ftp://ftp2.tpdc.ac.cn:6201/PML/V2.2a-VIIRS/8-day/Ec/PML-V2.2a-VIIRS_Ec_2017.nc [68941497] -> "/glade/derecho/scratch/bbuchovecky/pml-v2.2/V2.2a-VIIRS/8-day/Ec/PML-V2.2a-VIIRS_Ec_2017.nc" [1]
2026-10-02 22:51:24 URL: ftp://ftp3.tpdc.ac.cn:6201/PML/V2.2a-VIIRS/8-day/Ec/PML-V2.2a-VIIRS_Ec_2020.nc [71504552] -> "/glade/derecho/scratch/bbuchovecky/pml-v2.2/V2.2a-VIIRS/8-day/Ec/PML-V2.2a-VIIRS_Ec_2020.nc" [1]
2026-10-02 22:51:32 URL: ftp://ftp2.tpdc.ac.cn:6201/PML/V2.2a-VIIRS/8-day/Ec/PML-V2.2a-VIIRS_Ec_2019.nc [68974170] -> "/glade/derecho/scratch/bbuchovecky/pml-v2.2/V2.2a-VIIRS/8-day/Ec/PML-V2.2a-VIIRS_Ec_2019.nc" [1]
2026-10-02 22:52:13 URL: ftp://ftp2.tpdc.ac.cn:6201/PML/V2.2a-VIIRS/8-day/Ec/PML-V2.2a-VIIRS_Ec_2021.nc [69109933] -> "/glade/derecho/scratch/bbuchovecky/pml-v2.2/V2.2a-VIIRS/8-day/Ec/PML-V2.2a-VIIRS_Ec_2021.nc" [1]
2026-10-02 23:19:45 URL: ftp://ftp3.tpdc.ac.cn:6201/PML/V2.2a-VIIRS/8-day/Ec/PML-V2.2a-VIIRS_Ec_2022.nc [68917701] -> "/glade/derecho/scratch/bbuchovecky/pml-v2.2/V2.2a-VIIRS/8-day/Ec/PML-V2.2a-VIIRS_Ec_2022.nc" [1]
2026-10-02 23:23:21 URL: ftp://ftp2.tpdc.ac.cn:6201/PML/V2.2a-VIIRS/8-day/Ec/PML-V2.2a-VIIRS_Ec_2023.nc [71547659] -> "/glade/derecho/scratch/bbuchovecky/pml-v2.2/V2.2a-VIIRS/8-day/Ec/PML-V2.2a-VIIRS_Ec_2023.nc" [1]
2026-10-02 23:24:10 URL: ftp://ftp3.tpdc.ac.cn:6201/PML/V2.2a-VIIRS/8-day/Ec/PML-V2.2a-VIIRS_Ec_2024.nc [69489599] -> "/glade/derecho/scratch/bbuchovecky/pml-v2.2/V2.2a-VIIRS/8-day/Ec/PML-V2.2a-VIIRS_Ec_2024.nc" [1]
2026-10-02 23:29:25 URL: ftp://ftp3.tpdc.ac.cn:6201/PML/V2.2a-VIIRS/8-day/Es/PML-V2.2a-VIIRS_Es_2012.nc [69954463] -> "/glade/derecho/scratch/bbuchovecky/pml-v2.2/V2.2a-VIIRS/8-day/Es/PML-V2.2a-VIIRS_Es_2012.nc" [1]
2026-10-02 23:32:50 URL: ftp://ftp2.tpdc.ac.cn:6201/PML/V2.2a-VIIRS/8-day/Ec/PML-V2.2a-VIIRS_Ec_2025.nc [72781423] -> "/glade/derecho/scratch/bbuchovecky/pml-v2.2/V2.2a-VIIRS/8-day/Ec/PML-V2.2a-VIIRS_Ec_2025.nc" [1]
2026-10-02 23:34:33 URL: ftp://ftp2.tpdc.ac.cn:6201/PML/V2.2a-VIIRS/8-day/Es/PML-V2.2a-VIIRS_Es_2013.nc [71792300] -> "/glade/derecho/scratch/bbuchovecky/pml-v2.2/V2.2a-VIIRS/8-day/Es/PML-V2.2a-VIIRS_Es_2013.nc" [1]
2026-10-02 23:34:52 URL: ftp://ftp3.tpdc.ac.cn:6201/PML/V2.2a-VIIRS/8-day/Es/PML-V2.2a-VIIRS_Es_2014.nc [73887217] -> "/glade/derecho/scratch/bbuchovecky/pml-v2.2/V2.2a-VIIRS/8-day/Es/PML-V2.2a-VIIRS_Es_2014.nc" [1]
2026-10-02 23:36:55 URL: ftp://ftp2.tpdc.ac.cn:6201/PML/V2.2a-VIIRS/8-day/Es/PML-V2.2a-VIIRS_Es_2015.nc [72910046] -> "/glade/derecho/scratch/bbuchovecky/pml-v2.2/V2.2a-VIIRS/8-day/Es/PML-V2.2a-VIIRS_Es_2015.nc" [1]
2026-10-03 00:02:40 URL: ftp://ftp3.tpdc.ac.cn:6201/PML/V2.2a-VIIRS/8-day/Es/PML-V2.2a-VIIRS_Es_2016.nc [74079471] -> "/glade/derecho/scratch/bbuchovecky/pml-v2.2/V2.2a-VIIRS/8-day/Es/PML-V2.2a-VIIRS_Es_2016.nc" [1]
2026-10-03 00:05:17 URL: ftp://ftp2.tpdc.ac.cn:6201/PML/V2.2a-VIIRS/8-day/Es/PML-V2.2a-VIIRS_Es_2017.nc [71867645] -> "/glade/derecho/scratch/bbuchovecky/pml-v2.2/V2.2a-VIIRS/8-day/Es/PML-V2.2a-VIIRS_Es_2017.nc" [1]
2026-10-03 00:05:57 URL: ftp://ftp3.tpdc.ac.cn:6201/PML/V2.2a-VIIRS/8-day/Es/PML-V2.2a-VIIRS_Es_2018.nc [72373064] -> "/glade/derecho/scratch/bbuchovecky/pml-v2.2/V2.2a-VIIRS/8-day/Es/PML-V2.2a-VIIRS_Es_2018.nc" [1]
2026-10-03 00:11:58 URL: ftp://ftp3.tpdc.ac.cn:6201/PML/V2.2a-VIIRS/8-day/Es/PML-V2.2a-VIIRS_Es_2020.nc [71580281] -> "/glade/derecho/scratch/bbuchovecky/pml-v2.2/V2.2a-VIIRS/8-day/Es/PML-V2.2a-VIIRS_Es_2020.nc" [1]
2026-10-03 00:16:31 URL: ftp://ftp2.tpdc.ac.cn:6201/PML/V2.2a-VIIRS/8-day/Es/PML-V2.2a-VIIRS_Es_2019.nc [75158853] -> "/glade/derecho/scratch/bbuchovecky/pml-v2.2/V2.2a-VIIRS/8-day/Es/PML-V2.2a-VIIRS_Es_2019.nc" [1]
2026-10-03 00:18:04 URL: ftp://ftp3.tpdc.ac.cn:6201/PML/V2.2a-VIIRS/8-day/Es/PML-V2.2a-VIIRS_Es_2022.nc [72733025] -> "/glade/derecho/scratch/bbuchovecky/pml-v2.2/V2.2a-VIIRS/8-day/Es/PML-V2.2a-VIIRS_Es_2022.nc" [1]
2026-10-03 00:22:07 URL: ftp://ftp2.tpdc.ac.cn:6201/PML/V2.2a-VIIRS/8-day/Es/PML-V2.2a-VIIRS_Es_2021.nc [72282305] -> "/glade/derecho/scratch/bbuchovecky/pml-v2.2/V2.2a-VIIRS/8-day/Es/PML-V2.2a-VIIRS_Es_2021.nc" [1]
2026-10-03 00:23:46 URL: ftp://ftp2.tpdc.ac.cn:6201/PML/V2.2a-VIIRS/8-day/Es/PML-V2.2a-VIIRS_Es_2023.nc [74170068] -> "/glade/derecho/scratch/bbuchovecky/pml-v2.2/V2.2a-VIIRS/8-day/Es/PML-V2.2a-VIIRS_Es_2023.nc" [1]
2026-10-03 00:33:08 URL: ftp://ftp3.tpdc.ac.cn:6201/PML/V2.2a-VIIRS/8-day/Ei/PML-V2.2a-VIIRS_Ei_2012.nc [42023364] -> "/glade/derecho/scratch/bbuchovecky/pml-v2.2/V2.2a-VIIRS/8-day/Ei/PML-V2.2a-VIIRS_Ei_2012.nc" [1]
2026-10-03 00:42:07 URL: ftp://ftp2.tpdc.ac.cn:6201/PML/V2.2a-VIIRS/8-day/Ei/PML-V2.2a-VIIRS_Ei_2013.nc [44579114] -> "/glade/derecho/scratch/bbuchovecky/pml-v2.2/V2.2a-VIIRS/8-day/Ei/PML-V2.2a-VIIRS_Ei_2013.nc" [1]
2026-10-03 00:44:28 URL: ftp://ftp3.tpdc.ac.cn:6201/PML/V2.2a-VIIRS/8-day/Ei/PML-V2.2a-VIIRS_Ei_2014.nc [44891881] -> "/glade/derecho/scratch/bbuchovecky/pml-v2.2/V2.2a-VIIRS/8-day/Ei/PML-V2.2a-VIIRS_Ei_2014.nc" [1]
2026-10-03 00:48:50 URL: ftp://ftp2.tpdc.ac.cn:6201/PML/V2.2a-VIIRS/8-day/Ei/PML-V2.2a-VIIRS_Ei_2015.nc [45109465] -> "/glade/derecho/scratch/bbuchovecky/pml-v2.2/V2.2a-VIIRS/8-day/Ei/PML-V2.2a-VIIRS_Ei_2015.nc" [1]
2026-10-03 00:49:39 URL: ftp://ftp3.tpdc.ac.cn:6201/PML/V2.2a-VIIRS/8-day/Es/PML-V2.2a-VIIRS_Es_2024.nc [72892984] -> "/glade/derecho/scratch/bbuchovecky/pml-v2.2/V2.2a-VIIRS/8-day/Es/PML-V2.2a-VIIRS_Es_2024.nc" [1]
2026-10-03 00:51:35 URL: ftp://ftp3.tpdc.ac.cn:6201/PML/V2.2a-VIIRS/8-day/Ei/PML-V2.2a-VIIRS_Ei_2016.nc [45322439] -> "/glade/derecho/scratch/bbuchovecky/pml-v2.2/V2.2a-VIIRS/8-day/Ei/PML-V2.2a-VIIRS_Ei_2016.nc" [1]
2026-10-03 00:53:24 URL: ftp://ftp2.tpdc.ac.cn:6201/PML/V2.2a-VIIRS/8-day/Es/PML-V2.2a-VIIRS_Es_2025.nc [74265912] -> "/glade/derecho/scratch/bbuchovecky/pml-v2.2/V2.2a-VIIRS/8-day/Es/PML-V2.2a-VIIRS_Es_2025.nc" [1]
2026-10-03 00:54:36 URL: ftp://ftp2.tpdc.ac.cn:6201/PML/V2.2a-VIIRS/8-day/Ei/PML-V2.2a-VIIRS_Ei_2017.nc [45602554] -> "/glade/derecho/scratch/bbuchovecky/pml-v2.2/V2.2a-VIIRS/8-day/Ei/PML-V2.2a-VIIRS_Ei_2017.nc" [1]
2026-10-03 01:01:25 URL: ftp://ftp3.tpdc.ac.cn:6201/PML/V2.2a-VIIRS/8-day/Ei/PML-V2.2a-VIIRS_Ei_2018.nc [44862800] -> "/glade/derecho/scratch/bbuchovecky/pml-v2.2/V2.2a-VIIRS/8-day/Ei/PML-V2.2a-VIIRS_Ei_2018.nc" [1]
2026-10-03 01:11:40 URL: ftp://ftp2.tpdc.ac.cn:6201/PML/V2.2a-VIIRS/8-day/Ei/PML-V2.2a-VIIRS_Ei_2019.nc [44375978] -> "/glade/derecho/scratch/bbuchovecky/pml-v2.2/V2.2a-VIIRS/8-day/Ei/PML-V2.2a-VIIRS_Ei_2019.nc" [1]
2026-10-03 01:12:26 URL: ftp://ftp3.tpdc.ac.cn:6201/PML/V2.2a-VIIRS/8-day/Ei/PML-V2.2a-VIIRS_Ei_2020.nc [45189803] -> "/glade/derecho/scratch/bbuchovecky/pml-v2.2/V2.2a-VIIRS/8-day/Ei/PML-V2.2a-VIIRS_Ei_2020.nc" [1]
2026-10-03 01:18:03 URL: ftp://ftp3.tpdc.ac.cn:6201/PML/V2.2a-VIIRS/8-day/Ei/PML-V2.2a-VIIRS_Ei_2022.nc [45069776] -> "/glade/derecho/scratch/bbuchovecky/pml-v2.2/V2.2a-VIIRS/8-day/Ei/PML-V2.2a-VIIRS_Ei_2022.nc" [1]
2026-10-03 01:19:16 URL: ftp://ftp2.tpdc.ac.cn:6201/PML/V2.2a-VIIRS/8-day/Ei/PML-V2.2a-VIIRS_Ei_2021.nc [45151829] -> "/glade/derecho/scratch/bbuchovecky/pml-v2.2/V2.2a-VIIRS/8-day/Ei/PML-V2.2a-VIIRS_Ei_2021.nc" [1]
2026-10-03 01:21:52 URL: ftp://ftp3.tpdc.ac.cn:6201/PML/V2.2a-VIIRS/8-day/Ei/PML-V2.2a-VIIRS_Ei_2024.nc [45022816] -> "/glade/derecho/scratch/bbuchovecky/pml-v2.2/V2.2a-VIIRS/8-day/Ei/PML-V2.2a-VIIRS_Ei_2024.nc" [1]
2026-10-03 01:22:41 URL: ftp://ftp2.tpdc.ac.cn:6201/PML/V2.2a-VIIRS/8-day/Ei/PML-V2.2a-VIIRS_Ei_2023.nc [45318535] -> "/glade/derecho/scratch/bbuchovecky/pml-v2.2/V2.2a-VIIRS/8-day/Ei/PML-V2.2a-VIIRS_Ei_2023.nc" [1]
2026-10-03 01:24:02 URL: ftp://ftp2.tpdc.ac.cn:6201/PML/V2.2a-VIIRS/8-day/Ei/PML-V2.2a-VIIRS_Ei_2025.nc [45710810] -> "/glade/derecho/scratch/bbuchovecky/pml-v2.2/V2.2a-VIIRS/8-day/Ei/PML-V2.2a-VIIRS_Ei_2025.nc" [1]
2026-10-03 01:57:39 URL: ftp://ftp3.tpdc.ac.cn:6201/PML/V2.2a-VIIRS/8-day/E/PML-V2.2a-VIIRS_E_2012.nc [87097376] -> "/glade/derecho/scratch/bbuchovecky/pml-v2.2/V2.2a-VIIRS/8-day/E/PML-V2.2a-VIIRS_E_2012.nc" [1]
2026-10-03 02:11:37 URL: ftp://ftp3.tpdc.ac.cn:6201/PML/V2.2a-VIIRS/8-day/E/PML-V2.2a-VIIRS_E_2014.nc [91916821] -> "/glade/derecho/scratch/bbuchovecky/pml-v2.2/V2.2a-VIIRS/8-day/E/PML-V2.2a-VIIRS_E_2014.nc" [1]
2026-10-03 02:14:04 URL: ftp://ftp2.tpdc.ac.cn:6201/PML/V2.2a-VIIRS/8-day/E/PML-V2.2a-VIIRS_E_2013.nc [91622101] -> "/glade/derecho/scratch/bbuchovecky/pml-v2.2/V2.2a-VIIRS/8-day/E/PML-V2.2a-VIIRS_E_2013.nc" [1]
2026-10-03 02:19:08 URL: ftp://ftp3.tpdc.ac.cn:6201/PML/V2.2a-VIIRS/8-day/E/PML-V2.2a-VIIRS_E_2016.nc [93429116] -> "/glade/derecho/scratch/bbuchovecky/pml-v2.2/V2.2a-VIIRS/8-day/E/PML-V2.2a-VIIRS_E_2016.nc" [1]
2026-10-03 02:20:13 URL: ftp://ftp2.tpdc.ac.cn:6201/PML/V2.2a-VIIRS/8-day/E/PML-V2.2a-VIIRS_E_2015.nc [92442123] -> "/glade/derecho/scratch/bbuchovecky/pml-v2.2/V2.2a-VIIRS/8-day/E/PML-V2.2a-VIIRS_E_2015.nc" [1]
2026-10-03 02:21:52 URL: ftp://ftp2.tpdc.ac.cn:6201/PML/V2.2a-VIIRS/8-day/E/PML-V2.2a-VIIRS_E_2017.nc [92088462] -> "/glade/derecho/scratch/bbuchovecky/pml-v2.2/V2.2a-VIIRS/8-day/E/PML-V2.2a-VIIRS_E_2017.nc" [1]
2026-10-03 02:22:39 URL: ftp://ftp3.tpdc.ac.cn:6201/PML/V2.2a-VIIRS/8-day/E/PML-V2.2a-VIIRS_E_2018.nc [92407565] -> "/glade/derecho/scratch/bbuchovecky/pml-v2.2/V2.2a-VIIRS/8-day/E/PML-V2.2a-VIIRS_E_2018.nc" [1]
2026-10-03 02:26:26 URL: ftp://ftp2.tpdc.ac.cn:6201/PML/V2.2a-VIIRS/8-day/E/PML-V2.2a-VIIRS_E_2019.nc [93361226] -> "/glade/derecho/scratch/bbuchovecky/pml-v2.2/V2.2a-VIIRS/8-day/E/PML-V2.2a-VIIRS_E_2019.nc" [1]
2026-10-03 02:41:51 URL: ftp://ftp3.tpdc.ac.cn:6201/PML/V2.2a-VIIRS/8-day/Ew/PML-V2.2a-VIIRS_Ew_2012.nc [29726047] -> "/glade/derecho/scratch/bbuchovecky/pml-v2.2/V2.2a-VIIRS/8-day/Ew/PML-V2.2a-VIIRS_Ew_2012.nc" [1]
2026-10-03 02:48:22 URL: ftp://ftp2.tpdc.ac.cn:6201/PML/V2.2a-VIIRS/8-day/Ew/PML-V2.2a-VIIRS_Ew_2013.nc [31015015] -> "/glade/derecho/scratch/bbuchovecky/pml-v2.2/V2.2a-VIIRS/8-day/Ew/PML-V2.2a-VIIRS_Ew_2013.nc" [1]
2026-10-03 02:57:30 URL: ftp://ftp3.tpdc.ac.cn:6201/PML/V2.2a-VIIRS/8-day/E/PML-V2.2a-VIIRS_E_2020.nc [92369970] -> "/glade/derecho/scratch/bbuchovecky/pml-v2.2/V2.2a-VIIRS/8-day/E/PML-V2.2a-VIIRS_E_2020.nc" [1]
2026-10-03 03:00:48 URL: ftp://ftp3.tpdc.ac.cn:6201/PML/V2.2a-VIIRS/8-day/Ew/PML-V2.2a-VIIRS_Ew_2014.nc [31134589] -> "/glade/derecho/scratch/bbuchovecky/pml-v2.2/V2.2a-VIIRS/8-day/Ew/PML-V2.2a-VIIRS_Ew_2014.nc" [1]
2026-10-03 03:08:43 URL: ftp://ftp2.tpdc.ac.cn:6201/PML/V2.2a-VIIRS/8-day/Ew/PML-V2.2a-VIIRS_Ew_2015.nc [31109047] -> "/glade/derecho/scratch/bbuchovecky/pml-v2.2/V2.2a-VIIRS/8-day/Ew/PML-V2.2a-VIIRS_Ew_2015.nc" [1]
2026-10-03 03:11:18 URL: ftp://ftp3.tpdc.ac.cn:6201/PML/V2.2a-VIIRS/8-day/E/PML-V2.2a-VIIRS_E_2022.nc [92461864] -> "/glade/derecho/scratch/bbuchovecky/pml-v2.2/V2.2a-VIIRS/8-day/E/PML-V2.2a-VIIRS_E_2022.nc" [1]
2026-10-03 03:13:55 URL: ftp://ftp2.tpdc.ac.cn:6201/PML/V2.2a-VIIRS/8-day/E/PML-V2.2a-VIIRS_E_2021.nc [92145172] -> "/glade/derecho/scratch/bbuchovecky/pml-v2.2/V2.2a-VIIRS/8-day/E/PML-V2.2a-VIIRS_E_2021.nc" [1]
2026-10-03 03:15:07 URL: ftp://ftp3.tpdc.ac.cn:6201/PML/V2.2a-VIIRS/8-day/Ew/PML-V2.2a-VIIRS_Ew_2016.nc [31366833] -> "/glade/derecho/scratch/bbuchovecky/pml-v2.2/V2.2a-VIIRS/8-day/Ew/PML-V2.2a-VIIRS_Ew_2016.nc" [1]
2026-10-03 03:19:30 URL: ftp://ftp3.tpdc.ac.cn:6201/PML/V2.2a-VIIRS/8-day/E/PML-V2.2a-VIIRS_E_2024.nc [93275205] -> "/glade/derecho/scratch/bbuchovecky/pml-v2.2/V2.2a-VIIRS/8-day/E/PML-V2.2a-VIIRS_E_2024.nc" [1]
2026-10-03 03:20:06 URL: ftp://ftp2.tpdc.ac.cn:6201/PML/V2.2a-VIIRS/8-day/Ew/PML-V2.2a-VIIRS_Ew_2017.nc [31250545] -> "/glade/derecho/scratch/bbuchovecky/pml-v2.2/V2.2a-VIIRS/8-day/Ew/PML-V2.2a-VIIRS_Ew_2017.nc" [1]
2026-10-03 03:20:16 URL: ftp://ftp2.tpdc.ac.cn:6201/PML/V2.2a-VIIRS/8-day/E/PML-V2.2a-VIIRS_E_2025.nc [93421953] -> "/glade/derecho/scratch/bbuchovecky/pml-v2.2/V2.2a-VIIRS/8-day/E/PML-V2.2a-VIIRS_E_2025.nc" [1]
2026-10-03 03:21:14 URL: ftp://ftp2.tpdc.ac.cn:6201/PML/V2.2a-VIIRS/8-day/E/PML-V2.2a-VIIRS_E_2023.nc [93191929] -> "/glade/derecho/scratch/bbuchovecky/pml-v2.2/V2.2a-VIIRS/8-day/E/PML-V2.2a-VIIRS_E_2023.nc" [1]
2026-10-03 03:27:53 URL: ftp://ftp3.tpdc.ac.cn:6201/PML/V2.2a-VIIRS/8-day/Ew/PML-V2.2a-VIIRS_Ew_2018.nc [31198467] -> "/glade/derecho/scratch/bbuchovecky/pml-v2.2/V2.2a-VIIRS/8-day/Ew/PML-V2.2a-VIIRS_Ew_2018.nc" [1]
2026-10-03 03:32:47 URL: ftp://ftp2.tpdc.ac.cn:6201/PML/V2.2a-VIIRS/8-day/Ew/PML-V2.2a-VIIRS_Ew_2019.nc [31872917] -> "/glade/derecho/scratch/bbuchovecky/pml-v2.2/V2.2a-VIIRS/8-day/Ew/PML-V2.2a-VIIRS_Ew_2019.nc" [1]
2026-10-03 03:34:08 URL: ftp://ftp3.tpdc.ac.cn:6201/PML/V2.2a-VIIRS/8-day/Ew/PML-V2.2a-VIIRS_Ew_2020.nc [32205376] -> "/glade/derecho/scratch/bbuchovecky/pml-v2.2/V2.2a-VIIRS/8-day/Ew/PML-V2.2a-VIIRS_Ew_2020.nc" [1]
2026-10-03 03:35:27 URL: ftp://ftp2.tpdc.ac.cn:6201/PML/V2.2a-VIIRS/8-day/Ew/PML-V2.2a-VIIRS_Ew_2021.nc [31418159] -> "/glade/derecho/scratch/bbuchovecky/pml-v2.2/V2.2a-VIIRS/8-day/Ew/PML-V2.2a-VIIRS_Ew_2021.nc" [1]
2026-10-03 03:39:26 URL: ftp://ftp3.tpdc.ac.cn:6201/PML/V2.2a-VIIRS/8-day/Ew/PML-V2.2a-VIIRS_Ew_2022.nc [31373617] -> "/glade/derecho/scratch/bbuchovecky/pml-v2.2/V2.2a-VIIRS/8-day/Ew/PML-V2.2a-VIIRS_Ew_2022.nc" [1]
2026-10-03 03:39:44 URL: ftp://ftp3.tpdc.ac.cn:6201/PML/V2.2a-VIIRS/8-day/Ew/PML-V2.2a-VIIRS_Ew_2024.nc [31402442] -> "/glade/derecho/scratch/bbuchovecky/pml-v2.2/V2.2a-VIIRS/8-day/Ew/PML-V2.2a-VIIRS_Ew_2024.nc" [1]
2026-10-03 03:41:56 URL: ftp://ftp2.tpdc.ac.cn:6201/PML/V2.2a-VIIRS/8-day/Ew/PML-V2.2a-VIIRS_Ew_2023.nc [32394103] -> "/glade/derecho/scratch/bbuchovecky/pml-v2.2/V2.2a-VIIRS/8-day/Ew/PML-V2.2a-VIIRS_Ew_2023.nc" [1]
2026-10-03 03:42:07 URL: ftp://ftp2.tpdc.ac.cn:6201/PML/V2.2a-VIIRS/8-day/Ew/PML-V2.2a-VIIRS_Ew_2025.nc [31502962] -> "/glade/derecho/scratch/bbuchovecky/pml-v2.2/V2.2a-VIIRS/8-day/Ew/PML-V2.2a-VIIRS_Ew_2025.nc" [1]
2026-10-03 04:32:15 URL: ftp://ftp3.tpdc.ac.cn:6201/PML/V2.2a-VIIRS/8-day/PET/PML-V2.2a-VIIRS_PET_2012.nc [97698787] -> "/glade/derecho/scratch/bbuchovecky/pml-v2.2/V2.2a-VIIRS/8-day/PET/PML-V2.2a-VIIRS_PET_2012.nc" [1]
2026-10-03 04:40:40 URL: ftp://ftp3.tpdc.ac.cn:6201/PML/V2.2a-VIIRS/8-day/PET/PML-V2.2a-VIIRS_PET_2014.nc [103673303] -> "/glade/derecho/scratch/bbuchovecky/pml-v2.2/V2.2a-VIIRS/8-day/PET/PML-V2.2a-VIIRS_PET_2014.nc" [1]
2026-10-03 04:44:16 URL: ftp://ftp2.tpdc.ac.cn:6201/PML/V2.2a-VIIRS/8-day/PET/PML-V2.2a-VIIRS_PET_2013.nc [103702364] -> "/glade/derecho/scratch/bbuchovecky/pml-v2.2/V2.2a-VIIRS/8-day/PET/PML-V2.2a-VIIRS_PET_2013.nc" [1]
2026-10-03 04:45:38 URL: ftp://ftp3.tpdc.ac.cn:6201/PML/V2.2a-VIIRS/8-day/PET/PML-V2.2a-VIIRS_PET_2016.nc [103945980] -> "/glade/derecho/scratch/bbuchovecky/pml-v2.2/V2.2a-VIIRS/8-day/PET/PML-V2.2a-VIIRS_PET_2016.nc" [1]
2026-10-03 04:46:29 URL: ftp://ftp2.tpdc.ac.cn:6201/PML/V2.2a-VIIRS/8-day/PET/PML-V2.2a-VIIRS_PET_2015.nc [104003108] -> "/glade/derecho/scratch/bbuchovecky/pml-v2.2/V2.2a-VIIRS/8-day/PET/PML-V2.2a-VIIRS_PET_2015.nc" [1]
2026-10-03 04:50:03 URL: ftp://ftp3.tpdc.ac.cn:6201/PML/V2.2a-VIIRS/8-day/PET/PML-V2.2a-VIIRS_PET_2018.nc [103787656] -> "/glade/derecho/scratch/bbuchovecky/pml-v2.2/V2.2a-VIIRS/8-day/PET/PML-V2.2a-VIIRS_PET_2018.nc" [1]
2026-10-03 04:51:56 URL: ftp://ftp2.tpdc.ac.cn:6201/PML/V2.2a-VIIRS/8-day/PET/PML-V2.2a-VIIRS_PET_2017.nc [104089011] -> "/glade/derecho/scratch/bbuchovecky/pml-v2.2/V2.2a-VIIRS/8-day/PET/PML-V2.2a-VIIRS_PET_2017.nc" [1]
2026-10-03 04:55:33 URL: ftp://ftp2.tpdc.ac.cn:6201/PML/V2.2a-VIIRS/8-day/PET/PML-V2.2a-VIIRS_PET_2019.nc [104211225] -> "/glade/derecho/scratch/bbuchovecky/pml-v2.2/V2.2a-VIIRS/8-day/PET/PML-V2.2a-VIIRS_PET_2019.nc" [1]
2026-10-03 05:39:16 URL: ftp://ftp3.tpdc.ac.cn:6201/PML/V2.2a-VIIRS/8-day/PET/PML-V2.2a-VIIRS_PET_2020.nc [104783359] -> "/glade/derecho/scratch/bbuchovecky/pml-v2.2/V2.2a-VIIRS/8-day/PET/PML-V2.2a-VIIRS_PET_2020.nc" [1]
2026-10-03 05:51:02 URL: ftp://ftp3.tpdc.ac.cn:6201/PML/V2.2a-VIIRS/8-day/PET/PML-V2.2a-VIIRS_PET_2022.nc [104504469] -> "/glade/derecho/scratch/bbuchovecky/pml-v2.2/V2.2a-VIIRS/8-day/PET/PML-V2.2a-VIIRS_PET_2022.nc" [1]
2026-10-03 05:51:30 URL: ftp://ftp2.tpdc.ac.cn:6201/PML/V2.2a-VIIRS/8-day/PET/PML-V2.2a-VIIRS_PET_2021.nc [104253552] -> "/glade/derecho/scratch/bbuchovecky/pml-v2.2/V2.2a-VIIRS/8-day/PET/PML-V2.2a-VIIRS_PET_2021.nc" [1]
2026-10-03 05:54:56 URL: ftp://ftp3.tpdc.ac.cn:6201/PML/V2.2a-VIIRS/8-day/PET/PML-V2.2a-VIIRS_PET_2024.nc [104654489] -> "/glade/derecho/scratch/bbuchovecky/pml-v2.2/V2.2a-VIIRS/8-day/PET/PML-V2.2a-VIIRS_PET_2024.nc" [1]
2026-10-03 05:55:04 URL: ftp://ftp3.tpdc.ac.cn:6201/PML/V2.2a-VIIRS/8-day/GPP/PML-V2.2a-VIIRS_GPP_2012.nc [99262161] -> "/glade/derecho/scratch/bbuchovecky/pml-v2.2/V2.2a-VIIRS/8-day/GPP/PML-V2.2a-VIIRS_GPP_2012.nc" [1]
2026-10-03 05:58:41 URL: ftp://ftp2.tpdc.ac.cn:6201/PML/V2.2a-VIIRS/8-day/PET/PML-V2.2a-VIIRS_PET_2023.nc [107460386] -> "/glade/derecho/scratch/bbuchovecky/pml-v2.2/V2.2a-VIIRS/8-day/PET/PML-V2.2a-VIIRS_PET_2023.nc" [1]
2026-10-03 06:01:08 URL: ftp://ftp2.tpdc.ac.cn:6201/PML/V2.2a-VIIRS/8-day/PET/PML-V2.2a-VIIRS_PET_2025.nc [104561816] -> "/glade/derecho/scratch/bbuchovecky/pml-v2.2/V2.2a-VIIRS/8-day/PET/PML-V2.2a-VIIRS_PET_2025.nc" [1]
2026-10-03 06:06:49 URL: ftp://ftp2.tpdc.ac.cn:6201/PML/V2.2a-VIIRS/8-day/GPP/PML-V2.2a-VIIRS_GPP_2013.nc [102165906] -> "/glade/derecho/scratch/bbuchovecky/pml-v2.2/V2.2a-VIIRS/8-day/GPP/PML-V2.2a-VIIRS_GPP_2013.nc" [1]
2026-10-03 06:51:08 URL: ftp://ftp3.tpdc.ac.cn:6201/PML/V2.2a-VIIRS/8-day/GPP/PML-V2.2a-VIIRS_GPP_2014.nc [102587432] -> "/glade/derecho/scratch/bbuchovecky/pml-v2.2/V2.2a-VIIRS/8-day/GPP/PML-V2.2a-VIIRS_GPP_2014.nc" [1]
2026-10-03 07:02:07 URL: ftp://ftp3.tpdc.ac.cn:6201/PML/V2.2a-VIIRS/8-day/GPP/PML-V2.2a-VIIRS_GPP_2016.nc [106333030] -> "/glade/derecho/scratch/bbuchovecky/pml-v2.2/V2.2a-VIIRS/8-day/GPP/PML-V2.2a-VIIRS_GPP_2016.nc" [1]
2026-10-03 07:02:53 URL: ftp://ftp2.tpdc.ac.cn:6201/PML/V2.2a-VIIRS/8-day/GPP/PML-V2.2a-VIIRS_GPP_2015.nc [102490461] -> "/glade/derecho/scratch/bbuchovecky/pml-v2.2/V2.2a-VIIRS/8-day/GPP/PML-V2.2a-VIIRS_GPP_2015.nc" [1]
2026-10-03 07:05:54 URL: ftp://ftp3.tpdc.ac.cn:6201/PML/V2.2a-VIIRS/8-day/GPP/PML-V2.2a-VIIRS_GPP_2018.nc [104297344] -> "/glade/derecho/scratch/bbuchovecky/pml-v2.2/V2.2a-VIIRS/8-day/GPP/PML-V2.2a-VIIRS_GPP_2018.nc" [1]
2026-10-03 07:10:44 URL: ftp://ftp2.tpdc.ac.cn:6201/PML/V2.2a-VIIRS/8-day/GPP/PML-V2.2a-VIIRS_GPP_2017.nc [107201979] -> "/glade/derecho/scratch/bbuchovecky/pml-v2.2/V2.2a-VIIRS/8-day/GPP/PML-V2.2a-VIIRS_GPP_2017.nc" [1]
2026-10-03 07:12:28 URL: ftp://ftp2.tpdc.ac.cn:6201/PML/V2.2a-VIIRS/8-day/GPP/PML-V2.2a-VIIRS_GPP_2019.nc [104148597] -> "/glade/derecho/scratch/bbuchovecky/pml-v2.2/V2.2a-VIIRS/8-day/GPP/PML-V2.2a-VIIRS_GPP_2019.nc" [1]
2026-10-03 07:14:12 URL: ftp://ftp3.tpdc.ac.cn:6201/PML/V2.2a-VIIRS/8-day/GPP/PML-V2.2a-VIIRS_GPP_2020.nc [104836470] -> "/glade/derecho/scratch/bbuchovecky/pml-v2.2/V2.2a-VIIRS/8-day/GPP/PML-V2.2a-VIIRS_GPP_2020.nc" [1]
2026-10-03 07:21:37 URL: ftp://ftp2.tpdc.ac.cn:6201/PML/V2.2a-VIIRS/8-day/GPP/PML-V2.2a-VIIRS_GPP_2021.nc [103498657] -> "/glade/derecho/scratch/bbuchovecky/pml-v2.2/V2.2a-VIIRS/8-day/GPP/PML-V2.2a-VIIRS_GPP_2021.nc" [1]
2026-10-03 07:26:55 URL: ftp://ftp3.tpdc.ac.cn:6201/PML/V2.2a-VIIRS/monthly/ET/PML-V2.2a-VIIRS_ET_2012.nc [24585244] -> "/glade/derecho/scratch/bbuchovecky/pml-v2.2/V2.2a-VIIRS/monthly/ET/PML-V2.2a-VIIRS_ET_2012.nc" [1]
2026-10-03 07:32:04 URL: ftp://ftp3.tpdc.ac.cn:6201/PML/V2.2a-VIIRS/monthly/ET/PML-V2.2a-VIIRS_ET_2014.nc [26180314] -> "/glade/derecho/scratch/bbuchovecky/pml-v2.2/V2.2a-VIIRS/monthly/ET/PML-V2.2a-VIIRS_ET_2014.nc" [1]
2026-10-03 07:32:23 URL: ftp://ftp2.tpdc.ac.cn:6201/PML/V2.2a-VIIRS/monthly/ET/PML-V2.2a-VIIRS_ET_2013.nc [28080083] -> "/glade/derecho/scratch/bbuchovecky/pml-v2.2/V2.2a-VIIRS/monthly/ET/PML-V2.2a-VIIRS_ET_2013.nc" [1]
2026-10-03 07:40:43 URL: ftp://ftp2.tpdc.ac.cn:6201/PML/V2.2a-VIIRS/monthly/ET/PML-V2.2a-VIIRS_ET_2015.nc [26349795] -> "/glade/derecho/scratch/bbuchovecky/pml-v2.2/V2.2a-VIIRS/monthly/ET/PML-V2.2a-VIIRS_ET_2015.nc" [1]
2026-10-03 07:45:04 URL: ftp://ftp3.tpdc.ac.cn:6201/PML/V2.2a-VIIRS/monthly/ET/PML-V2.2a-VIIRS_ET_2016.nc [26403014] -> "/glade/derecho/scratch/bbuchovecky/pml-v2.2/V2.2a-VIIRS/monthly/ET/PML-V2.2a-VIIRS_ET_2016.nc" [1]
2026-10-03 07:50:46 URL: ftp://ftp3.tpdc.ac.cn:6201/PML/V2.2a-VIIRS/monthly/ET/PML-V2.2a-VIIRS_ET_2018.nc [26385348] -> "/glade/derecho/scratch/bbuchovecky/pml-v2.2/V2.2a-VIIRS/monthly/ET/PML-V2.2a-VIIRS_ET_2018.nc" [1]
2026-10-03 07:50:46 URL: ftp://ftp2.tpdc.ac.cn:6201/PML/V2.2a-VIIRS/monthly/ET/PML-V2.2a-VIIRS_ET_2017.nc [27668301] -> "/glade/derecho/scratch/bbuchovecky/pml-v2.2/V2.2a-VIIRS/monthly/ET/PML-V2.2a-VIIRS_ET_2017.nc" [1]
2026-10-03 07:59:24 URL: ftp://ftp3.tpdc.ac.cn:6201/PML/V2.2a-VIIRS/8-day/GPP/PML-V2.2a-VIIRS_GPP_2022.nc [102903980] -> "/glade/derecho/scratch/bbuchovecky/pml-v2.2/V2.2a-VIIRS/8-day/GPP/PML-V2.2a-VIIRS_GPP_2022.nc" [1]
2026-10-03 07:59:42 URL: ftp://ftp2.tpdc.ac.cn:6201/PML/V2.2a-VIIRS/monthly/ET/PML-V2.2a-VIIRS_ET_2019.nc [26267987] -> "/glade/derecho/scratch/bbuchovecky/pml-v2.2/V2.2a-VIIRS/monthly/ET/PML-V2.2a-VIIRS_ET_2019.nc" [1]
2026-10-03 08:02:45 URL: ftp://ftp3.tpdc.ac.cn:6201/PML/V2.2a-VIIRS/monthly/ET/PML-V2.2a-VIIRS_ET_2020.nc [26277063] -> "/glade/derecho/scratch/bbuchovecky/pml-v2.2/V2.2a-VIIRS/monthly/ET/PML-V2.2a-VIIRS_ET_2020.nc" [1]
2026-10-03 08:08:21 URL: ftp://ftp3.tpdc.ac.cn:6201/PML/V2.2a-VIIRS/monthly/ET/PML-V2.2a-VIIRS_ET_2022.nc [26380382] -> "/glade/derecho/scratch/bbuchovecky/pml-v2.2/V2.2a-VIIRS/monthly/ET/PML-V2.2a-VIIRS_ET_2022.nc" [1]
2026-10-03 08:10:11 URL: ftp://ftp2.tpdc.ac.cn:6201/PML/V2.2a-VIIRS/monthly/ET/PML-V2.2a-VIIRS_ET_2021.nc [26312488] -> "/glade/derecho/scratch/bbuchovecky/pml-v2.2/V2.2a-VIIRS/monthly/ET/PML-V2.2a-VIIRS_ET_2021.nc" [1]
2026-10-03 08:14:02 URL: ftp://ftp3.tpdc.ac.cn:6201/PML/V2.2a-VIIRS/8-day/GPP/PML-V2.2a-VIIRS_GPP_2024.nc [104422583] -> "/glade/derecho/scratch/bbuchovecky/pml-v2.2/V2.2a-VIIRS/8-day/GPP/PML-V2.2a-VIIRS_GPP_2024.nc" [1]
2026-10-03 08:14:20 URL: ftp://ftp2.tpdc.ac.cn:6201/PML/V2.2a-VIIRS/8-day/GPP/PML-V2.2a-VIIRS_GPP_2023.nc [103660083] -> "/glade/derecho/scratch/bbuchovecky/pml-v2.2/V2.2a-VIIRS/8-day/GPP/PML-V2.2a-VIIRS_GPP_2023.nc" [1]
2026-10-03 08:16:46 URL: ftp://ftp3.tpdc.ac.cn:6201/PML/V2.2a-VIIRS/monthly/ET/PML-V2.2a-VIIRS_ET_2024.nc [26677941] -> "/glade/derecho/scratch/bbuchovecky/pml-v2.2/V2.2a-VIIRS/monthly/ET/PML-V2.2a-VIIRS_ET_2024.nc" [1]
2026-10-03 08:17:51 URL: ftp://ftp2.tpdc.ac.cn:6201/PML/V2.2a-VIIRS/monthly/ET/PML-V2.2a-VIIRS_ET_2023.nc [26608398] -> "/glade/derecho/scratch/bbuchovecky/pml-v2.2/V2.2a-VIIRS/monthly/ET/PML-V2.2a-VIIRS_ET_2023.nc" [1]
2026-10-03 08:18:40 URL: ftp://ftp2.tpdc.ac.cn:6201/PML/V2.2a-VIIRS/8-day/GPP/PML-V2.2a-VIIRS_GPP_2025.nc [105944830] -> "/glade/derecho/scratch/bbuchovecky/pml-v2.2/V2.2a-VIIRS/8-day/GPP/PML-V2.2a-VIIRS_GPP_2025.nc" [1]
2026-10-03 08:21:21 URL: ftp://ftp3.tpdc.ac.cn:6201/PML/V2.2a-VIIRS/monthly/Ec/PML-V2.2a-VIIRS_Ec_2012.nc [20288138] -> "/glade/derecho/scratch/bbuchovecky/pml-v2.2/V2.2a-VIIRS/monthly/Ec/PML-V2.2a-VIIRS_Ec_2012.nc" [1]
2026-10-03 08:21:46 URL: ftp://ftp2.tpdc.ac.cn:6201/PML/V2.2a-VIIRS/monthly/ET/PML-V2.2a-VIIRS_ET_2025.nc [26605989] -> "/glade/derecho/scratch/bbuchovecky/pml-v2.2/V2.2a-VIIRS/monthly/ET/PML-V2.2a-VIIRS_ET_2025.nc" [1]
2026-10-03 08:25:09 URL: ftp://ftp2.tpdc.ac.cn:6201/PML/V2.2a-VIIRS/monthly/Ec/PML-V2.2a-VIIRS_Ec_2013.nc [21412260] -> "/glade/derecho/scratch/bbuchovecky/pml-v2.2/V2.2a-VIIRS/monthly/Ec/PML-V2.2a-VIIRS_Ec_2013.nc" [1]
2026-10-03 08:27:57 URL: ftp://ftp3.tpdc.ac.cn:6201/PML/V2.2a-VIIRS/monthly/Ec/PML-V2.2a-VIIRS_Ec_2014.nc [21519519] -> "/glade/derecho/scratch/bbuchovecky/pml-v2.2/V2.2a-VIIRS/monthly/Ec/PML-V2.2a-VIIRS_Ec_2014.nc" [1]
2026-10-03 08:29:02 URL: ftp://ftp2.tpdc.ac.cn:6201/PML/V2.2a-VIIRS/monthly/Ec/PML-V2.2a-VIIRS_Ec_2015.nc [21593720] -> "/glade/derecho/scratch/bbuchovecky/pml-v2.2/V2.2a-VIIRS/monthly/Ec/PML-V2.2a-VIIRS_Ec_2015.nc" [1]
2026-10-03 08:30:20 URL: ftp://ftp3.tpdc.ac.cn:6201/PML/V2.2a-VIIRS/monthly/Ec/PML-V2.2a-VIIRS_Ec_2016.nc [21737244] -> "/glade/derecho/scratch/bbuchovecky/pml-v2.2/V2.2a-VIIRS/monthly/Ec/PML-V2.2a-VIIRS_Ec_2016.nc" [1]
2026-10-03 08:33:03 URL: ftp://ftp2.tpdc.ac.cn:6201/PML/V2.2a-VIIRS/monthly/Ec/PML-V2.2a-VIIRS_Ec_2017.nc [21513549] -> "/glade/derecho/scratch/bbuchovecky/pml-v2.2/V2.2a-VIIRS/monthly/Ec/PML-V2.2a-VIIRS_Ec_2017.nc" [1]
2026-10-03 08:33:34 URL: ftp://ftp3.tpdc.ac.cn:6201/PML/V2.2a-VIIRS/monthly/Ec/PML-V2.2a-VIIRS_Ec_2018.nc [21441094] -> "/glade/derecho/scratch/bbuchovecky/pml-v2.2/V2.2a-VIIRS/monthly/Ec/PML-V2.2a-VIIRS_Ec_2018.nc" [1]
2026-10-03 08:35:32 URL: ftp://ftp3.tpdc.ac.cn:6201/PML/V2.2a-VIIRS/monthly/Ec/PML-V2.2a-VIIRS_Ec_2020.nc [21722265] -> "/glade/derecho/scratch/bbuchovecky/pml-v2.2/V2.2a-VIIRS/monthly/Ec/PML-V2.2a-VIIRS_Ec_2020.nc" [1]
2026-10-03 08:36:02 URL: ftp://ftp2.tpdc.ac.cn:6201/PML/V2.2a-VIIRS/monthly/Ec/PML-V2.2a-VIIRS_Ec_2019.nc [21501276] -> "/glade/derecho/scratch/bbuchovecky/pml-v2.2/V2.2a-VIIRS/monthly/Ec/PML-V2.2a-VIIRS_Ec_2019.nc" [1]
2026-10-03 08:40:44 URL: ftp://ftp2.tpdc.ac.cn:6201/PML/V2.2a-VIIRS/monthly/Ec/PML-V2.2a-VIIRS_Ec_2021.nc [21582611] -> "/glade/derecho/scratch/bbuchovecky/pml-v2.2/V2.2a-VIIRS/monthly/Ec/PML-V2.2a-VIIRS_Ec_2021.nc" [1]
2026-10-03 08:42:04 URL: ftp://ftp3.tpdc.ac.cn:6201/PML/V2.2a-VIIRS/monthly/Ec/PML-V2.2a-VIIRS_Ec_2022.nc [21534274] -> "/glade/derecho/scratch/bbuchovecky/pml-v2.2/V2.2a-VIIRS/monthly/Ec/PML-V2.2a-VIIRS_Ec_2022.nc" [1]
2026-10-03 08:45:15 URL: ftp://ftp2.tpdc.ac.cn:6201/PML/V2.2a-VIIRS/monthly/Ec/PML-V2.2a-VIIRS_Ec_2023.nc [21758106] -> "/glade/derecho/scratch/bbuchovecky/pml-v2.2/V2.2a-VIIRS/monthly/Ec/PML-V2.2a-VIIRS_Ec_2023.nc" [1]
2026-10-03 08:45:38 URL: ftp://ftp3.tpdc.ac.cn:6201/PML/V2.2a-VIIRS/monthly/Ec/PML-V2.2a-VIIRS_Ec_2024.nc [21736907] -> "/glade/derecho/scratch/bbuchovecky/pml-v2.2/V2.2a-VIIRS/monthly/Ec/PML-V2.2a-VIIRS_Ec_2024.nc" [1]
2026-10-03 08:48:05 URL: ftp://ftp3.tpdc.ac.cn:6201/PML/V2.2a-VIIRS/monthly/Es/PML-V2.2a-VIIRS_Es_2012.nc [21597378] -> "/glade/derecho/scratch/bbuchovecky/pml-v2.2/V2.2a-VIIRS/monthly/Es/PML-V2.2a-VIIRS_Es_2012.nc" [1]
2026-10-03 08:48:55 URL: ftp://ftp2.tpdc.ac.cn:6201/PML/V2.2a-VIIRS/monthly/Ec/PML-V2.2a-VIIRS_Ec_2025.nc [21702019] -> "/glade/derecho/scratch/bbuchovecky/pml-v2.2/V2.2a-VIIRS/monthly/Ec/PML-V2.2a-VIIRS_Ec_2025.nc" [1]
2026-10-03 08:53:03 URL: ftp://ftp2.tpdc.ac.cn:6201/PML/V2.2a-VIIRS/monthly/Es/PML-V2.2a-VIIRS_Es_2013.nc [22889245] -> "/glade/derecho/scratch/bbuchovecky/pml-v2.2/V2.2a-VIIRS/monthly/Es/PML-V2.2a-VIIRS_Es_2013.nc" [1]
2026-10-03 08:53:12 URL: ftp://ftp3.tpdc.ac.cn:6201/PML/V2.2a-VIIRS/monthly/Es/PML-V2.2a-VIIRS_Es_2014.nc [23050473] -> "/glade/derecho/scratch/bbuchovecky/pml-v2.2/V2.2a-VIIRS/monthly/Es/PML-V2.2a-VIIRS_Es_2014.nc" [1]
2026-10-03 08:57:22 URL: ftp://ftp2.tpdc.ac.cn:6201/PML/V2.2a-VIIRS/monthly/Es/PML-V2.2a-VIIRS_Es_2015.nc [23222131] -> "/glade/derecho/scratch/bbuchovecky/pml-v2.2/V2.2a-VIIRS/monthly/Es/PML-V2.2a-VIIRS_Es_2015.nc" [1]
2026-10-03 08:58:17 URL: ftp://ftp3.tpdc.ac.cn:6201/PML/V2.2a-VIIRS/monthly/Es/PML-V2.2a-VIIRS_Es_2016.nc [23193876] -> "/glade/derecho/scratch/bbuchovecky/pml-v2.2/V2.2a-VIIRS/monthly/Es/PML-V2.2a-VIIRS_Es_2016.nc" [1]
2026-10-03 09:01:50 URL: ftp://ftp3.tpdc.ac.cn:6201/PML/V2.2a-VIIRS/monthly/Es/PML-V2.2a-VIIRS_Es_2018.nc [23075687] -> "/glade/derecho/scratch/bbuchovecky/pml-v2.2/V2.2a-VIIRS/monthly/Es/PML-V2.2a-VIIRS_Es_2018.nc" [1]
2026-10-03 09:02:07 URL: ftp://ftp2.tpdc.ac.cn:6201/PML/V2.2a-VIIRS/monthly/Es/PML-V2.2a-VIIRS_Es_2017.nc [22926371] -> "/glade/derecho/scratch/bbuchovecky/pml-v2.2/V2.2a-VIIRS/monthly/Es/PML-V2.2a-VIIRS_Es_2017.nc" [1]
2026-10-03 09:04:48 URL: ftp://ftp3.tpdc.ac.cn:6201/PML/V2.2a-VIIRS/monthly/Es/PML-V2.2a-VIIRS_Es_2020.nc [22858079] -> "/glade/derecho/scratch/bbuchovecky/pml-v2.2/V2.2a-VIIRS/monthly/Es/PML-V2.2a-VIIRS_Es_2020.nc" [1]
2026-10-03 09:04:59 URL: ftp://ftp2.tpdc.ac.cn:6201/PML/V2.2a-VIIRS/monthly/Es/PML-V2.2a-VIIRS_Es_2019.nc [22907910] -> "/glade/derecho/scratch/bbuchovecky/pml-v2.2/V2.2a-VIIRS/monthly/Es/PML-V2.2a-VIIRS_Es_2019.nc" [1]
2026-10-03 09:08:48 URL: ftp://ftp3.tpdc.ac.cn:6201/PML/V2.2a-VIIRS/monthly/Es/PML-V2.2a-VIIRS_Es_2022.nc [23180993] -> "/glade/derecho/scratch/bbuchovecky/pml-v2.2/V2.2a-VIIRS/monthly/Es/PML-V2.2a-VIIRS_Es_2022.nc" [1]
2026-10-03 09:09:42 URL: ftp://ftp2.tpdc.ac.cn:6201/PML/V2.2a-VIIRS/monthly/Es/PML-V2.2a-VIIRS_Es_2021.nc [23054087] -> "/glade/derecho/scratch/bbuchovecky/pml-v2.2/V2.2a-VIIRS/monthly/Es/PML-V2.2a-VIIRS_Es_2021.nc" [1]
2026-10-03 09:11:34 URL: ftp://ftp3.tpdc.ac.cn:6201/PML/V2.2a-VIIRS/monthly/Ei/PML-V2.2a-VIIRS_Ei_2012.nc [13750103] -> "/glade/derecho/scratch/bbuchovecky/pml-v2.2/V2.2a-VIIRS/monthly/Ei/PML-V2.2a-VIIRS_Ei_2012.nc" [1]
2026-10-03 09:14:39 URL: ftp://ftp3.tpdc.ac.cn:6201/PML/V2.2a-VIIRS/monthly/Es/PML-V2.2a-VIIRS_Es_2024.nc [23265152] -> "/glade/derecho/scratch/bbuchovecky/pml-v2.2/V2.2a-VIIRS/monthly/Es/PML-V2.2a-VIIRS_Es_2024.nc" [1]
2026-10-03 09:15:03 URL: ftp://ftp2.tpdc.ac.cn:6201/PML/V2.2a-VIIRS/monthly/Es/PML-V2.2a-VIIRS_Es_2023.nc [23200794] -> "/glade/derecho/scratch/bbuchovecky/pml-v2.2/V2.2a-VIIRS/monthly/Es/PML-V2.2a-VIIRS_Es_2023.nc" [1]
2026-10-03 09:15:43 URL: ftp://ftp2.tpdc.ac.cn:6201/PML/V2.2a-VIIRS/monthly/Ei/PML-V2.2a-VIIRS_Ei_2013.nc [14759592] -> "/glade/derecho/scratch/bbuchovecky/pml-v2.2/V2.2a-VIIRS/monthly/Ei/PML-V2.2a-VIIRS_Ei_2013.nc" [1]
2026-10-03 09:16:16 URL: ftp://ftp3.tpdc.ac.cn:6201/PML/V2.2a-VIIRS/monthly/Ei/PML-V2.2a-VIIRS_Ei_2014.nc [14817125] -> "/glade/derecho/scratch/bbuchovecky/pml-v2.2/V2.2a-VIIRS/monthly/Ei/PML-V2.2a-VIIRS_Ei_2014.nc" [1]
2026-10-03 09:17:56 URL: ftp://ftp2.tpdc.ac.cn:6201/PML/V2.2a-VIIRS/monthly/Es/PML-V2.2a-VIIRS_Es_2025.nc [23224906] -> "/glade/derecho/scratch/bbuchovecky/pml-v2.2/V2.2a-VIIRS/monthly/Es/PML-V2.2a-VIIRS_Es_2025.nc" [1]
2026-10-03 09:19:13 URL: ftp://ftp2.tpdc.ac.cn:6201/PML/V2.2a-VIIRS/monthly/Ei/PML-V2.2a-VIIRS_Ei_2015.nc [14920315] -> "/glade/derecho/scratch/bbuchovecky/pml-v2.2/V2.2a-VIIRS/monthly/Ei/PML-V2.2a-VIIRS_Ei_2015.nc" [1]
2026-10-03 09:20:21 URL: ftp://ftp3.tpdc.ac.cn:6201/PML/V2.2a-VIIRS/monthly/Ei/PML-V2.2a-VIIRS_Ei_2016.nc [15001116] -> "/glade/derecho/scratch/bbuchovecky/pml-v2.2/V2.2a-VIIRS/monthly/Ei/PML-V2.2a-VIIRS_Ei_2016.nc" [1]
2026-10-03 09:22:07 URL: ftp://ftp2.tpdc.ac.cn:6201/PML/V2.2a-VIIRS/monthly/Ei/PML-V2.2a-VIIRS_Ei_2017.nc [14796219] -> "/glade/derecho/scratch/bbuchovecky/pml-v2.2/V2.2a-VIIRS/monthly/Ei/PML-V2.2a-VIIRS_Ei_2017.nc" [1]
2026-10-03 09:24:36 URL: ftp://ftp3.tpdc.ac.cn:6201/PML/V2.2a-VIIRS/monthly/Ei/PML-V2.2a-VIIRS_Ei_2018.nc [14810049] -> "/glade/derecho/scratch/bbuchovecky/pml-v2.2/V2.2a-VIIRS/monthly/Ei/PML-V2.2a-VIIRS_Ei_2018.nc" [1]
2026-10-03 09:25:08 URL: ftp://ftp2.tpdc.ac.cn:6201/PML/V2.2a-VIIRS/monthly/Ei/PML-V2.2a-VIIRS_Ei_2019.nc [14648901] -> "/glade/derecho/scratch/bbuchovecky/pml-v2.2/V2.2a-VIIRS/monthly/Ei/PML-V2.2a-VIIRS_Ei_2019.nc" [1]
2026-10-03 09:26:02 URL: ftp://ftp3.tpdc.ac.cn:6201/PML/V2.2a-VIIRS/monthly/Ei/PML-V2.2a-VIIRS_Ei_2020.nc [14694655] -> "/glade/derecho/scratch/bbuchovecky/pml-v2.2/V2.2a-VIIRS/monthly/Ei/PML-V2.2a-VIIRS_Ei_2020.nc" [1]
2026-10-03 09:27:16 URL: ftp://ftp2.tpdc.ac.cn:6201/PML/V2.2a-VIIRS/monthly/Ei/PML-V2.2a-VIIRS_Ei_2021.nc [14892524] -> "/glade/derecho/scratch/bbuchovecky/pml-v2.2/V2.2a-VIIRS/monthly/Ei/PML-V2.2a-VIIRS_Ei_2021.nc" [1]
2026-10-03 09:28:33 URL: ftp://ftp3.tpdc.ac.cn:6201/PML/V2.2a-VIIRS/monthly/Ei/PML-V2.2a-VIIRS_Ei_2022.nc [14873584] -> "/glade/derecho/scratch/bbuchovecky/pml-v2.2/V2.2a-VIIRS/monthly/Ei/PML-V2.2a-VIIRS_Ei_2022.nc" [1]
2026-10-03 09:29:47 URL: ftp://ftp2.tpdc.ac.cn:6201/PML/V2.2a-VIIRS/monthly/Ei/PML-V2.2a-VIIRS_Ei_2023.nc [14885661] -> "/glade/derecho/scratch/bbuchovecky/pml-v2.2/V2.2a-VIIRS/monthly/Ei/PML-V2.2a-VIIRS_Ei_2023.nc" [1]
2026-10-03 09:30:35 URL: ftp://ftp3.tpdc.ac.cn:6201/PML/V2.2a-VIIRS/monthly/Ei/PML-V2.2a-VIIRS_Ei_2024.nc [14870701] -> "/glade/derecho/scratch/bbuchovecky/pml-v2.2/V2.2a-VIIRS/monthly/Ei/PML-V2.2a-VIIRS_Ei_2024.nc" [1]
2026-10-03 09:33:08 URL: ftp://ftp2.tpdc.ac.cn:6201/PML/V2.2a-VIIRS/monthly/Ei/PML-V2.2a-VIIRS_Ei_2025.nc [15076559] -> "/glade/derecho/scratch/bbuchovecky/pml-v2.2/V2.2a-VIIRS/monthly/Ei/PML-V2.2a-VIIRS_Ei_2025.nc" [1]
2026-10-03 09:33:10 URL: ftp://ftp2.tpdc.ac.cn:6201/PML/V2.2a-VIIRS/monthly/E/PML-V2.2a-VIIRS_E_2019.nc [0] -> "/glade/derecho/scratch/bbuchovecky/pml-v2.2/V2.2a-VIIRS/monthly/E/PML-V2.2a-VIIRS_E_2019.nc" [1]
2026-10-03 09:43:20 URL: ftp://ftp3.tpdc.ac.cn:6201/PML/V2.2a-VIIRS/monthly/E/PML-V2.2a-VIIRS_E_2012.nc [26962729] -> "/glade/derecho/scratch/bbuchovecky/pml-v2.2/V2.2a-VIIRS/monthly/E/PML-V2.2a-VIIRS_E_2012.nc" [1]
2026-10-03 09:44:23 URL: ftp://ftp2.tpdc.ac.cn:6201/PML/V2.2a-VIIRS/monthly/E/PML-V2.2a-VIIRS_E_2013.nc [28749647] -> "/glade/derecho/scratch/bbuchovecky/pml-v2.2/V2.2a-VIIRS/monthly/E/PML-V2.2a-VIIRS_E_2013.nc" [1]
2026-10-03 09:45:39 URL: ftp://ftp3.tpdc.ac.cn:6201/PML/V2.2a-VIIRS/monthly/E/PML-V2.2a-VIIRS_E_2014.nc [28818516] -> "/glade/derecho/scratch/bbuchovecky/pml-v2.2/V2.2a-VIIRS/monthly/E/PML-V2.2a-VIIRS_E_2014.nc" [1]
2026-10-03 09:52:40 URL: ftp://ftp2.tpdc.ac.cn:6201/PML/V2.2a-VIIRS/monthly/E/PML-V2.2a-VIIRS_E_2015.nc [28984388] -> "/glade/derecho/scratch/bbuchovecky/pml-v2.2/V2.2a-VIIRS/monthly/E/PML-V2.2a-VIIRS_E_2015.nc" [1]
2026-10-03 10:05:37 URL: ftp://ftp3.tpdc.ac.cn:6201/PML/V2.2a-VIIRS/monthly/E/PML-V2.2a-VIIRS_E_2020.nc [29004831] -> "/glade/derecho/scratch/bbuchovecky/pml-v2.2/V2.2a-VIIRS/monthly/E/PML-V2.2a-VIIRS_E_2020.nc" [1]
2026-10-03 10:08:44 URL: ftp://ftp3.tpdc.ac.cn:6201/PML/V2.2a-VIIRS/monthly/E/PML-V2.2a-VIIRS_E_2024.nc [29312802] -> "/glade/derecho/scratch/bbuchovecky/pml-v2.2/V2.2a-VIIRS/monthly/E/PML-V2.2a-VIIRS_E_2024.nc" [1]
2026-10-03 10:13:29 URL: ftp://ftp3.tpdc.ac.cn:6201/PML/V2.2a-VIIRS/monthly/Ew/PML-V2.2a-VIIRS_Ew_2012.nc [8496107] -> "/glade/derecho/scratch/bbuchovecky/pml-v2.2/V2.2a-VIIRS/monthly/Ew/PML-V2.2a-VIIRS_Ew_2012.nc" [1]
2026-10-03 10:14:02 URL: ftp://ftp3.tpdc.ac.cn:6201/PML/V2.2a-VIIRS/monthly/E/PML-V2.2a-VIIRS_E_2016.nc [29046960] -> "/glade/derecho/scratch/bbuchovecky/pml-v2.2/V2.2a-VIIRS/monthly/E/PML-V2.2a-VIIRS_E_2016.nc" [1]
2026-10-03 10:18:49 URL: ftp://ftp2.tpdc.ac.cn:6201/PML/V2.2a-VIIRS/monthly/Ew/PML-V2.2a-VIIRS_Ew_2013.nc [9064302] -> "/glade/derecho/scratch/bbuchovecky/pml-v2.2/V2.2a-VIIRS/monthly/Ew/PML-V2.2a-VIIRS_Ew_2013.nc" [1]
2026-10-03 10:19:12 URL: ftp://ftp2.tpdc.ac.cn:6201/PML/V2.2a-VIIRS/monthly/E/PML-V2.2a-VIIRS_E_2017.nc [28911027] -> "/glade/derecho/scratch/bbuchovecky/pml-v2.2/V2.2a-VIIRS/monthly/E/PML-V2.2a-VIIRS_E_2017.nc" [1]
2026-10-03 10:19:14 URL: ftp://ftp3.tpdc.ac.cn:6201/PML/V2.2a-VIIRS/monthly/Ew/PML-V2.2a-VIIRS_Ew_2014.nc [9097352] -> "/glade/derecho/scratch/bbuchovecky/pml-v2.2/V2.2a-VIIRS/monthly/Ew/PML-V2.2a-VIIRS_Ew_2014.nc" [1]
2026-10-03 10:23:35 URL: ftp://ftp2.tpdc.ac.cn:6201/PML/V2.2a-VIIRS/monthly/E/PML-V2.2a-VIIRS_E_2025.nc [29267717] -> "/glade/derecho/scratch/bbuchovecky/pml-v2.2/V2.2a-VIIRS/monthly/E/PML-V2.2a-VIIRS_E_2025.nc" [1]
2026-10-03 10:24:13 URL: ftp://ftp2.tpdc.ac.cn:6201/PML/V2.2a-VIIRS/monthly/Ew/PML-V2.2a-VIIRS_Ew_2015.nc [9089671] -> "/glade/derecho/scratch/bbuchovecky/pml-v2.2/V2.2a-VIIRS/monthly/Ew/PML-V2.2a-VIIRS_Ew_2015.nc" [1]
2026-10-03 10:24:30 URL: ftp://ftp2.tpdc.ac.cn:6201/PML/V2.2a-VIIRS/monthly/Ew/PML-V2.2a-VIIRS_Ew_2017.nc [9137115] -> "/glade/derecho/scratch/bbuchovecky/pml-v2.2/V2.2a-VIIRS/monthly/Ew/PML-V2.2a-VIIRS_Ew_2017.nc" [1]
2026-10-03 10:24:32 URL: ftp://ftp3.tpdc.ac.cn:6201/PML/V2.2a-VIIRS/monthly/Ew/PML-V2.2a-VIIRS_Ew_2016.nc [9164156] -> "/glade/derecho/scratch/bbuchovecky/pml-v2.2/V2.2a-VIIRS/monthly/Ew/PML-V2.2a-VIIRS_Ew_2016.nc" [1]
2026-10-03 10:29:16 URL: ftp://ftp3.tpdc.ac.cn:6201/PML/V2.2a-VIIRS/monthly/Ew/PML-V2.2a-VIIRS_Ew_2018.nc [9115841] -> "/glade/derecho/scratch/bbuchovecky/pml-v2.2/V2.2a-VIIRS/monthly/Ew/PML-V2.2a-VIIRS_Ew_2018.nc" [1]
2026-10-03 10:29:42 URL: ftp://ftp3.tpdc.ac.cn:6201/PML/V2.2a-VIIRS/monthly/Ew/PML-V2.2a-VIIRS_Ew_2020.nc [9203151] -> "/glade/derecho/scratch/bbuchovecky/pml-v2.2/V2.2a-VIIRS/monthly/Ew/PML-V2.2a-VIIRS_Ew_2020.nc" [1]
2026-10-03 10:29:44 URL: ftp://ftp3.tpdc.ac.cn:6201/PML/V2.2a-VIIRS/monthly/E/PML-V2.2a-VIIRS_E_2018.nc [29022158] -> "/glade/derecho/scratch/bbuchovecky/pml-v2.2/V2.2a-VIIRS/monthly/E/PML-V2.2a-VIIRS_E_2018.nc" [1]
2026-10-03 10:30:16 URL: ftp://ftp2.tpdc.ac.cn:6201/PML/V2.2a-VIIRS/monthly/Ew/PML-V2.2a-VIIRS_Ew_2021.nc [9183758] -> "/glade/derecho/scratch/bbuchovecky/pml-v2.2/V2.2a-VIIRS/monthly/Ew/PML-V2.2a-VIIRS_Ew_2021.nc" [1]
2026-10-03 10:30:18 URL: ftp://ftp2.tpdc.ac.cn:6201/PML/V2.2a-VIIRS/monthly/Ew/PML-V2.2a-VIIRS_Ew_2019.nc [9183828] -> "/glade/derecho/scratch/bbuchovecky/pml-v2.2/V2.2a-VIIRS/monthly/Ew/PML-V2.2a-VIIRS_Ew_2019.nc" [1]
2026-10-03 10:34:41 URL: ftp://ftp3.tpdc.ac.cn:6201/PML/V2.2a-VIIRS/monthly/Ew/PML-V2.2a-VIIRS_Ew_2024.nc [9192332] -> "/glade/derecho/scratch/bbuchovecky/pml-v2.2/V2.2a-VIIRS/monthly/Ew/PML-V2.2a-VIIRS_Ew_2024.nc" [1]
2026-10-03 10:34:44 URL: ftp://ftp3.tpdc.ac.cn:6201/PML/V2.2a-VIIRS/monthly/Ew/PML-V2.2a-VIIRS_Ew_2022.nc [9162133] -> "/glade/derecho/scratch/bbuchovecky/pml-v2.2/V2.2a-VIIRS/monthly/Ew/PML-V2.2a-VIIRS_Ew_2022.nc" [1]
2026-10-03 10:35:13 URL: ftp://ftp2.tpdc.ac.cn:6201/PML/V2.2a-VIIRS/monthly/Ew/PML-V2.2a-VIIRS_Ew_2023.nc [9174544] -> "/glade/derecho/scratch/bbuchovecky/pml-v2.2/V2.2a-VIIRS/monthly/Ew/PML-V2.2a-VIIRS_Ew_2023.nc" [1]
2026-10-03 10:36:09 URL: ftp://ftp2.tpdc.ac.cn:6201/PML/V2.2a-VIIRS/monthly/Ew/PML-V2.2a-VIIRS_Ew_2025.nc [9206634] -> "/glade/derecho/scratch/bbuchovecky/pml-v2.2/V2.2a-VIIRS/monthly/Ew/PML-V2.2a-VIIRS_Ew_2025.nc" [1]
2026-10-03 10:39:21 URL: ftp://ftp3.tpdc.ac.cn:6201/PML/V2.2a-VIIRS/monthly/PET/PML-V2.2a-VIIRS_PET_2012.nc [30610357] -> "/glade/derecho/scratch/bbuchovecky/pml-v2.2/V2.2a-VIIRS/monthly/PET/PML-V2.2a-VIIRS_PET_2012.nc" [1]
2026-10-03 10:39:32 URL: ftp://ftp2.tpdc.ac.cn:6201/PML/V2.2a-VIIRS/monthly/PET/PML-V2.2a-VIIRS_PET_2013.nc [32909553] -> "/glade/derecho/scratch/bbuchovecky/pml-v2.2/V2.2a-VIIRS/monthly/PET/PML-V2.2a-VIIRS_PET_2013.nc" [1]
2026-10-03 10:40:26 URL: ftp://ftp3.tpdc.ac.cn:6201/PML/V2.2a-VIIRS/monthly/PET/PML-V2.2a-VIIRS_PET_2016.nc [33056763] -> "/glade/derecho/scratch/bbuchovecky/pml-v2.2/V2.2a-VIIRS/monthly/PET/PML-V2.2a-VIIRS_PET_2016.nc" [1]
2026-10-03 10:40:28 URL: ftp://ftp2.tpdc.ac.cn:6201/PML/V2.2a-VIIRS/monthly/PET/PML-V2.2a-VIIRS_PET_2015.nc [33053930] -> "/glade/derecho/scratch/bbuchovecky/pml-v2.2/V2.2a-VIIRS/monthly/PET/PML-V2.2a-VIIRS_PET_2015.nc" [1]
2026-10-03 10:42:18 URL: ftp://ftp3.tpdc.ac.cn:6201/PML/V2.2a-VIIRS/monthly/PET/PML-V2.2a-VIIRS_PET_2014.nc [32952794] -> "/glade/derecho/scratch/bbuchovecky/pml-v2.2/V2.2a-VIIRS/monthly/PET/PML-V2.2a-VIIRS_PET_2014.nc" [1]
2026-10-03 10:43:33 URL: ftp://ftp3.tpdc.ac.cn:6201/PML/V2.2a-VIIRS/monthly/PET/PML-V2.2a-VIIRS_PET_2018.nc [33020577] -> "/glade/derecho/scratch/bbuchovecky/pml-v2.2/V2.2a-VIIRS/monthly/PET/PML-V2.2a-VIIRS_PET_2018.nc" [1]
2026-10-03 10:44:33 URL: ftp://ftp2.tpdc.ac.cn:6201/PML/V2.2a-VIIRS/monthly/PET/PML-V2.2a-VIIRS_PET_2017.nc [33086078] -> "/glade/derecho/scratch/bbuchovecky/pml-v2.2/V2.2a-VIIRS/monthly/PET/PML-V2.2a-VIIRS_PET_2017.nc" [1]
2026-10-03 10:46:27 URL: ftp://ftp3.tpdc.ac.cn:6201/PML/V2.2a-VIIRS/monthly/PET/PML-V2.2a-VIIRS_PET_2020.nc [33311688] -> "/glade/derecho/scratch/bbuchovecky/pml-v2.2/V2.2a-VIIRS/monthly/PET/PML-V2.2a-VIIRS_PET_2020.nc" [1]
2026-10-03 10:46:33 URL: ftp://ftp2.tpdc.ac.cn:6201/PML/V2.2a-VIIRS/monthly/PET/PML-V2.2a-VIIRS_PET_2019.nc [33128844] -> "/glade/derecho/scratch/bbuchovecky/pml-v2.2/V2.2a-VIIRS/monthly/PET/PML-V2.2a-VIIRS_PET_2019.nc" [1]
2026-10-03 10:53:56 URL: ftp://ftp2.tpdc.ac.cn:6201/PML/V2.2a-VIIRS/monthly/PET/PML-V2.2a-VIIRS_PET_2021.nc [33154338] -> "/glade/derecho/scratch/bbuchovecky/pml-v2.2/V2.2a-VIIRS/monthly/PET/PML-V2.2a-VIIRS_PET_2021.nc" [1]
2026-10-03 10:55:22 URL: ftp://ftp3.tpdc.ac.cn:6201/PML/V2.2a-VIIRS/monthly/PET/PML-V2.2a-VIIRS_PET_2022.nc [33196462] -> "/glade/derecho/scratch/bbuchovecky/pml-v2.2/V2.2a-VIIRS/monthly/PET/PML-V2.2a-VIIRS_PET_2022.nc" [1]
2026-10-03 10:59:08 URL: ftp://ftp3.tpdc.ac.cn:6201/PML/V2.2a-VIIRS/monthly/PET/PML-V2.2a-VIIRS_PET_2024.nc [33344829] -> "/glade/derecho/scratch/bbuchovecky/pml-v2.2/V2.2a-VIIRS/monthly/PET/PML-V2.2a-VIIRS_PET_2024.nc" [1]
2026-10-03 10:59:43 URL: ftp://ftp2.tpdc.ac.cn:6201/PML/V2.2a-VIIRS/monthly/PET/PML-V2.2a-VIIRS_PET_2023.nc [33225730] -> "/glade/derecho/scratch/bbuchovecky/pml-v2.2/V2.2a-VIIRS/monthly/PET/PML-V2.2a-VIIRS_PET_2023.nc" [1]
2026-10-03 11:01:44 URL: ftp://ftp2.tpdc.ac.cn:6201/PML/V2.2a-VIIRS/monthly/PET/PML-V2.2a-VIIRS_PET_2025.nc [33180285] -> "/glade/derecho/scratch/bbuchovecky/pml-v2.2/V2.2a-VIIRS/monthly/PET/PML-V2.2a-VIIRS_PET_2025.nc" [1]
2026-10-03 11:06:50 URL: ftp://ftp3.tpdc.ac.cn:6201/PML/V2.2a-VIIRS/monthly/GPP/PML-V2.2a-VIIRS_GPP_2012.nc [29029034] -> "/glade/derecho/scratch/bbuchovecky/pml-v2.2/V2.2a-VIIRS/monthly/GPP/PML-V2.2a-VIIRS_GPP_2012.nc" [1]
2026-10-03 11:10:28 URL: ftp://ftp2.tpdc.ac.cn:6201/PML/V2.2a-VIIRS/monthly/GPP/PML-V2.2a-VIIRS_GPP_2013.nc [31055831] -> "/glade/derecho/scratch/bbuchovecky/pml-v2.2/V2.2a-VIIRS/monthly/GPP/PML-V2.2a-VIIRS_GPP_2013.nc" [1]
2026-10-03 11:13:30 URL: ftp://ftp3.tpdc.ac.cn:6201/PML/V2.2a-VIIRS/monthly/GPP/PML-V2.2a-VIIRS_GPP_2014.nc [31123983] -> "/glade/derecho/scratch/bbuchovecky/pml-v2.2/V2.2a-VIIRS/monthly/GPP/PML-V2.2a-VIIRS_GPP_2014.nc" [1]
2026-10-03 11:14:12 URL: ftp://ftp2.tpdc.ac.cn:6201/PML/V2.2a-VIIRS/monthly/GPP/PML-V2.2a-VIIRS_GPP_2015.nc [31160826] -> "/glade/derecho/scratch/bbuchovecky/pml-v2.2/V2.2a-VIIRS/monthly/GPP/PML-V2.2a-VIIRS_GPP_2015.nc" [1]
2026-10-03 11:15:12 URL: ftp://ftp3.tpdc.ac.cn:6201/PML/V2.2a-VIIRS/monthly/GPP/PML-V2.2a-VIIRS_GPP_2016.nc [31358264] -> "/glade/derecho/scratch/bbuchovecky/pml-v2.2/V2.2a-VIIRS/monthly/GPP/PML-V2.2a-VIIRS_GPP_2016.nc" [1]
2026-10-03 11:19:52 URL: ftp://ftp2.tpdc.ac.cn:6201/PML/V2.2a-VIIRS/monthly/GPP/PML-V2.2a-VIIRS_GPP_2017.nc [31164099] -> "/glade/derecho/scratch/bbuchovecky/pml-v2.2/V2.2a-VIIRS/monthly/GPP/PML-V2.2a-VIIRS_GPP_2017.nc" [1]
2026-10-03 11:22:18 URL: ftp://ftp3.tpdc.ac.cn:6201/PML/V2.2a-VIIRS/monthly/GPP/PML-V2.2a-VIIRS_GPP_2018.nc [31157799] -> "/glade/derecho/scratch/bbuchovecky/pml-v2.2/V2.2a-VIIRS/monthly/GPP/PML-V2.2a-VIIRS_GPP_2018.nc" [1]
2026-10-03 11:26:23 URL: ftp://ftp2.tpdc.ac.cn:6201/PML/V2.2a-VIIRS/monthly/GPP/PML-V2.2a-VIIRS_GPP_2019.nc [31104512] -> "/glade/derecho/scratch/bbuchovecky/pml-v2.2/V2.2a-VIIRS/monthly/GPP/PML-V2.2a-VIIRS_GPP_2019.nc" [1]
2026-10-03 11:27:09 URL: ftp://ftp3.tpdc.ac.cn:6201/PML/V2.2a-VIIRS/monthly/GPP/PML-V2.2a-VIIRS_GPP_2020.nc [31274693] -> "/glade/derecho/scratch/bbuchovecky/pml-v2.2/V2.2a-VIIRS/monthly/GPP/PML-V2.2a-VIIRS_GPP_2020.nc" [1]
2026-10-03 11:27:42 URL: ftp://ftp2.tpdc.ac.cn:6201/PML/V2.2a-VIIRS/monthly/GPP/PML-V2.2a-VIIRS_GPP_2021.nc [31242902] -> "/glade/derecho/scratch/bbuchovecky/pml-v2.2/V2.2a-VIIRS/monthly/GPP/PML-V2.2a-VIIRS_GPP_2021.nc" [1]
2026-10-03 11:29:43 URL: ftp://ftp3.tpdc.ac.cn:6201/PML/V2.2a-VIIRS/yearly/ET/PML-V2.2a-VIIRS_ET_2013.nc [4846242] -> "/glade/derecho/scratch/bbuchovecky/pml-v2.2/V2.2a-VIIRS/yearly/ET/PML-V2.2a-VIIRS_ET_2013.nc" [1]
2026-10-03 11:31:46 URL: ftp://ftp2.tpdc.ac.cn:6201/PML/V2.2a-VIIRS/yearly/ET/PML-V2.2a-VIIRS_ET_2014.nc [4849285] -> "/glade/derecho/scratch/bbuchovecky/pml-v2.2/V2.2a-VIIRS/yearly/ET/PML-V2.2a-VIIRS_ET_2014.nc" [1]
2026-10-03 11:33:27 URL: ftp://ftp3.tpdc.ac.cn:6201/PML/V2.2a-VIIRS/yearly/ET/PML-V2.2a-VIIRS_ET_2015.nc [4844773] -> "/glade/derecho/scratch/bbuchovecky/pml-v2.2/V2.2a-VIIRS/yearly/ET/PML-V2.2a-VIIRS_ET_2015.nc" [1]
2026-10-03 11:33:58 URL: ftp://ftp3.tpdc.ac.cn:6201/PML/V2.2a-VIIRS/monthly/GPP/PML-V2.2a-VIIRS_GPP_2022.nc [31245961] -> "/glade/derecho/scratch/bbuchovecky/pml-v2.2/V2.2a-VIIRS/monthly/GPP/PML-V2.2a-VIIRS_GPP_2022.nc" [1]
2026-10-03 11:36:08 URL: ftp://ftp2.tpdc.ac.cn:6201/PML/V2.2a-VIIRS/monthly/GPP/PML-V2.2a-VIIRS_GPP_2023.nc [31312779] -> "/glade/derecho/scratch/bbuchovecky/pml-v2.2/V2.2a-VIIRS/monthly/GPP/PML-V2.2a-VIIRS_GPP_2023.nc" [1]
2026-10-03 11:36:12 URL: ftp://ftp2.tpdc.ac.cn:6201/PML/V2.2a-VIIRS/yearly/ET/PML-V2.2a-VIIRS_ET_2016.nc [4858526] -> "/glade/derecho/scratch/bbuchovecky/pml-v2.2/V2.2a-VIIRS/yearly/ET/PML-V2.2a-VIIRS_ET_2016.nc" [1]
2026-10-03 11:36:29 URL: ftp://ftp3.tpdc.ac.cn:6201/PML/V2.2a-VIIRS/yearly/ET/PML-V2.2a-VIIRS_ET_2017.nc [4851018] -> "/glade/derecho/scratch/bbuchovecky/pml-v2.2/V2.2a-VIIRS/yearly/ET/PML-V2.2a-VIIRS_ET_2017.nc" [1]
2026-10-03 11:38:49 URL: ftp://ftp3.tpdc.ac.cn:6201/PML/V2.2a-VIIRS/yearly/ET/PML-V2.2a-VIIRS_ET_2019.nc [4869380] -> "/glade/derecho/scratch/bbuchovecky/pml-v2.2/V2.2a-VIIRS/yearly/ET/PML-V2.2a-VIIRS_ET_2019.nc" [1]
2026-10-03 11:38:51 URL: ftp://ftp2.tpdc.ac.cn:6201/PML/V2.2a-VIIRS/yearly/ET/PML-V2.2a-VIIRS_ET_2020.nc [4847759] -> "/glade/derecho/scratch/bbuchovecky/pml-v2.2/V2.2a-VIIRS/yearly/ET/PML-V2.2a-VIIRS_ET_2020.nc" [1]
2026-10-03 11:38:53 URL: ftp://ftp2.tpdc.ac.cn:6201/PML/V2.2a-VIIRS/yearly/ET/PML-V2.2a-VIIRS_ET_2018.nc [4880708] -> "/glade/derecho/scratch/bbuchovecky/pml-v2.2/V2.2a-VIIRS/yearly/ET/PML-V2.2a-VIIRS_ET_2018.nc" [1]
2026-10-03 11:40:18 URL: ftp://ftp3.tpdc.ac.cn:6201/PML/V2.2a-VIIRS/monthly/GPP/PML-V2.2a-VIIRS_GPP_2024.nc [31401169] -> "/glade/derecho/scratch/bbuchovecky/pml-v2.2/V2.2a-VIIRS/monthly/GPP/PML-V2.2a-VIIRS_GPP_2024.nc" [1]
2026-10-03 11:41:02 URL: ftp://ftp3.tpdc.ac.cn:6201/PML/V2.2a-VIIRS/yearly/ET/PML-V2.2a-VIIRS_ET_2023.nc [4866082] -> "/glade/derecho/scratch/bbuchovecky/pml-v2.2/V2.2a-VIIRS/yearly/ET/PML-V2.2a-VIIRS_ET_2023.nc" [1]
2026-10-03 11:41:03 URL: ftp://ftp3.tpdc.ac.cn:6201/PML/V2.2a-VIIRS/yearly/ET/PML-V2.2a-VIIRS_ET_2021.nc [4845992] -> "/glade/derecho/scratch/bbuchovecky/pml-v2.2/V2.2a-VIIRS/yearly/ET/PML-V2.2a-VIIRS_ET_2021.nc" [1]
Error in server response. Closing.
Error in server response. Closing.
Error in server response. Closing.
Error in server response. Closing.
Error in server response. Closing.
WARNING: V2.2a-VIIRS/yearly/Ec/PML-V2.2a-VIIRS_Ec_2013.nc failed on ftp2.tpdc.ac.cn
2026-10-03 11:41:17 URL: ftp://ftp2.tpdc.ac.cn:6201/PML/V2.2a-VIIRS/yearly/ET/PML-V2.2a-VIIRS_ET_2022.nc [4856621] -> "/glade/derecho/scratch/bbuchovecky/pml-v2.2/V2.2a-VIIRS/yearly/ET/PML-V2.2a-VIIRS_ET_2022.nc" [1]
2026-10-03 11:42:41 URL: ftp://ftp2.tpdc.ac.cn:6201/PML/V2.2a-VIIRS/yearly/ET/PML-V2.2a-VIIRS_ET_2024.nc [4888908] -> "/glade/derecho/scratch/bbuchovecky/pml-v2.2/V2.2a-VIIRS/yearly/ET/PML-V2.2a-VIIRS_ET_2024.nc" [1]
2026-10-03 11:42:58 URL: ftp://ftp2.tpdc.ac.cn:6201/PML/V2.2a-VIIRS/monthly/GPP/PML-V2.2a-VIIRS_GPP_2025.nc [31428536] -> "/glade/derecho/scratch/bbuchovecky/pml-v2.2/V2.2a-VIIRS/monthly/GPP/PML-V2.2a-VIIRS_GPP_2025.nc" [1]
2026-10-03 11:43:06 URL: ftp://ftp3.tpdc.ac.cn:6201/PML/V2.2a-VIIRS/yearly/Ec/PML-V2.2a-VIIRS_Ec_2014.nc [4238199] -> "/glade/derecho/scratch/bbuchovecky/pml-v2.2/V2.2a-VIIRS/yearly/Ec/PML-V2.2a-VIIRS_Ec_2014.nc" [1]
2026-10-03 11:43:08 URL: ftp://ftp3.tpdc.ac.cn:6201/PML/V2.2a-VIIRS/yearly/ET/PML-V2.2a-VIIRS_ET_2025.nc [4871264] -> "/glade/derecho/scratch/bbuchovecky/pml-v2.2/V2.2a-VIIRS/yearly/ET/PML-V2.2a-VIIRS_ET_2025.nc" [1]
2026-10-03 11:44:23 URL: ftp://ftp3.tpdc.ac.cn:6201/PML/V2.2a-VIIRS/yearly/Ec/PML-V2.2a-VIIRS_Ec_2013.nc [4256169] -> "/glade/derecho/scratch/bbuchovecky/pml-v2.2/V2.2a-VIIRS/yearly/Ec/PML-V2.2a-VIIRS_Ec_2013.nc" [1]
2026-10-03 11:44:29 URL: ftp://ftp2.tpdc.ac.cn:6201/PML/V2.2a-VIIRS/yearly/Ec/PML-V2.2a-VIIRS_Ec_2015.nc [4240524] -> "/glade/derecho/scratch/bbuchovecky/pml-v2.2/V2.2a-VIIRS/yearly/Ec/PML-V2.2a-VIIRS_Ec_2015.nc" [1]
2026-10-03 11:44:44 URL: ftp://ftp3.tpdc.ac.cn:6201/PML/V2.2a-VIIRS/yearly/Ec/PML-V2.2a-VIIRS_Ec_2018.nc [4239665] -> "/glade/derecho/scratch/bbuchovecky/pml-v2.2/V2.2a-VIIRS/yearly/Ec/PML-V2.2a-VIIRS_Ec_2018.nc" [1]
2026-10-03 11:44:46 URL: ftp://ftp2.tpdc.ac.cn:6201/PML/V2.2a-VIIRS/yearly/Ec/PML-V2.2a-VIIRS_Ec_2017.nc [4239141] -> "/glade/derecho/scratch/bbuchovecky/pml-v2.2/V2.2a-VIIRS/yearly/Ec/PML-V2.2a-VIIRS_Ec_2017.nc" [1]
2026-10-03 11:45:03 URL: ftp://ftp3.tpdc.ac.cn:6201/PML/V2.2a-VIIRS/yearly/Ec/PML-V2.2a-VIIRS_Ec_2016.nc [4270058] -> "/glade/derecho/scratch/bbuchovecky/pml-v2.2/V2.2a-VIIRS/yearly/Ec/PML-V2.2a-VIIRS_Ec_2016.nc" [1]
2026-10-03 11:45:51 URL: ftp://ftp3.tpdc.ac.cn:6201/PML/V2.2a-VIIRS/yearly/Ec/PML-V2.2a-VIIRS_Ec_2020.nc [4256409] -> "/glade/derecho/scratch/bbuchovecky/pml-v2.2/V2.2a-VIIRS/yearly/Ec/PML-V2.2a-VIIRS_Ec_2020.nc" [1]
2026-10-03 11:45:51 URL: ftp://ftp2.tpdc.ac.cn:6201/PML/V2.2a-VIIRS/yearly/Ec/PML-V2.2a-VIIRS_Ec_2019.nc [4255370] -> "/glade/derecho/scratch/bbuchovecky/pml-v2.2/V2.2a-VIIRS/yearly/Ec/PML-V2.2a-VIIRS_Ec_2019.nc" [1]
2026-10-03 11:46:02 URL: ftp://ftp3.tpdc.ac.cn:6201/PML/V2.2a-VIIRS/yearly/Ec/PML-V2.2a-VIIRS_Ec_2022.nc [4260820] -> "/glade/derecho/scratch/bbuchovecky/pml-v2.2/V2.2a-VIIRS/yearly/Ec/PML-V2.2a-VIIRS_Ec_2022.nc" [1]
2026-10-03 11:46:25 URL: ftp://ftp2.tpdc.ac.cn:6201/PML/V2.2a-VIIRS/yearly/Ec/PML-V2.2a-VIIRS_Ec_2021.nc [4244729] -> "/glade/derecho/scratch/bbuchovecky/pml-v2.2/V2.2a-VIIRS/yearly/Ec/PML-V2.2a-VIIRS_Ec_2021.nc" [1]
2026-10-03 11:46:32 URL: ftp://ftp2.tpdc.ac.cn:6201/PML/V2.2a-VIIRS/yearly/Ec/PML-V2.2a-VIIRS_Ec_2023.nc [4257528] -> "/glade/derecho/scratch/bbuchovecky/pml-v2.2/V2.2a-VIIRS/yearly/Ec/PML-V2.2a-VIIRS_Ec_2023.nc" [1]
2026-10-03 11:46:57 URL: ftp://ftp3.tpdc.ac.cn:6201/PML/V2.2a-VIIRS/yearly/Ec/PML-V2.2a-VIIRS_Ec_2024.nc [4256959] -> "/glade/derecho/scratch/bbuchovecky/pml-v2.2/V2.2a-VIIRS/yearly/Ec/PML-V2.2a-VIIRS_Ec_2024.nc" [1]
2026-10-03 11:47:28 URL: ftp://ftp2.tpdc.ac.cn:6201/PML/V2.2a-VIIRS/yearly/Ec/PML-V2.2a-VIIRS_Ec_2025.nc [4243024] -> "/glade/derecho/scratch/bbuchovecky/pml-v2.2/V2.2a-VIIRS/yearly/Ec/PML-V2.2a-VIIRS_Ec_2025.nc" [1]
2026-10-03 11:47:44 URL: ftp://ftp3.tpdc.ac.cn:6201/PML/V2.2a-VIIRS/yearly/Es/PML-V2.2a-VIIRS_Es_2013.nc [4740472] -> "/glade/derecho/scratch/bbuchovecky/pml-v2.2/V2.2a-VIIRS/yearly/Es/PML-V2.2a-VIIRS_Es_2013.nc" [1]
2026-10-03 11:47:57 URL: ftp://ftp3.tpdc.ac.cn:6201/PML/V2.2a-VIIRS/yearly/Es/PML-V2.2a-VIIRS_Es_2015.nc [4745986] -> "/glade/derecho/scratch/bbuchovecky/pml-v2.2/V2.2a-VIIRS/yearly/Es/PML-V2.2a-VIIRS_Es_2015.nc" [1]
2026-10-03 11:48:39 URL: ftp://ftp2.tpdc.ac.cn:6201/PML/V2.2a-VIIRS/yearly/Es/PML-V2.2a-VIIRS_Es_2014.nc [4746357] -> "/glade/derecho/scratch/bbuchovecky/pml-v2.2/V2.2a-VIIRS/yearly/Es/PML-V2.2a-VIIRS_Es_2014.nc" [1]
2026-10-03 11:48:45 URL: ftp://ftp2.tpdc.ac.cn:6201/PML/V2.2a-VIIRS/yearly/Es/PML-V2.2a-VIIRS_Es_2016.nc [4747721] -> "/glade/derecho/scratch/bbuchovecky/pml-v2.2/V2.2a-VIIRS/yearly/Es/PML-V2.2a-VIIRS_Es_2016.nc" [1]
2026-10-03 11:49:02 URL: ftp://ftp3.tpdc.ac.cn:6201/PML/V2.2a-VIIRS/yearly/Es/PML-V2.2a-VIIRS_Es_2017.nc [4749014] -> "/glade/derecho/scratch/bbuchovecky/pml-v2.2/V2.2a-VIIRS/yearly/Es/PML-V2.2a-VIIRS_Es_2017.nc" [1]
2026-10-03 11:49:42 URL: ftp://ftp3.tpdc.ac.cn:6201/PML/V2.2a-VIIRS/yearly/Es/PML-V2.2a-VIIRS_Es_2021.nc [4743844] -> "/glade/derecho/scratch/bbuchovecky/pml-v2.2/V2.2a-VIIRS/yearly/Es/PML-V2.2a-VIIRS_Es_2021.nc" [1]
2026-10-03 11:50:04 URL: ftp://ftp3.tpdc.ac.cn:6201/PML/V2.2a-VIIRS/yearly/Es/PML-V2.2a-VIIRS_Es_2019.nc [4757413] -> "/glade/derecho/scratch/bbuchovecky/pml-v2.2/V2.2a-VIIRS/yearly/Es/PML-V2.2a-VIIRS_Es_2019.nc" [1]
Error in server response. Closing.
Error in server response. Closing.
Error in server response. Closing.
Error in server response. Closing.
Error in server response. Closing.
WARNING: V2.2a-VIIRS/yearly/Es/PML-V2.2a-VIIRS_Es_2024.nc failed on ftp2.tpdc.ac.cn
2026-10-03 11:50:33 URL: ftp://ftp2.tpdc.ac.cn:6201/PML/V2.2a-VIIRS/yearly/Es/PML-V2.2a-VIIRS_Es_2018.nc [4766804] -> "/glade/derecho/scratch/bbuchovecky/pml-v2.2/V2.2a-VIIRS/yearly/Es/PML-V2.2a-VIIRS_Es_2018.nc" [1]
2026-10-03 11:51:10 URL: ftp://ftp2.tpdc.ac.cn:6201/PML/V2.2a-VIIRS/yearly/Es/PML-V2.2a-VIIRS_Es_2020.nc [4744173] -> "/glade/derecho/scratch/bbuchovecky/pml-v2.2/V2.2a-VIIRS/yearly/Es/PML-V2.2a-VIIRS_Es_2020.nc" [1]
2026-10-03 11:51:35 URL: ftp://ftp2.tpdc.ac.cn:6201/PML/V2.2a-VIIRS/yearly/Es/PML-V2.2a-VIIRS_Es_2022.nc [4742868] -> "/glade/derecho/scratch/bbuchovecky/pml-v2.2/V2.2a-VIIRS/yearly/Es/PML-V2.2a-VIIRS_Es_2022.nc" [1]
2026-10-03 11:52:18 URL: ftp://ftp3.tpdc.ac.cn:6201/PML/V2.2a-VIIRS/yearly/Es/PML-V2.2a-VIIRS_Es_2023.nc [4759147] -> "/glade/derecho/scratch/bbuchovecky/pml-v2.2/V2.2a-VIIRS/yearly/Es/PML-V2.2a-VIIRS_Es_2023.nc" [1]
2026-10-03 11:52:20 URL: ftp://ftp3.tpdc.ac.cn:6201/PML/V2.2a-VIIRS/yearly/Es/PML-V2.2a-VIIRS_Es_2025.nc [4764820] -> "/glade/derecho/scratch/bbuchovecky/pml-v2.2/V2.2a-VIIRS/yearly/Es/PML-V2.2a-VIIRS_Es_2025.nc" [1]
2026-10-03 11:52:52 URL: ftp://ftp2.tpdc.ac.cn:6201/PML/V2.2a-VIIRS/yearly/Ei/PML-V2.2a-VIIRS_Ei_2013.nc [3575519] -> "/glade/derecho/scratch/bbuchovecky/pml-v2.2/V2.2a-VIIRS/yearly/Ei/PML-V2.2a-VIIRS_Ei_2013.nc" [1]
2026-10-03 11:52:58 URL: ftp://ftp3.tpdc.ac.cn:6201/PML/V2.2a-VIIRS/yearly/Es/PML-V2.2a-VIIRS_Es_2024.nc [4774797] -> "/glade/derecho/scratch/bbuchovecky/pml-v2.2/V2.2a-VIIRS/yearly/Es/PML-V2.2a-VIIRS_Es_2024.nc" [1]
2026-10-03 11:53:16 URL: ftp://ftp3.tpdc.ac.cn:6201/PML/V2.2a-VIIRS/yearly/Ei/PML-V2.2a-VIIRS_Ei_2014.nc [3580013] -> "/glade/derecho/scratch/bbuchovecky/pml-v2.2/V2.2a-VIIRS/yearly/Ei/PML-V2.2a-VIIRS_Ei_2014.nc" [1]
2026-10-03 11:53:45 URL: ftp://ftp3.tpdc.ac.cn:6201/PML/V2.2a-VIIRS/yearly/Ei/PML-V2.2a-VIIRS_Ei_2016.nc [3622061] -> "/glade/derecho/scratch/bbuchovecky/pml-v2.2/V2.2a-VIIRS/yearly/Ei/PML-V2.2a-VIIRS_Ei_2016.nc" [1]
2026-10-03 11:53:50 URL: ftp://ftp2.tpdc.ac.cn:6201/PML/V2.2a-VIIRS/yearly/Ei/PML-V2.2a-VIIRS_Ei_2015.nc [3589105] -> "/glade/derecho/scratch/bbuchovecky/pml-v2.2/V2.2a-VIIRS/yearly/Ei/PML-V2.2a-VIIRS_Ei_2015.nc" [1]
2026-10-03 11:54:16 URL: ftp://ftp2.tpdc.ac.cn:6201/PML/V2.2a-VIIRS/yearly/Ei/PML-V2.2a-VIIRS_Ei_2017.nc [3599452] -> "/glade/derecho/scratch/bbuchovecky/pml-v2.2/V2.2a-VIIRS/yearly/Ei/PML-V2.2a-VIIRS_Ei_2017.nc" [1]
2026-10-03 11:54:23 URL: ftp://ftp2.tpdc.ac.cn:6201/PML/V2.2a-VIIRS/yearly/Ei/PML-V2.2a-VIIRS_Ei_2019.nc [3567169] -> "/glade/derecho/scratch/bbuchovecky/pml-v2.2/V2.2a-VIIRS/yearly/Ei/PML-V2.2a-VIIRS_Ei_2019.nc" [1]
2026-10-03 11:54:39 URL: ftp://ftp3.tpdc.ac.cn:6201/PML/V2.2a-VIIRS/yearly/Ei/PML-V2.2a-VIIRS_Ei_2018.nc [3590750] -> "/glade/derecho/scratch/bbuchovecky/pml-v2.2/V2.2a-VIIRS/yearly/Ei/PML-V2.2a-VIIRS_Ei_2018.nc" [1]
2026-10-03 11:55:23 URL: ftp://ftp2.tpdc.ac.cn:6201/PML/V2.2a-VIIRS/yearly/Ei/PML-V2.2a-VIIRS_Ei_2021.nc [3584674] -> "/glade/derecho/scratch/bbuchovecky/pml-v2.2/V2.2a-VIIRS/yearly/Ei/PML-V2.2a-VIIRS_Ei_2021.nc" [1]
2026-10-03 11:55:23 URL: ftp://ftp3.tpdc.ac.cn:6201/PML/V2.2a-VIIRS/yearly/Ei/PML-V2.2a-VIIRS_Ei_2020.nc [3587129] -> "/glade/derecho/scratch/bbuchovecky/pml-v2.2/V2.2a-VIIRS/yearly/Ei/PML-V2.2a-VIIRS_Ei_2020.nc" [1]
2026-10-03 11:56:13 URL: ftp://ftp3.tpdc.ac.cn:6201/PML/V2.2a-VIIRS/yearly/Ei/PML-V2.2a-VIIRS_Ei_2022.nc [3596863] -> "/glade/derecho/scratch/bbuchovecky/pml-v2.2/V2.2a-VIIRS/yearly/Ei/PML-V2.2a-VIIRS_Ei_2022.nc" [1]
2026-10-03 11:56:19 URL: ftp://ftp2.tpdc.ac.cn:6201/PML/V2.2a-VIIRS/yearly/Ei/PML-V2.2a-VIIRS_Ei_2023.nc [3588734] -> "/glade/derecho/scratch/bbuchovecky/pml-v2.2/V2.2a-VIIRS/yearly/Ei/PML-V2.2a-VIIRS_Ei_2023.nc" [1]
2026-10-03 11:56:24 URL: ftp://ftp3.tpdc.ac.cn:6201/PML/V2.2a-VIIRS/yearly/Ei/PML-V2.2a-VIIRS_Ei_2024.nc [3618485] -> "/glade/derecho/scratch/bbuchovecky/pml-v2.2/V2.2a-VIIRS/yearly/Ei/PML-V2.2a-VIIRS_Ei_2024.nc" [1]
2026-10-03 11:57:31 URL: ftp://ftp2.tpdc.ac.cn:6201/PML/V2.2a-VIIRS/yearly/Ei/PML-V2.2a-VIIRS_Ei_2025.nc [3598694] -> "/glade/derecho/scratch/bbuchovecky/pml-v2.2/V2.2a-VIIRS/yearly/Ei/PML-V2.2a-VIIRS_Ei_2025.nc" [1]
2026-10-03 11:58:16 URL: ftp://ftp3.tpdc.ac.cn:6201/PML/V2.2a-VIIRS/yearly/E/PML-V2.2a-VIIRS_E_2013.nc [5082823] -> "/glade/derecho/scratch/bbuchovecky/pml-v2.2/V2.2a-VIIRS/yearly/E/PML-V2.2a-VIIRS_E_2013.nc" [1]
2026-10-03 11:59:08 URL: ftp://ftp2.tpdc.ac.cn:6201/PML/V2.2a-VIIRS/yearly/E/PML-V2.2a-VIIRS_E_2014.nc [5093316] -> "/glade/derecho/scratch/bbuchovecky/pml-v2.2/V2.2a-VIIRS/yearly/E/PML-V2.2a-VIIRS_E_2014.nc" [1]
2026-10-03 11:59:22 URL: ftp://ftp3.tpdc.ac.cn:6201/PML/V2.2a-VIIRS/yearly/E/PML-V2.2a-VIIRS_E_2015.nc [5088066] -> "/glade/derecho/scratch/bbuchovecky/pml-v2.2/V2.2a-VIIRS/yearly/E/PML-V2.2a-VIIRS_E_2015.nc" [1]
2026-10-03 11:59:22 URL: ftp://ftp2.tpdc.ac.cn:6201/PML/V2.2a-VIIRS/yearly/E/PML-V2.2a-VIIRS_E_2016.nc [5098844] -> "/glade/derecho/scratch/bbuchovecky/pml-v2.2/V2.2a-VIIRS/yearly/E/PML-V2.2a-VIIRS_E_2016.nc" [1]
2026-10-03 12:00:16 URL: ftp://ftp3.tpdc.ac.cn:6201/PML/V2.2a-VIIRS/yearly/E/PML-V2.2a-VIIRS_E_2017.nc [5088216] -> "/glade/derecho/scratch/bbuchovecky/pml-v2.2/V2.2a-VIIRS/yearly/E/PML-V2.2a-VIIRS_E_2017.nc" [1]
2026-10-03 12:00:58 URL: ftp://ftp2.tpdc.ac.cn:6201/PML/V2.2a-VIIRS/yearly/E/PML-V2.2a-VIIRS_E_2018.nc [5122372] -> "/glade/derecho/scratch/bbuchovecky/pml-v2.2/V2.2a-VIIRS/yearly/E/PML-V2.2a-VIIRS_E_2018.nc" [1]
2026-10-03 12:01:30 URL: ftp://ftp3.tpdc.ac.cn:6201/PML/V2.2a-VIIRS/yearly/E/PML-V2.2a-VIIRS_E_2021.nc [5081827] -> "/glade/derecho/scratch/bbuchovecky/pml-v2.2/V2.2a-VIIRS/yearly/E/PML-V2.2a-VIIRS_E_2021.nc" [1]
2026-10-03 12:01:39 URL: ftp://ftp3.tpdc.ac.cn:6201/PML/V2.2a-VIIRS/yearly/E/PML-V2.2a-VIIRS_E_2019.nc [5107614] -> "/glade/derecho/scratch/bbuchovecky/pml-v2.2/V2.2a-VIIRS/yearly/E/PML-V2.2a-VIIRS_E_2019.nc" [1]
2026-10-03 12:01:56 URL: ftp://ftp2.tpdc.ac.cn:6201/PML/V2.2a-VIIRS/yearly/E/PML-V2.2a-VIIRS_E_2020.nc [5090240] -> "/glade/derecho/scratch/bbuchovecky/pml-v2.2/V2.2a-VIIRS/yearly/E/PML-V2.2a-VIIRS_E_2020.nc" [1]
2026-10-03 12:02:15 URL: ftp://ftp2.tpdc.ac.cn:6201/PML/V2.2a-VIIRS/monthly/E/PML-V2.2a-VIIRS_E_2021.nc [28944647] -> "/glade/derecho/scratch/bbuchovecky/pml-v2.2/V2.2a-VIIRS/monthly/E/PML-V2.2a-VIIRS_E_2021.nc" [1]
2026-10-03 12:02:42 URL: ftp://ftp2.tpdc.ac.cn:6201/PML/V2.2a-VIIRS/yearly/Ew/PML-V2.2a-VIIRS_Ew_2013.nc [1274263] -> "/glade/derecho/scratch/bbuchovecky/pml-v2.2/V2.2a-VIIRS/yearly/Ew/PML-V2.2a-VIIRS_Ew_2013.nc" [1]
2026-10-03 12:02:45 URL: ftp://ftp2.tpdc.ac.cn:6201/PML/V2.2a-VIIRS/yearly/E/PML-V2.2a-VIIRS_E_2022.nc [5094056] -> "/glade/derecho/scratch/bbuchovecky/pml-v2.2/V2.2a-VIIRS/yearly/E/PML-V2.2a-VIIRS_E_2022.nc" [1]
2026-10-03 12:02:56 URL: ftp://ftp3.tpdc.ac.cn:6201/PML/V2.2a-VIIRS/yearly/Ew/PML-V2.2a-VIIRS_Ew_2014.nc [1275437] -> "/glade/derecho/scratch/bbuchovecky/pml-v2.2/V2.2a-VIIRS/yearly/Ew/PML-V2.2a-VIIRS_Ew_2014.nc" [1]
2026-10-03 12:03:21 URL: ftp://ftp2.tpdc.ac.cn:6201/PML/V2.2a-VIIRS/yearly/Ew/PML-V2.2a-VIIRS_Ew_2015.nc [1273166] -> "/glade/derecho/scratch/bbuchovecky/pml-v2.2/V2.2a-VIIRS/yearly/Ew/PML-V2.2a-VIIRS_Ew_2015.nc" [1]
2026-10-03 12:03:23 URL: ftp://ftp3.tpdc.ac.cn:6201/PML/V2.2a-VIIRS/yearly/Ew/PML-V2.2a-VIIRS_Ew_2016.nc [1276607] -> "/glade/derecho/scratch/bbuchovecky/pml-v2.2/V2.2a-VIIRS/yearly/Ew/PML-V2.2a-VIIRS_Ew_2016.nc" [1]
2026-10-03 12:03:40 URL: ftp://ftp2.tpdc.ac.cn:6201/PML/V2.2a-VIIRS/yearly/Ew/PML-V2.2a-VIIRS_Ew_2017.nc [1286300] -> "/glade/derecho/scratch/bbuchovecky/pml-v2.2/V2.2a-VIIRS/yearly/Ew/PML-V2.2a-VIIRS_Ew_2017.nc" [1]
2026-10-03 12:03:45 URL: ftp://ftp3.tpdc.ac.cn:6201/PML/V2.2a-VIIRS/yearly/E/PML-V2.2a-VIIRS_E_2023.nc [5102513] -> "/glade/derecho/scratch/bbuchovecky/pml-v2.2/V2.2a-VIIRS/yearly/E/PML-V2.2a-VIIRS_E_2023.nc" [1]
2026-10-03 12:04:08 URL: ftp://ftp2.tpdc.ac.cn:6201/PML/V2.2a-VIIRS/yearly/Ew/PML-V2.2a-VIIRS_Ew_2019.nc [1293246] -> "/glade/derecho/scratch/bbuchovecky/pml-v2.2/V2.2a-VIIRS/yearly/Ew/PML-V2.2a-VIIRS_Ew_2019.nc" [1]
2026-10-03 12:04:09 URL: ftp://ftp3.tpdc.ac.cn:6201/PML/V2.2a-VIIRS/yearly/Ew/PML-V2.2a-VIIRS_Ew_2018.nc [1281664] -> "/glade/derecho/scratch/bbuchovecky/pml-v2.2/V2.2a-VIIRS/yearly/Ew/PML-V2.2a-VIIRS_Ew_2018.nc" [1]
2026-10-03 12:04:25 URL: ftp://ftp3.tpdc.ac.cn:6201/PML/V2.2a-VIIRS/yearly/E/PML-V2.2a-VIIRS_E_2025.nc [5110240] -> "/glade/derecho/scratch/bbuchovecky/pml-v2.2/V2.2a-VIIRS/yearly/E/PML-V2.2a-VIIRS_E_2025.nc" [1]
2026-10-03 12:04:26 URL: ftp://ftp3.tpdc.ac.cn:6201/PML/V2.2a-VIIRS/yearly/Ew/PML-V2.2a-VIIRS_Ew_2020.nc [1282909] -> "/glade/derecho/scratch/bbuchovecky/pml-v2.2/V2.2a-VIIRS/yearly/Ew/PML-V2.2a-VIIRS_Ew_2020.nc" [1]
2026-10-03 12:04:31 URL: ftp://ftp2.tpdc.ac.cn:6201/PML/V2.2a-VIIRS/yearly/Ew/PML-V2.2a-VIIRS_Ew_2021.nc [1281020] -> "/glade/derecho/scratch/bbuchovecky/pml-v2.2/V2.2a-VIIRS/yearly/Ew/PML-V2.2a-VIIRS_Ew_2021.nc" [1]
2026-10-03 12:04:39 URL: ftp://ftp2.tpdc.ac.cn:6201/PML/V2.2a-VIIRS/yearly/E/PML-V2.2a-VIIRS_E_2024.nc [5125967] -> "/glade/derecho/scratch/bbuchovecky/pml-v2.2/V2.2a-VIIRS/yearly/E/PML-V2.2a-VIIRS_E_2024.nc" [1]
2026-10-03 12:04:55 URL: ftp://ftp2.tpdc.ac.cn:6201/PML/V2.2a-VIIRS/yearly/Ew/PML-V2.2a-VIIRS_Ew_2023.nc [1278888] -> "/glade/derecho/scratch/bbuchovecky/pml-v2.2/V2.2a-VIIRS/yearly/Ew/PML-V2.2a-VIIRS_Ew_2023.nc" [1]
2026-10-03 12:04:55 URL: ftp://ftp3.tpdc.ac.cn:6201/PML/V2.2a-VIIRS/yearly/Ew/PML-V2.2a-VIIRS_Ew_2022.nc [1279555] -> "/glade/derecho/scratch/bbuchovecky/pml-v2.2/V2.2a-VIIRS/yearly/Ew/PML-V2.2a-VIIRS_Ew_2022.nc" [1]
2026-10-03 12:05:04 URL: ftp://ftp3.tpdc.ac.cn:6201/PML/V2.2a-VIIRS/yearly/Ew/PML-V2.2a-VIIRS_Ew_2024.nc [1276884] -> "/glade/derecho/scratch/bbuchovecky/pml-v2.2/V2.2a-VIIRS/yearly/Ew/PML-V2.2a-VIIRS_Ew_2024.nc" [1]
2026-10-03 12:05:17 URL: ftp://ftp2.tpdc.ac.cn:6201/PML/V2.2a-VIIRS/yearly/Ew/PML-V2.2a-VIIRS_Ew_2025.nc [1284182] -> "/glade/derecho/scratch/bbuchovecky/pml-v2.2/V2.2a-VIIRS/yearly/Ew/PML-V2.2a-VIIRS_Ew_2025.nc" [1]
2026-10-03 12:06:59 URL: ftp://ftp3.tpdc.ac.cn:6201/PML/V2.2a-VIIRS/yearly/PET/PML-V2.2a-VIIRS_PET_2015.nc [5186218] -> "/glade/derecho/scratch/bbuchovecky/pml-v2.2/V2.2a-VIIRS/yearly/PET/PML-V2.2a-VIIRS_PET_2015.nc" [1]
2026-10-03 12:07:24 URL: ftp://ftp3.tpdc.ac.cn:6201/PML/V2.2a-VIIRS/yearly/PET/PML-V2.2a-VIIRS_PET_2013.nc [5195276] -> "/glade/derecho/scratch/bbuchovecky/pml-v2.2/V2.2a-VIIRS/yearly/PET/PML-V2.2a-VIIRS_PET_2013.nc" [1]
2026-10-03 12:07:25 URL: ftp://ftp2.tpdc.ac.cn:6201/PML/V2.2a-VIIRS/yearly/PET/PML-V2.2a-VIIRS_PET_2016.nc [5191000] -> "/glade/derecho/scratch/bbuchovecky/pml-v2.2/V2.2a-VIIRS/yearly/PET/PML-V2.2a-VIIRS_PET_2016.nc" [1]
2026-10-03 12:07:28 URL: ftp://ftp2.tpdc.ac.cn:6201/PML/V2.2a-VIIRS/yearly/PET/PML-V2.2a-VIIRS_PET_2014.nc [5190981] -> "/glade/derecho/scratch/bbuchovecky/pml-v2.2/V2.2a-VIIRS/yearly/PET/PML-V2.2a-VIIRS_PET_2014.nc" [1]
2026-10-03 12:08:08 URL: ftp://ftp3.tpdc.ac.cn:6201/PML/V2.2a-VIIRS/yearly/PET/PML-V2.2a-VIIRS_PET_2017.nc [5184997] -> "/glade/derecho/scratch/bbuchovecky/pml-v2.2/V2.2a-VIIRS/yearly/PET/PML-V2.2a-VIIRS_PET_2017.nc" [1]
2026-10-03 12:08:33 URL: ftp://ftp2.tpdc.ac.cn:6201/PML/V2.2a-VIIRS/yearly/PET/PML-V2.2a-VIIRS_PET_2018.nc [5194552] -> "/glade/derecho/scratch/bbuchovecky/pml-v2.2/V2.2a-VIIRS/yearly/PET/PML-V2.2a-VIIRS_PET_2018.nc" [1]
2026-10-03 12:09:57 URL: ftp://ftp3.tpdc.ac.cn:6201/PML/V2.2a-VIIRS/yearly/PET/PML-V2.2a-VIIRS_PET_2019.nc [5188757] -> "/glade/derecho/scratch/bbuchovecky/pml-v2.2/V2.2a-VIIRS/yearly/PET/PML-V2.2a-VIIRS_PET_2019.nc" [1]
2026-10-03 12:10:29 URL: ftp://ftp3.tpdc.ac.cn:6201/PML/V2.2a-VIIRS/yearly/PET/PML-V2.2a-VIIRS_PET_2021.nc [5200750] -> "/glade/derecho/scratch/bbuchovecky/pml-v2.2/V2.2a-VIIRS/yearly/PET/PML-V2.2a-VIIRS_PET_2021.nc" [1]
2026-10-03 12:10:34 URL: ftp://ftp2.tpdc.ac.cn:6201/PML/V2.2a-VIIRS/yearly/PET/PML-V2.2a-VIIRS_PET_2022.nc [5194633] -> "/glade/derecho/scratch/bbuchovecky/pml-v2.2/V2.2a-VIIRS/yearly/PET/PML-V2.2a-VIIRS_PET_2022.nc" [1]
2026-10-03 12:10:48 URL: ftp://ftp2.tpdc.ac.cn:6201/PML/V2.2a-VIIRS/yearly/PET/PML-V2.2a-VIIRS_PET_2020.nc [5198449] -> "/glade/derecho/scratch/bbuchovecky/pml-v2.2/V2.2a-VIIRS/yearly/PET/PML-V2.2a-VIIRS_PET_2020.nc" [1]
2026-10-03 12:11:10 URL: ftp://ftp3.tpdc.ac.cn:6201/PML/V2.2a-VIIRS/yearly/PET/PML-V2.2a-VIIRS_PET_2023.nc [5195291] -> "/glade/derecho/scratch/bbuchovecky/pml-v2.2/V2.2a-VIIRS/yearly/PET/PML-V2.2a-VIIRS_PET_2023.nc" [1]
2026-10-03 12:11:49 URL: ftp://ftp2.tpdc.ac.cn:6201/PML/V2.2a-VIIRS/yearly/PET/PML-V2.2a-VIIRS_PET_2024.nc [5196687] -> "/glade/derecho/scratch/bbuchovecky/pml-v2.2/V2.2a-VIIRS/yearly/PET/PML-V2.2a-VIIRS_PET_2024.nc" [1]
2026-10-03 12:13:14 URL: ftp://ftp3.tpdc.ac.cn:6201/PML/V2.2a-VIIRS/yearly/GPP/PML-V2.2a-VIIRS_GPP_2014.nc [4615329] -> "/glade/derecho/scratch/bbuchovecky/pml-v2.2/V2.2a-VIIRS/yearly/GPP/PML-V2.2a-VIIRS_GPP_2014.nc" [1]
2026-10-03 12:13:18 URL: ftp://ftp3.tpdc.ac.cn:6201/PML/V2.2a-VIIRS/yearly/PET/PML-V2.2a-VIIRS_PET_2025.nc [5198039] -> "/glade/derecho/scratch/bbuchovecky/pml-v2.2/V2.2a-VIIRS/yearly/PET/PML-V2.2a-VIIRS_PET_2025.nc" [1]
2026-10-03 12:13:21 URL: ftp://ftp2.tpdc.ac.cn:6201/PML/V2.2a-VIIRS/yearly/GPP/PML-V2.2a-VIIRS_GPP_2015.nc [4613892] -> "/glade/derecho/scratch/bbuchovecky/pml-v2.2/V2.2a-VIIRS/yearly/GPP/PML-V2.2a-VIIRS_GPP_2015.nc" [1]
2026-10-03 12:13:27 URL: ftp://ftp2.tpdc.ac.cn:6201/PML/V2.2a-VIIRS/yearly/GPP/PML-V2.2a-VIIRS_GPP_2013.nc [4617221] -> "/glade/derecho/scratch/bbuchovecky/pml-v2.2/V2.2a-VIIRS/yearly/GPP/PML-V2.2a-VIIRS_GPP_2013.nc" [1]
2026-10-03 12:13:56 URL: ftp://ftp3.tpdc.ac.cn:6201/PML/V2.2a-VIIRS/yearly/GPP/PML-V2.2a-VIIRS_GPP_2016.nc [4619591] -> "/glade/derecho/scratch/bbuchovecky/pml-v2.2/V2.2a-VIIRS/yearly/GPP/PML-V2.2a-VIIRS_GPP_2016.nc" [1]
2026-10-03 12:14:32 URL: ftp://ftp2.tpdc.ac.cn:6201/PML/V2.2a-VIIRS/yearly/GPP/PML-V2.2a-VIIRS_GPP_2017.nc [4613798] -> "/glade/derecho/scratch/bbuchovecky/pml-v2.2/V2.2a-VIIRS/yearly/GPP/PML-V2.2a-VIIRS_GPP_2017.nc" [1]
2026-10-03 12:15:37 URL: ftp://ftp3.tpdc.ac.cn:6201/PML/V2.2a-VIIRS/yearly/GPP/PML-V2.2a-VIIRS_GPP_2018.nc [4615673] -> "/glade/derecho/scratch/bbuchovecky/pml-v2.2/V2.2a-VIIRS/yearly/GPP/PML-V2.2a-VIIRS_GPP_2018.nc" [1]
2026-10-03 12:15:48 URL: ftp://ftp2.tpdc.ac.cn:6201/PML/V2.2a-VIIRS/yearly/GPP/PML-V2.2a-VIIRS_GPP_2019.nc [4618550] -> "/glade/derecho/scratch/bbuchovecky/pml-v2.2/V2.2a-VIIRS/yearly/GPP/PML-V2.2a-VIIRS_GPP_2019.nc" [1]
2026-10-03 12:16:08 URL: ftp://ftp3.tpdc.ac.cn:6201/PML/V2.2a-VIIRS/yearly/GPP/PML-V2.2a-VIIRS_GPP_2020.nc [4618469] -> "/glade/derecho/scratch/bbuchovecky/pml-v2.2/V2.2a-VIIRS/yearly/GPP/PML-V2.2a-VIIRS_GPP_2020.nc" [1]
2026-10-03 12:16:10 URL: ftp://ftp2.tpdc.ac.cn:6201/PML/V2.2a-VIIRS/yearly/GPP/PML-V2.2a-VIIRS_GPP_2021.nc [4618668] -> "/glade/derecho/scratch/bbuchovecky/pml-v2.2/V2.2a-VIIRS/yearly/GPP/PML-V2.2a-VIIRS_GPP_2021.nc" [1]
2026-10-03 12:16:55 URL: ftp://ftp3.tpdc.ac.cn:6201/PML/V2.2a-VIIRS/yearly/GPP/PML-V2.2a-VIIRS_GPP_2022.nc [4619482] -> "/glade/derecho/scratch/bbuchovecky/pml-v2.2/V2.2a-VIIRS/yearly/GPP/PML-V2.2a-VIIRS_GPP_2022.nc" [1]
2026-10-03 12:17:19 URL: ftp://ftp2.tpdc.ac.cn:6201/PML/V2.2a-VIIRS/yearly/GPP/PML-V2.2a-VIIRS_GPP_2023.nc [4617968] -> "/glade/derecho/scratch/bbuchovecky/pml-v2.2/V2.2a-VIIRS/yearly/GPP/PML-V2.2a-VIIRS_GPP_2023.nc" [1]
2026-10-03 12:17:59 URL: ftp://ftp3.tpdc.ac.cn:6201/PML/V2.2a-VIIRS/yearly/GPP/PML-V2.2a-VIIRS_GPP_2024.nc [4621586] -> "/glade/derecho/scratch/bbuchovecky/pml-v2.2/V2.2a-VIIRS/yearly/GPP/PML-V2.2a-VIIRS_GPP_2024.nc" [1]
2026-10-03 12:18:25 URL: ftp://ftp2.tpdc.ac.cn:6201/PML/V2.2a-VIIRS/yearly/GPP/PML-V2.2a-VIIRS_GPP_2025.nc [4619799] -> "/glade/derecho/scratch/bbuchovecky/pml-v2.2/V2.2a-VIIRS/yearly/GPP/PML-V2.2a-VIIRS_GPP_2025.nc" [1]
2026-10-03 12:21:09 URL: ftp://ftp2.tpdc.ac.cn:6201/PML/V2.2a-VIIRS/monthly/E/PML-V2.2a-VIIRS_E_2023.nc [29234619] -> "/glade/derecho/scratch/bbuchovecky/pml-v2.2/V2.2a-VIIRS/monthly/E/PML-V2.2a-VIIRS_E_2023.nc" [1]
2026-10-03 12:38:02 URL: ftp://ftp3.tpdc.ac.cn:6201/PML/V2.2b/half-month/ET/PML-V2.2b_ET_1984.nc [44438090] -> "/glade/derecho/scratch/bbuchovecky/pml-v2.2/V2.2b/half-month/ET/PML-V2.2b_ET_1984.nc" [1]
2026-10-03 12:38:22 URL: ftp://ftp3.tpdc.ac.cn:6201/PML/V2.2b/half-month/ET/PML-V2.2b_ET_1986.nc [44897226] -> "/glade/derecho/scratch/bbuchovecky/pml-v2.2/V2.2b/half-month/ET/PML-V2.2b_ET_1986.nc" [1]
2026-10-03 12:38:36 URL: ftp://ftp2.tpdc.ac.cn:6201/PML/V2.2b/half-month/ET/PML-V2.2b_ET_1983.nc [44994165] -> "/glade/derecho/scratch/bbuchovecky/pml-v2.2/V2.2b/half-month/ET/PML-V2.2b_ET_1983.nc" [1]
2026-10-03 12:39:01 URL: ftp://ftp3.tpdc.ac.cn:6201/PML/V2.2b/half-month/ET/PML-V2.2b_ET_1982.nc [45153604] -> "/glade/derecho/scratch/bbuchovecky/pml-v2.2/V2.2b/half-month/ET/PML-V2.2b_ET_1982.nc" [1]
2026-10-03 12:39:32 URL: ftp://ftp2.tpdc.ac.cn:6201/PML/V2.2b/half-month/ET/PML-V2.2b_ET_1985.nc [44813706] -> "/glade/derecho/scratch/bbuchovecky/pml-v2.2/V2.2b/half-month/ET/PML-V2.2b_ET_1985.nc" [1]
2026-10-03 12:39:58 URL: ftp://ftp3.tpdc.ac.cn:6201/PML/V2.2b/half-month/ET/PML-V2.2b_ET_1988.nc [45074008] -> "/glade/derecho/scratch/bbuchovecky/pml-v2.2/V2.2b/half-month/ET/PML-V2.2b_ET_1988.nc" [1]
2026-10-03 12:40:06 URL: ftp://ftp2.tpdc.ac.cn:6201/PML/V2.2b/half-month/ET/PML-V2.2b_ET_1987.nc [44921981] -> "/glade/derecho/scratch/bbuchovecky/pml-v2.2/V2.2b/half-month/ET/PML-V2.2b_ET_1987.nc" [1]
2026-10-03 12:41:07 (2.69 KB/s) - Data connection: Connection timed out; Error in server response, closing control connection.
2026-10-03 12:41:14 URL: ftp://ftp3.tpdc.ac.cn:6201/PML/V2.2a-VIIRS/monthly/E/PML-V2.2a-VIIRS_E_2022.nc [29028649] -> "/glade/derecho/scratch/bbuchovecky/pml-v2.2/V2.2a-VIIRS/monthly/E/PML-V2.2a-VIIRS_E_2022.nc" [3]
2026-10-03 12:47:40 URL: ftp://ftp3.tpdc.ac.cn:6201/PML/V2.2b/half-month/ET/PML-V2.2b_ET_1992.nc [45046244] -> "/glade/derecho/scratch/bbuchovecky/pml-v2.2/V2.2b/half-month/ET/PML-V2.2b_ET_1992.nc" [1]
2026-10-03 12:48:20 URL: ftp://ftp3.tpdc.ac.cn:6201/PML/V2.2b/half-month/ET/PML-V2.2b_ET_1990.nc [44946832] -> "/glade/derecho/scratch/bbuchovecky/pml-v2.2/V2.2b/half-month/ET/PML-V2.2b_ET_1990.nc" [1]
2026-10-03 12:49:23 URL: ftp://ftp3.tpdc.ac.cn:6201/PML/V2.2b/half-month/ET/PML-V2.2b_ET_1994.nc [45230487] -> "/glade/derecho/scratch/bbuchovecky/pml-v2.2/V2.2b/half-month/ET/PML-V2.2b_ET_1994.nc" [1]
Error in server response. Closing.
Error in server response. Closing.
Error in server response. Closing.
Error in server response. Closing.
2026-10-03 12:49:34 URL: ftp://ftp2.tpdc.ac.cn:6201/PML/V2.2b/half-month/ET/PML-V2.2b_ET_1991.nc [45172524] -> "/glade/derecho/scratch/bbuchovecky/pml-v2.2/V2.2b/half-month/ET/PML-V2.2b_ET_1991.nc" [1]
2026-10-03 12:49:52 URL: ftp://ftp2.tpdc.ac.cn:6201/PML/V2.2b/half-month/ET/PML-V2.2b_ET_1989.nc [45187267] -> "/glade/derecho/scratch/bbuchovecky/pml-v2.2/V2.2b/half-month/ET/PML-V2.2b_ET_1989.nc" [1]
2026-10-03 12:50:10 URL: ftp://ftp3.tpdc.ac.cn:6201/PML/V2.2b/half-month/ET/PML-V2.2b_ET_1996.nc [44712044] -> "/glade/derecho/scratch/bbuchovecky/pml-v2.2/V2.2b/half-month/ET/PML-V2.2b_ET_1996.nc" [1]
2026-10-03 12:50:34 URL: ftp://ftp2.tpdc.ac.cn:6201/PML/V2.2b/half-month/ET/PML-V2.2b_ET_1993.nc [45041215] -> "/glade/derecho/scratch/bbuchovecky/pml-v2.2/V2.2b/half-month/ET/PML-V2.2b_ET_1993.nc" [1]
2026-10-03 12:51:05 URL: ftp://ftp2.tpdc.ac.cn:6201/PML/V2.2b/half-month/ET/PML-V2.2b_ET_1995.nc [45200851] -> "/glade/derecho/scratch/bbuchovecky/pml-v2.2/V2.2b/half-month/ET/PML-V2.2b_ET_1995.nc" [1]
2026-10-03 12:58:01 URL: ftp://ftp3.tpdc.ac.cn:6201/PML/V2.2b/half-month/ET/PML-V2.2b_ET_1998.nc [45149485] -> "/glade/derecho/scratch/bbuchovecky/pml-v2.2/V2.2b/half-month/ET/PML-V2.2b_ET_1998.nc" [1]
2026-10-03 12:58:30 URL: ftp://ftp2.tpdc.ac.cn:6201/PML/V2.2b/half-month/ET/PML-V2.2b_ET_1997.nc [45272834] -> "/glade/derecho/scratch/bbuchovecky/pml-v2.2/V2.2b/half-month/ET/PML-V2.2b_ET_1997.nc" [1]
2026-10-03 12:58:51 URL: ftp://ftp2.tpdc.ac.cn:6201/PML/V2.2b/half-month/ET/PML-V2.2b_ET_1999.nc [44833779] -> "/glade/derecho/scratch/bbuchovecky/pml-v2.2/V2.2b/half-month/ET/PML-V2.2b_ET_1999.nc" [5]
2026-10-03 12:58:51 URL: ftp://ftp3.tpdc.ac.cn:6201/PML/V2.2b/half-month/ET/PML-V2.2b_ET_2000.nc [44149992] -> "/glade/derecho/scratch/bbuchovecky/pml-v2.2/V2.2b/half-month/ET/PML-V2.2b_ET_2000.nc" [1]
2026-10-03 12:58:58 URL: ftp://ftp3.tpdc.ac.cn:6201/PML/V2.2b/half-month/ET/PML-V2.2b_ET_2002.nc [44354074] -> "/glade/derecho/scratch/bbuchovecky/pml-v2.2/V2.2b/half-month/ET/PML-V2.2b_ET_2002.nc" [1]
2026-10-03 12:58:59 URL: ftp://ftp3.tpdc.ac.cn:6201/PML/V2.2b/half-month/ET/PML-V2.2b_ET_2004.nc [44534894] -> "/glade/derecho/scratch/bbuchovecky/pml-v2.2/V2.2b/half-month/ET/PML-V2.2b_ET_2004.nc" [1]
2026-10-03 13:00:14 URL: ftp://ftp2.tpdc.ac.cn:6201/PML/V2.2b/half-month/ET/PML-V2.2b_ET_2001.nc [44120590] -> "/glade/derecho/scratch/bbuchovecky/pml-v2.2/V2.2b/half-month/ET/PML-V2.2b_ET_2001.nc" [1]
2026-10-03 13:00:48 URL: ftp://ftp2.tpdc.ac.cn:6201/PML/V2.2b/half-month/ET/PML-V2.2b_ET_2003.nc [44448817] -> "/glade/derecho/scratch/bbuchovecky/pml-v2.2/V2.2b/half-month/ET/PML-V2.2b_ET_2003.nc" [1]
2026-10-03 13:05:55 URL: ftp://ftp3.tpdc.ac.cn:6201/PML/V2.2b/half-month/ET/PML-V2.2b_ET_2010.nc [44618555] -> "/glade/derecho/scratch/bbuchovecky/pml-v2.2/V2.2b/half-month/ET/PML-V2.2b_ET_2010.nc" [1]
2026-10-03 13:06:21 URL: ftp://ftp3.tpdc.ac.cn:6201/PML/V2.2b/half-month/ET/PML-V2.2b_ET_2006.nc [44954569] -> "/glade/derecho/scratch/bbuchovecky/pml-v2.2/V2.2b/half-month/ET/PML-V2.2b_ET_2006.nc" [1]
2026-10-03 13:06:51 URL: ftp://ftp2.tpdc.ac.cn:6201/PML/V2.2b/half-month/ET/PML-V2.2b_ET_2009.nc [44817802] -> "/glade/derecho/scratch/bbuchovecky/pml-v2.2/V2.2b/half-month/ET/PML-V2.2b_ET_2009.nc" [1]
2026-10-03 13:07:36 URL: ftp://ftp3.tpdc.ac.cn:6201/PML/V2.2b/half-month/ET/PML-V2.2b_ET_2012.nc [44839276] -> "/glade/derecho/scratch/bbuchovecky/pml-v2.2/V2.2b/half-month/ET/PML-V2.2b_ET_2012.nc" [1]
2026-10-03 13:07:57 URL: ftp://ftp2.tpdc.ac.cn:6201/PML/V2.2b/half-month/ET/PML-V2.2b_ET_2005.nc [44782256] -> "/glade/derecho/scratch/bbuchovecky/pml-v2.2/V2.2b/half-month/ET/PML-V2.2b_ET_2005.nc" [1]
2026-10-03 13:08:25 URL: ftp://ftp3.tpdc.ac.cn:6201/PML/V2.2b/half-month/ET/PML-V2.2b_ET_2008.nc [44415129] -> "/glade/derecho/scratch/bbuchovecky/pml-v2.2/V2.2b/half-month/ET/PML-V2.2b_ET_2008.nc" [1]
2026-10-03 13:10:26 URL: ftp://ftp2.tpdc.ac.cn:6201/PML/V2.2b/half-month/ET/PML-V2.2b_ET_2007.nc [44556726] -> "/glade/derecho/scratch/bbuchovecky/pml-v2.2/V2.2b/half-month/ET/PML-V2.2b_ET_2007.nc" [1]
2026-10-03 13:13:42 URL: ftp://ftp2.tpdc.ac.cn:6201/PML/V2.2b/half-month/ET/PML-V2.2b_ET_2011.nc [44640657] -> "/glade/derecho/scratch/bbuchovecky/pml-v2.2/V2.2b/half-month/ET/PML-V2.2b_ET_2011.nc" [1]
2026-10-03 13:21:07 URL: ftp://ftp3.tpdc.ac.cn:6201/PML/V2.2b/half-month/ET/PML-V2.2b_ET_2014.nc [44913840] -> "/glade/derecho/scratch/bbuchovecky/pml-v2.2/V2.2b/half-month/ET/PML-V2.2b_ET_2014.nc" [1]
2026-10-03 13:25:31 URL: ftp://ftp2.tpdc.ac.cn:6201/PML/V2.2b/half-month/ET/PML-V2.2b_ET_2013.nc [44725977] -> "/glade/derecho/scratch/bbuchovecky/pml-v2.2/V2.2b/half-month/ET/PML-V2.2b_ET_2013.nc" [1]
2026-10-03 13:27:00 URL: ftp://ftp2.tpdc.ac.cn:6201/PML/V2.2b/half-month/ET/PML-V2.2b_ET_2015.nc [45225520] -> "/glade/derecho/scratch/bbuchovecky/pml-v2.2/V2.2b/half-month/ET/PML-V2.2b_ET_2015.nc" [1]
2026-10-03 13:29:13 URL: ftp://ftp3.tpdc.ac.cn:6201/PML/V2.2b/half-month/ET/PML-V2.2b_ET_2016.nc [45204703] -> "/glade/derecho/scratch/bbuchovecky/pml-v2.2/V2.2b/half-month/ET/PML-V2.2b_ET_2016.nc" [1]
2026-10-03 13:29:37 URL: ftp://ftp2.tpdc.ac.cn:6201/PML/V2.2b/half-month/ET/PML-V2.2b_ET_2017.nc [44995315] -> "/glade/derecho/scratch/bbuchovecky/pml-v2.2/V2.2b/half-month/ET/PML-V2.2b_ET_2017.nc" [1]
2026-10-03 13:32:22 URL: ftp://ftp3.tpdc.ac.cn:6201/PML/V2.2b/half-month/ET/PML-V2.2b_ET_2018.nc [45272106] -> "/glade/derecho/scratch/bbuchovecky/pml-v2.2/V2.2b/half-month/ET/PML-V2.2b_ET_2018.nc" [1]
2026-10-03 13:37:53 URL: ftp://ftp2.tpdc.ac.cn:6201/PML/V2.2b/half-month/ET/PML-V2.2b_ET_2019.nc [45162908] -> "/glade/derecho/scratch/bbuchovecky/pml-v2.2/V2.2b/half-month/ET/PML-V2.2b_ET_2019.nc" [1]
2026-10-03 13:39:02 URL: ftp://ftp3.tpdc.ac.cn:6201/PML/V2.2b/half-month/ET/PML-V2.2b_ET_2020.nc [45135469] -> "/glade/derecho/scratch/bbuchovecky/pml-v2.2/V2.2b/half-month/ET/PML-V2.2b_ET_2020.nc" [1]
2026-10-03 13:40:09 URL: ftp://ftp2.tpdc.ac.cn:6201/PML/V2.2b/half-month/Ec/PML-V2.2b_Ec_1982.nc [35308460] -> "/glade/derecho/scratch/bbuchovecky/pml-v2.2/V2.2b/half-month/Ec/PML-V2.2b_Ec_1982.nc" [1]
2026-10-03 13:45:15 URL: ftp://ftp3.tpdc.ac.cn:6201/PML/V2.2b/half-month/Ec/PML-V2.2b_Ec_1983.nc [35442638] -> "/glade/derecho/scratch/bbuchovecky/pml-v2.2/V2.2b/half-month/Ec/PML-V2.2b_Ec_1983.nc" [1]
2026-10-03 13:48:40 URL: ftp://ftp2.tpdc.ac.cn:6201/PML/V2.2b/half-month/Ec/PML-V2.2b_Ec_1984.nc [35678523] -> "/glade/derecho/scratch/bbuchovecky/pml-v2.2/V2.2b/half-month/Ec/PML-V2.2b_Ec_1984.nc" [1]
2026-10-03 13:49:47 URL: ftp://ftp3.tpdc.ac.cn:6201/PML/V2.2b/half-month/Ec/PML-V2.2b_Ec_1985.nc [35065818] -> "/glade/derecho/scratch/bbuchovecky/pml-v2.2/V2.2b/half-month/Ec/PML-V2.2b_Ec_1985.nc" [1]
2026-10-03 13:50:50 URL: ftp://ftp2.tpdc.ac.cn:6201/PML/V2.2b/half-month/Ec/PML-V2.2b_Ec_1986.nc [35245947] -> "/glade/derecho/scratch/bbuchovecky/pml-v2.2/V2.2b/half-month/Ec/PML-V2.2b_Ec_1986.nc" [1]
2026-10-03 13:52:53 URL: ftp://ftp3.tpdc.ac.cn:6201/PML/V2.2b/half-month/Ec/PML-V2.2b_Ec_1987.nc [35358522] -> "/glade/derecho/scratch/bbuchovecky/pml-v2.2/V2.2b/half-month/Ec/PML-V2.2b_Ec_1987.nc" [1]
2026-10-03 13:58:28 URL: ftp://ftp2.tpdc.ac.cn:6201/PML/V2.2b/half-month/Ec/PML-V2.2b_Ec_1988.nc [35460639] -> "/glade/derecho/scratch/bbuchovecky/pml-v2.2/V2.2b/half-month/Ec/PML-V2.2b_Ec_1988.nc" [1]
2026-10-03 13:58:35 URL: ftp://ftp3.tpdc.ac.cn:6201/PML/V2.2b/half-month/Ec/PML-V2.2b_Ec_1989.nc [35499911] -> "/glade/derecho/scratch/bbuchovecky/pml-v2.2/V2.2b/half-month/Ec/PML-V2.2b_Ec_1989.nc" [1]
2026-10-03 14:01:29 URL: ftp://ftp2.tpdc.ac.cn:6201/PML/V2.2b/half-month/Ec/PML-V2.2b_Ec_1990.nc [35634629] -> "/glade/derecho/scratch/bbuchovecky/pml-v2.2/V2.2b/half-month/Ec/PML-V2.2b_Ec_1990.nc" [1]
2026-10-03 14:06:49 URL: ftp://ftp3.tpdc.ac.cn:6201/PML/V2.2b/half-month/Ec/PML-V2.2b_Ec_1991.nc [35473531] -> "/glade/derecho/scratch/bbuchovecky/pml-v2.2/V2.2b/half-month/Ec/PML-V2.2b_Ec_1991.nc" [1]
2026-10-03 14:09:09 URL: ftp://ftp2.tpdc.ac.cn:6201/PML/V2.2b/half-month/Ec/PML-V2.2b_Ec_1992.nc [35050288] -> "/glade/derecho/scratch/bbuchovecky/pml-v2.2/V2.2b/half-month/Ec/PML-V2.2b_Ec_1992.nc" [1]
2026-10-03 14:09:47 URL: ftp://ftp3.tpdc.ac.cn:6201/PML/V2.2b/half-month/Ec/PML-V2.2b_Ec_1993.nc [35232044] -> "/glade/derecho/scratch/bbuchovecky/pml-v2.2/V2.2b/half-month/Ec/PML-V2.2b_Ec_1993.nc" [1]
2026-10-03 14:11:03 URL: ftp://ftp2.tpdc.ac.cn:6201/PML/V2.2b/half-month/Ec/PML-V2.2b_Ec_1994.nc [35433117] -> "/glade/derecho/scratch/bbuchovecky/pml-v2.2/V2.2b/half-month/Ec/PML-V2.2b_Ec_1994.nc" [1]
2026-10-03 14:14:02 URL: ftp://ftp3.tpdc.ac.cn:6201/PML/V2.2b/half-month/Ec/PML-V2.2b_Ec_1995.nc [35649924] -> "/glade/derecho/scratch/bbuchovecky/pml-v2.2/V2.2b/half-month/Ec/PML-V2.2b_Ec_1995.nc" [1]
2026-10-03 14:17:46 URL: ftp://ftp3.tpdc.ac.cn:6201/PML/V2.2b/half-month/Ec/PML-V2.2b_Ec_1997.nc [35468427] -> "/glade/derecho/scratch/bbuchovecky/pml-v2.2/V2.2b/half-month/Ec/PML-V2.2b_Ec_1997.nc" [1]
2026-10-03 14:18:29 URL: ftp://ftp2.tpdc.ac.cn:6201/PML/V2.2b/half-month/Ec/PML-V2.2b_Ec_1996.nc [35033393] -> "/glade/derecho/scratch/bbuchovecky/pml-v2.2/V2.2b/half-month/Ec/PML-V2.2b_Ec_1996.nc" [1]
2026-10-03 14:21:52 URL: ftp://ftp2.tpdc.ac.cn:6201/PML/V2.2b/half-month/Ec/PML-V2.2b_Ec_1998.nc [35378973] -> "/glade/derecho/scratch/bbuchovecky/pml-v2.2/V2.2b/half-month/Ec/PML-V2.2b_Ec_1998.nc" [1]
2026-10-03 14:26:58 URL: ftp://ftp3.tpdc.ac.cn:6201/PML/V2.2b/half-month/Ec/PML-V2.2b_Ec_1999.nc [35399085] -> "/glade/derecho/scratch/bbuchovecky/pml-v2.2/V2.2b/half-month/Ec/PML-V2.2b_Ec_1999.nc" [1]
2026-10-03 14:28:42 URL: ftp://ftp2.tpdc.ac.cn:6201/PML/V2.2b/half-month/Ec/PML-V2.2b_Ec_2000.nc [35122039] -> "/glade/derecho/scratch/bbuchovecky/pml-v2.2/V2.2b/half-month/Ec/PML-V2.2b_Ec_2000.nc" [1]
2026-10-03 14:29:01 URL: ftp://ftp3.tpdc.ac.cn:6201/PML/V2.2b/half-month/Ec/PML-V2.2b_Ec_2001.nc [35196146] -> "/glade/derecho/scratch/bbuchovecky/pml-v2.2/V2.2b/half-month/Ec/PML-V2.2b_Ec_2001.nc" [1]
2026-10-03 14:30:00 URL: ftp://ftp2.tpdc.ac.cn:6201/PML/V2.2b/half-month/Ec/PML-V2.2b_Ec_2002.nc [35189052] -> "/glade/derecho/scratch/bbuchovecky/pml-v2.2/V2.2b/half-month/Ec/PML-V2.2b_Ec_2002.nc" [1]
2026-10-03 14:33:03 URL: ftp://ftp3.tpdc.ac.cn:6201/PML/V2.2b/half-month/Ec/PML-V2.2b_Ec_2003.nc [35109731] -> "/glade/derecho/scratch/bbuchovecky/pml-v2.2/V2.2b/half-month/Ec/PML-V2.2b_Ec_2003.nc" [1]
2026-10-03 14:37:12 URL: ftp://ftp2.tpdc.ac.cn:6201/PML/V2.2b/half-month/Ec/PML-V2.2b_Ec_2004.nc [35573005] -> "/glade/derecho/scratch/bbuchovecky/pml-v2.2/V2.2b/half-month/Ec/PML-V2.2b_Ec_2004.nc" [1]
2026-10-03 14:38:16 URL: ftp://ftp3.tpdc.ac.cn:6201/PML/V2.2b/half-month/Ec/PML-V2.2b_Ec_2005.nc [35808175] -> "/glade/derecho/scratch/bbuchovecky/pml-v2.2/V2.2b/half-month/Ec/PML-V2.2b_Ec_2005.nc" [1]
2026-10-03 14:41:52 URL: ftp://ftp2.tpdc.ac.cn:6201/PML/V2.2b/half-month/Ec/PML-V2.2b_Ec_2006.nc [35837736] -> "/glade/derecho/scratch/bbuchovecky/pml-v2.2/V2.2b/half-month/Ec/PML-V2.2b_Ec_2006.nc" [1]
2026-10-03 14:46:28 URL: ftp://ftp3.tpdc.ac.cn:6201/PML/V2.2b/half-month/Ec/PML-V2.2b_Ec_2007.nc [35967856] -> "/glade/derecho/scratch/bbuchovecky/pml-v2.2/V2.2b/half-month/Ec/PML-V2.2b_Ec_2007.nc" [1]
2026-10-03 14:48:53 URL: ftp://ftp3.tpdc.ac.cn:6201/PML/V2.2b/half-month/Ec/PML-V2.2b_Ec_2009.nc [35514777] -> "/glade/derecho/scratch/bbuchovecky/pml-v2.2/V2.2b/half-month/Ec/PML-V2.2b_Ec_2009.nc" [1]
2026-10-03 14:49:29 URL: ftp://ftp2.tpdc.ac.cn:6201/PML/V2.2b/half-month/Ec/PML-V2.2b_Ec_2008.nc [35646377] -> "/glade/derecho/scratch/bbuchovecky/pml-v2.2/V2.2b/half-month/Ec/PML-V2.2b_Ec_2008.nc" [1]
2026-10-03 14:49:47 URL: ftp://ftp2.tpdc.ac.cn:6201/PML/V2.2b/half-month/Ec/PML-V2.2b_Ec_2010.nc [35759153] -> "/glade/derecho/scratch/bbuchovecky/pml-v2.2/V2.2b/half-month/Ec/PML-V2.2b_Ec_2010.nc" [1]
2026-10-03 14:53:04 URL: ftp://ftp3.tpdc.ac.cn:6201/PML/V2.2b/half-month/Ec/PML-V2.2b_Ec_2011.nc [36018864] -> "/glade/derecho/scratch/bbuchovecky/pml-v2.2/V2.2b/half-month/Ec/PML-V2.2b_Ec_2011.nc" [1]
2026-10-03 14:57:07 URL: ftp://ftp2.tpdc.ac.cn:6201/PML/V2.2b/half-month/Ec/PML-V2.2b_Ec_2012.nc [35987787] -> "/glade/derecho/scratch/bbuchovecky/pml-v2.2/V2.2b/half-month/Ec/PML-V2.2b_Ec_2012.nc" [1]
2026-10-03 14:58:42 URL: ftp://ftp3.tpdc.ac.cn:6201/PML/V2.2b/half-month/Ec/PML-V2.2b_Ec_2013.nc [35779159] -> "/glade/derecho/scratch/bbuchovecky/pml-v2.2/V2.2b/half-month/Ec/PML-V2.2b_Ec_2013.nc" [1]
2026-10-03 15:04:42 URL: ftp://ftp2.tpdc.ac.cn:6201/PML/V2.2b/half-month/Ec/PML-V2.2b_Ec_2014.nc [35955689] -> "/glade/derecho/scratch/bbuchovecky/pml-v2.2/V2.2b/half-month/Ec/PML-V2.2b_Ec_2014.nc" [1]
2026-10-03 15:06:36 URL: ftp://ftp3.tpdc.ac.cn:6201/PML/V2.2b/half-month/Ec/PML-V2.2b_Ec_2015.nc [36100057] -> "/glade/derecho/scratch/bbuchovecky/pml-v2.2/V2.2b/half-month/Ec/PML-V2.2b_Ec_2015.nc" [1]
2026-10-03 15:08:32 URL: ftp://ftp2.tpdc.ac.cn:6201/PML/V2.2b/half-month/Ec/PML-V2.2b_Ec_2018.nc [35867754] -> "/glade/derecho/scratch/bbuchovecky/pml-v2.2/V2.2b/half-month/Ec/PML-V2.2b_Ec_2018.nc" [1]
2026-10-03 15:08:40 URL: ftp://ftp3.tpdc.ac.cn:6201/PML/V2.2b/half-month/Ec/PML-V2.2b_Ec_2017.nc [36064871] -> "/glade/derecho/scratch/bbuchovecky/pml-v2.2/V2.2b/half-month/Ec/PML-V2.2b_Ec_2017.nc" [1]
2026-10-03 15:09:30 URL: ftp://ftp2.tpdc.ac.cn:6201/PML/V2.2b/half-month/Ec/PML-V2.2b_Ec_2016.nc [36332657] -> "/glade/derecho/scratch/bbuchovecky/pml-v2.2/V2.2b/half-month/Ec/PML-V2.2b_Ec_2016.nc" [1]
2026-10-03 15:12:38 URL: ftp://ftp3.tpdc.ac.cn:6201/PML/V2.2b/half-month/Ec/PML-V2.2b_Ec_2019.nc [35969529] -> "/glade/derecho/scratch/bbuchovecky/pml-v2.2/V2.2b/half-month/Ec/PML-V2.2b_Ec_2019.nc" [1]
2026-10-03 15:17:03 URL: ftp://ftp2.tpdc.ac.cn:6201/PML/V2.2b/half-month/Ec/PML-V2.2b_Ec_2020.nc [36457333] -> "/glade/derecho/scratch/bbuchovecky/pml-v2.2/V2.2b/half-month/Ec/PML-V2.2b_Ec_2020.nc" [1]
2026-10-03 15:17:50 URL: ftp://ftp3.tpdc.ac.cn:6201/PML/V2.2b/half-month/Es/PML-V2.2b_Es_1982.nc [37889947] -> "/glade/derecho/scratch/bbuchovecky/pml-v2.2/V2.2b/half-month/Es/PML-V2.2b_Es_1982.nc" [1]
2026-10-03 15:25:08 URL: ftp://ftp2.tpdc.ac.cn:6201/PML/V2.2b/half-month/Es/PML-V2.2b_Es_1983.nc [37478498] -> "/glade/derecho/scratch/bbuchovecky/pml-v2.2/V2.2b/half-month/Es/PML-V2.2b_Es_1983.nc" [1]
2026-10-03 15:25:31 URL: ftp://ftp3.tpdc.ac.cn:6201/PML/V2.2b/half-month/Es/PML-V2.2b_Es_1984.nc [37220844] -> "/glade/derecho/scratch/bbuchovecky/pml-v2.2/V2.2b/half-month/Es/PML-V2.2b_Es_1984.nc" [1]
2026-10-03 15:27:18 URL: ftp://ftp3.tpdc.ac.cn:6201/PML/V2.2b/half-month/Es/PML-V2.2b_Es_1986.nc [37412873] -> "/glade/derecho/scratch/bbuchovecky/pml-v2.2/V2.2b/half-month/Es/PML-V2.2b_Es_1986.nc" [1]
2026-10-03 15:28:42 URL: ftp://ftp2.tpdc.ac.cn:6201/PML/V2.2b/half-month/Es/PML-V2.2b_Es_1985.nc [37552809] -> "/glade/derecho/scratch/bbuchovecky/pml-v2.2/V2.2b/half-month/Es/PML-V2.2b_Es_1985.nc" [1]
2026-10-03 15:31:44 URL: ftp://ftp2.tpdc.ac.cn:6201/PML/V2.2b/half-month/Es/PML-V2.2b_Es_1987.nc [37428935] -> "/glade/derecho/scratch/bbuchovecky/pml-v2.2/V2.2b/half-month/Es/PML-V2.2b_Es_1987.nc" [1]
2026-10-03 15:32:53 URL: ftp://ftp3.tpdc.ac.cn:6201/PML/V2.2b/half-month/Es/PML-V2.2b_Es_1988.nc [37549984] -> "/glade/derecho/scratch/bbuchovecky/pml-v2.2/V2.2b/half-month/Es/PML-V2.2b_Es_1988.nc" [1]
2026-10-03 15:38:15 URL: ftp://ftp3.tpdc.ac.cn:6201/PML/V2.2b/half-month/Es/PML-V2.2b_Es_1990.nc [37517545] -> "/glade/derecho/scratch/bbuchovecky/pml-v2.2/V2.2b/half-month/Es/PML-V2.2b_Es_1990.nc" [1]
2026-10-03 15:38:43 URL: ftp://ftp2.tpdc.ac.cn:6201/PML/V2.2b/half-month/Es/PML-V2.2b_Es_1989.nc [37695816] -> "/glade/derecho/scratch/bbuchovecky/pml-v2.2/V2.2b/half-month/Es/PML-V2.2b_Es_1989.nc" [1]
2026-10-03 15:44:44 URL: ftp://ftp3.tpdc.ac.cn:6201/PML/V2.2b/half-month/Es/PML-V2.2b_Es_1992.nc [37681972] -> "/glade/derecho/scratch/bbuchovecky/pml-v2.2/V2.2b/half-month/Es/PML-V2.2b_Es_1992.nc" [1]
2026-10-03 15:45:52 URL: ftp://ftp2.tpdc.ac.cn:6201/PML/V2.2b/half-month/Es/PML-V2.2b_Es_1991.nc [37551425] -> "/glade/derecho/scratch/bbuchovecky/pml-v2.2/V2.2b/half-month/Es/PML-V2.2b_Es_1991.nc" [1]
2026-10-03 15:48:02 URL: ftp://ftp2.tpdc.ac.cn:6201/PML/V2.2b/half-month/Es/PML-V2.2b_Es_1993.nc [37867382] -> "/glade/derecho/scratch/bbuchovecky/pml-v2.2/V2.2b/half-month/Es/PML-V2.2b_Es_1993.nc" [1]
2026-10-03 15:49:09 URL: ftp://ftp3.tpdc.ac.cn:6201/PML/V2.2b/half-month/Es/PML-V2.2b_Es_1994.nc [37440585] -> "/glade/derecho/scratch/bbuchovecky/pml-v2.2/V2.2b/half-month/Es/PML-V2.2b_Es_1994.nc" [1]
2026-10-03 15:52:20 URL: ftp://ftp2.tpdc.ac.cn:6201/PML/V2.2b/half-month/Es/PML-V2.2b_Es_1995.nc [37522305] -> "/glade/derecho/scratch/bbuchovecky/pml-v2.2/V2.2b/half-month/Es/PML-V2.2b_Es_1995.nc" [1]
2026-10-03 15:52:44 URL: ftp://ftp3.tpdc.ac.cn:6201/PML/V2.2b/half-month/Es/PML-V2.2b_Es_1996.nc [37204142] -> "/glade/derecho/scratch/bbuchovecky/pml-v2.2/V2.2b/half-month/Es/PML-V2.2b_Es_1996.nc" [1]
2026-10-03 15:58:10 URL: ftp://ftp2.tpdc.ac.cn:6201/PML/V2.2b/half-month/Es/PML-V2.2b_Es_1997.nc [37868627] -> "/glade/derecho/scratch/bbuchovecky/pml-v2.2/V2.2b/half-month/Es/PML-V2.2b_Es_1997.nc" [1]
2026-10-03 15:58:37 URL: ftp://ftp3.tpdc.ac.cn:6201/PML/V2.2b/half-month/Es/PML-V2.2b_Es_1998.nc [37561814] -> "/glade/derecho/scratch/bbuchovecky/pml-v2.2/V2.2b/half-month/Es/PML-V2.2b_Es_1998.nc" [1]
2026-10-03 16:04:34 URL: ftp://ftp2.tpdc.ac.cn:6201/PML/V2.2b/half-month/Es/PML-V2.2b_Es_1999.nc [37120530] -> "/glade/derecho/scratch/bbuchovecky/pml-v2.2/V2.2b/half-month/Es/PML-V2.2b_Es_1999.nc" [1]
2026-10-03 16:05:25 URL: ftp://ftp3.tpdc.ac.cn:6201/PML/V2.2b/half-month/Es/PML-V2.2b_Es_2000.nc [36920632] -> "/glade/derecho/scratch/bbuchovecky/pml-v2.2/V2.2b/half-month/Es/PML-V2.2b_Es_2000.nc" [1]
2026-10-03 16:06:41 URL: ftp://ftp2.tpdc.ac.cn:6201/PML/V2.2b/half-month/Es/PML-V2.2b_Es_2001.nc [36975548] -> "/glade/derecho/scratch/bbuchovecky/pml-v2.2/V2.2b/half-month/Es/PML-V2.2b_Es_2001.nc" [1]
2026-10-03 16:07:05 URL: ftp://ftp3.tpdc.ac.cn:6201/PML/V2.2b/half-month/Es/PML-V2.2b_Es_2002.nc [37136624] -> "/glade/derecho/scratch/bbuchovecky/pml-v2.2/V2.2b/half-month/Es/PML-V2.2b_Es_2002.nc" [1]
2026-10-03 16:11:29 URL: ftp://ftp3.tpdc.ac.cn:6201/PML/V2.2b/half-month/Es/PML-V2.2b_Es_2004.nc [37623198] -> "/glade/derecho/scratch/bbuchovecky/pml-v2.2/V2.2b/half-month/Es/PML-V2.2b_Es_2004.nc" [1]
2026-10-03 16:12:38 URL: ftp://ftp2.tpdc.ac.cn:6201/PML/V2.2b/half-month/Es/PML-V2.2b_Es_2003.nc [37323899] -> "/glade/derecho/scratch/bbuchovecky/pml-v2.2/V2.2b/half-month/Es/PML-V2.2b_Es_2003.nc" [1]
2026-10-03 16:18:29 URL: ftp://ftp2.tpdc.ac.cn:6201/PML/V2.2b/half-month/Es/PML-V2.2b_Es_2005.nc [37757937] -> "/glade/derecho/scratch/bbuchovecky/pml-v2.2/V2.2b/half-month/Es/PML-V2.2b_Es_2005.nc" [1]
2026-10-03 16:18:30 URL: ftp://ftp3.tpdc.ac.cn:6201/PML/V2.2b/half-month/Es/PML-V2.2b_Es_2006.nc [37889957] -> "/glade/derecho/scratch/bbuchovecky/pml-v2.2/V2.2b/half-month/Es/PML-V2.2b_Es_2006.nc" [1]
2026-10-03 16:24:42 URL: ftp://ftp2.tpdc.ac.cn:6201/PML/V2.2b/half-month/Es/PML-V2.2b_Es_2007.nc [37308447] -> "/glade/derecho/scratch/bbuchovecky/pml-v2.2/V2.2b/half-month/Es/PML-V2.2b_Es_2007.nc" [1]
2026-10-03 16:24:56 URL: ftp://ftp3.tpdc.ac.cn:6201/PML/V2.2b/half-month/Es/PML-V2.2b_Es_2008.nc [37333688] -> "/glade/derecho/scratch/bbuchovecky/pml-v2.2/V2.2b/half-month/Es/PML-V2.2b_Es_2008.nc" [1]
2026-10-03 16:26:20 URL: ftp://ftp2.tpdc.ac.cn:6201/PML/V2.2b/half-month/Es/PML-V2.2b_Es_2009.nc [38025385] -> "/glade/derecho/scratch/bbuchovecky/pml-v2.2/V2.2b/half-month/Es/PML-V2.2b_Es_2009.nc" [1]
2026-10-03 16:27:08 URL: ftp://ftp3.tpdc.ac.cn:6201/PML/V2.2b/half-month/Es/PML-V2.2b_Es_2010.nc [37825151] -> "/glade/derecho/scratch/bbuchovecky/pml-v2.2/V2.2b/half-month/Es/PML-V2.2b_Es_2010.nc" [1]
2026-10-03 16:30:56 URL: ftp://ftp2.tpdc.ac.cn:6201/PML/V2.2b/half-month/Es/PML-V2.2b_Es_2011.nc [37403019] -> "/glade/derecho/scratch/bbuchovecky/pml-v2.2/V2.2b/half-month/Es/PML-V2.2b_Es_2011.nc" [1]
2026-10-03 16:32:06 URL: ftp://ftp3.tpdc.ac.cn:6201/PML/V2.2b/half-month/Es/PML-V2.2b_Es_2012.nc [37705975] -> "/glade/derecho/scratch/bbuchovecky/pml-v2.2/V2.2b/half-month/Es/PML-V2.2b_Es_2012.nc" [1]
2026-10-03 16:37:33 URL: ftp://ftp2.tpdc.ac.cn:6201/PML/V2.2b/half-month/Es/PML-V2.2b_Es_2013.nc [37675583] -> "/glade/derecho/scratch/bbuchovecky/pml-v2.2/V2.2b/half-month/Es/PML-V2.2b_Es_2013.nc" [1]
2026-10-03 16:37:56 URL: ftp://ftp3.tpdc.ac.cn:6201/PML/V2.2b/half-month/Es/PML-V2.2b_Es_2014.nc [37994269] -> "/glade/derecho/scratch/bbuchovecky/pml-v2.2/V2.2b/half-month/Es/PML-V2.2b_Es_2014.nc" [1]
2026-10-03 16:42:57 URL: ftp://ftp3.tpdc.ac.cn:6201/PML/V2.2b/half-month/Es/PML-V2.2b_Es_2016.nc [38241588] -> "/glade/derecho/scratch/bbuchovecky/pml-v2.2/V2.2b/half-month/Es/PML-V2.2b_Es_2016.nc" [1]
2026-10-03 16:43:27 URL: ftp://ftp2.tpdc.ac.cn:6201/PML/V2.2b/half-month/Es/PML-V2.2b_Es_2015.nc [38262926] -> "/glade/derecho/scratch/bbuchovecky/pml-v2.2/V2.2b/half-month/Es/PML-V2.2b_Es_2015.nc" [1]
2026-10-03 16:45:30 URL: ftp://ftp2.tpdc.ac.cn:6201/PML/V2.2b/half-month/Es/PML-V2.2b_Es_2017.nc [37665494] -> "/glade/derecho/scratch/bbuchovecky/pml-v2.2/V2.2b/half-month/Es/PML-V2.2b_Es_2017.nc" [1]
2026-10-03 16:45:52 URL: ftp://ftp3.tpdc.ac.cn:6201/PML/V2.2b/half-month/Es/PML-V2.2b_Es_2018.nc [38170240] -> "/glade/derecho/scratch/bbuchovecky/pml-v2.2/V2.2b/half-month/Es/PML-V2.2b_Es_2018.nc" [1]
2026-10-03 16:48:16 URL: ftp://ftp2.tpdc.ac.cn:6201/PML/V2.2b/half-month/Ei/PML-V2.2b_Ei_1982.nc [24057881] -> "/glade/derecho/scratch/bbuchovecky/pml-v2.2/V2.2b/half-month/Ei/PML-V2.2b_Ei_1982.nc" [1]
2026-10-03 16:49:29 URL: ftp://ftp2.tpdc.ac.cn:6201/PML/V2.2b/half-month/Es/PML-V2.2b_Es_2019.nc [37906127] -> "/glade/derecho/scratch/bbuchovecky/pml-v2.2/V2.2b/half-month/Es/PML-V2.2b_Es_2019.nc" [1]
2026-10-03 16:49:31 URL: ftp://ftp3.tpdc.ac.cn:6201/PML/V2.2b/half-month/Ei/PML-V2.2b_Ei_1983.nc [23957072] -> "/glade/derecho/scratch/bbuchovecky/pml-v2.2/V2.2b/half-month/Ei/PML-V2.2b_Ei_1983.nc" [1]
2026-10-03 16:50:04 URL: ftp://ftp3.tpdc.ac.cn:6201/PML/V2.2b/half-month/Es/PML-V2.2b_Es_2020.nc [37606062] -> "/glade/derecho/scratch/bbuchovecky/pml-v2.2/V2.2b/half-month/Es/PML-V2.2b_Es_2020.nc" [1]
2026-10-03 16:54:50 URL: ftp://ftp3.tpdc.ac.cn:6201/PML/V2.2b/half-month/Ei/PML-V2.2b_Ei_1985.nc [24292975] -> "/glade/derecho/scratch/bbuchovecky/pml-v2.2/V2.2b/half-month/Ei/PML-V2.2b_Ei_1985.nc" [1]
2026-10-03 16:55:18 URL: ftp://ftp2.tpdc.ac.cn:6201/PML/V2.2b/half-month/Ei/PML-V2.2b_Ei_1984.nc [23874704] -> "/glade/derecho/scratch/bbuchovecky/pml-v2.2/V2.2b/half-month/Ei/PML-V2.2b_Ei_1984.nc" [1]
2026-10-03 16:57:08 URL: ftp://ftp2.tpdc.ac.cn:6201/PML/V2.2b/half-month/Ei/PML-V2.2b_Ei_1986.nc [23793134] -> "/glade/derecho/scratch/bbuchovecky/pml-v2.2/V2.2b/half-month/Ei/PML-V2.2b_Ei_1986.nc" [1]
2026-10-03 16:57:55 URL: ftp://ftp3.tpdc.ac.cn:6201/PML/V2.2b/half-month/Ei/PML-V2.2b_Ei_1987.nc [23812630] -> "/glade/derecho/scratch/bbuchovecky/pml-v2.2/V2.2b/half-month/Ei/PML-V2.2b_Ei_1987.nc" [1]
2026-10-03 16:59:32 URL: ftp://ftp2.tpdc.ac.cn:6201/PML/V2.2b/half-month/Ei/PML-V2.2b_Ei_1988.nc [23811618] -> "/glade/derecho/scratch/bbuchovecky/pml-v2.2/V2.2b/half-month/Ei/PML-V2.2b_Ei_1988.nc" [1]
2026-10-03 17:01:00 URL: ftp://ftp3.tpdc.ac.cn:6201/PML/V2.2b/half-month/Ei/PML-V2.2b_Ei_1991.nc [23799314] -> "/glade/derecho/scratch/bbuchovecky/pml-v2.2/V2.2b/half-month/Ei/PML-V2.2b_Ei_1991.nc" [1]
2026-10-03 17:01:30 URL: ftp://ftp3.tpdc.ac.cn:6201/PML/V2.2b/half-month/Ei/PML-V2.2b_Ei_1989.nc [24042089] -> "/glade/derecho/scratch/bbuchovecky/pml-v2.2/V2.2b/half-month/Ei/PML-V2.2b_Ei_1989.nc" [1]
2026-10-03 17:01:35 URL: ftp://ftp2.tpdc.ac.cn:6201/PML/V2.2b/half-month/Ei/PML-V2.2b_Ei_1990.nc [24141321] -> "/glade/derecho/scratch/bbuchovecky/pml-v2.2/V2.2b/half-month/Ei/PML-V2.2b_Ei_1990.nc" [1]
2026-10-03 17:06:13 URL: ftp://ftp2.tpdc.ac.cn:6201/PML/V2.2b/half-month/Ei/PML-V2.2b_Ei_1992.nc [23962904] -> "/glade/derecho/scratch/bbuchovecky/pml-v2.2/V2.2b/half-month/Ei/PML-V2.2b_Ei_1992.nc" [1]
2026-10-03 17:07:09 URL: ftp://ftp3.tpdc.ac.cn:6201/PML/V2.2b/half-month/Ei/PML-V2.2b_Ei_1993.nc [23987086] -> "/glade/derecho/scratch/bbuchovecky/pml-v2.2/V2.2b/half-month/Ei/PML-V2.2b_Ei_1993.nc" [1]
2026-10-03 17:08:36 URL: ftp://ftp2.tpdc.ac.cn:6201/PML/V2.2b/half-month/Ei/PML-V2.2b_Ei_1994.nc [23954770] -> "/glade/derecho/scratch/bbuchovecky/pml-v2.2/V2.2b/half-month/Ei/PML-V2.2b_Ei_1994.nc" [1]
2026-10-03 17:09:01 URL: ftp://ftp3.tpdc.ac.cn:6201/PML/V2.2b/half-month/Ei/PML-V2.2b_Ei_1995.nc [23926195] -> "/glade/derecho/scratch/bbuchovecky/pml-v2.2/V2.2b/half-month/Ei/PML-V2.2b_Ei_1995.nc" [1]
2026-10-03 17:10:39 URL: ftp://ftp2.tpdc.ac.cn:6201/PML/V2.2b/half-month/Ei/PML-V2.2b_Ei_1996.nc [23800983] -> "/glade/derecho/scratch/bbuchovecky/pml-v2.2/V2.2b/half-month/Ei/PML-V2.2b_Ei_1996.nc" [1]
2026-10-03 17:11:47 URL: ftp://ftp3.tpdc.ac.cn:6201/PML/V2.2b/half-month/Ei/PML-V2.2b_Ei_1997.nc [24114883] -> "/glade/derecho/scratch/bbuchovecky/pml-v2.2/V2.2b/half-month/Ei/PML-V2.2b_Ei_1997.nc" [1]
2026-10-03 17:13:19 URL: ftp://ftp3.tpdc.ac.cn:6201/PML/V2.2b/half-month/Ei/PML-V2.2b_Ei_1999.nc [23995894] -> "/glade/derecho/scratch/bbuchovecky/pml-v2.2/V2.2b/half-month/Ei/PML-V2.2b_Ei_1999.nc" [1]
2026-10-03 17:13:47 URL: ftp://ftp2.tpdc.ac.cn:6201/PML/V2.2b/half-month/Ei/PML-V2.2b_Ei_1998.nc [24008646] -> "/glade/derecho/scratch/bbuchovecky/pml-v2.2/V2.2b/half-month/Ei/PML-V2.2b_Ei_1998.nc" [1]
2026-10-03 17:18:05 URL: ftp://ftp2.tpdc.ac.cn:6201/PML/V2.2b/half-month/Ei/PML-V2.2b_Ei_2000.nc [24086314] -> "/glade/derecho/scratch/bbuchovecky/pml-v2.2/V2.2b/half-month/Ei/PML-V2.2b_Ei_2000.nc" [1]
2026-10-03 17:18:44 URL: ftp://ftp3.tpdc.ac.cn:6201/PML/V2.2b/half-month/Ei/PML-V2.2b_Ei_2001.nc [24085553] -> "/glade/derecho/scratch/bbuchovecky/pml-v2.2/V2.2b/half-month/Ei/PML-V2.2b_Ei_2001.nc" [1]
2026-10-03 17:20:25 URL: ftp://ftp3.tpdc.ac.cn:6201/PML/V2.2b/half-month/Ei/PML-V2.2b_Ei_2003.nc [23843866] -> "/glade/derecho/scratch/bbuchovecky/pml-v2.2/V2.2b/half-month/Ei/PML-V2.2b_Ei_2003.nc" [1]
2026-10-03 17:20:26 URL: ftp://ftp2.tpdc.ac.cn:6201/PML/V2.2b/half-month/Ei/PML-V2.2b_Ei_2002.nc [23936058] -> "/glade/derecho/scratch/bbuchovecky/pml-v2.2/V2.2b/half-month/Ei/PML-V2.2b_Ei_2002.nc" [1]
2026-10-03 17:22:56 URL: ftp://ftp2.tpdc.ac.cn:6201/PML/V2.2b/half-month/Ei/PML-V2.2b_Ei_2004.nc [24697810] -> "/glade/derecho/scratch/bbuchovecky/pml-v2.2/V2.2b/half-month/Ei/PML-V2.2b_Ei_2004.nc" [1]
2026-10-03 17:23:09 URL: ftp://ftp3.tpdc.ac.cn:6201/PML/V2.2b/half-month/Ei/PML-V2.2b_Ei_2005.nc [24643244] -> "/glade/derecho/scratch/bbuchovecky/pml-v2.2/V2.2b/half-month/Ei/PML-V2.2b_Ei_2005.nc" [1]
2026-10-03 17:24:56 URL: ftp://ftp3.tpdc.ac.cn:6201/PML/V2.2b/half-month/Ei/PML-V2.2b_Ei_2007.nc [24744711] -> "/glade/derecho/scratch/bbuchovecky/pml-v2.2/V2.2b/half-month/Ei/PML-V2.2b_Ei_2007.nc" [1]
2026-10-03 17:25:21 URL: ftp://ftp2.tpdc.ac.cn:6201/PML/V2.2b/half-month/Ei/PML-V2.2b_Ei_2006.nc [24815713] -> "/glade/derecho/scratch/bbuchovecky/pml-v2.2/V2.2b/half-month/Ei/PML-V2.2b_Ei_2006.nc" [1]
2026-10-03 17:29:18 URL: ftp://ftp2.tpdc.ac.cn:6201/PML/V2.2b/half-month/Ei/PML-V2.2b_Ei_2008.nc [24617506] -> "/glade/derecho/scratch/bbuchovecky/pml-v2.2/V2.2b/half-month/Ei/PML-V2.2b_Ei_2008.nc" [1]
2026-10-03 17:30:57 URL: ftp://ftp3.tpdc.ac.cn:6201/PML/V2.2b/half-month/Ei/PML-V2.2b_Ei_2009.nc [24802696] -> "/glade/derecho/scratch/bbuchovecky/pml-v2.2/V2.2b/half-month/Ei/PML-V2.2b_Ei_2009.nc" [1]
2026-10-03 17:31:46 URL: ftp://ftp3.tpdc.ac.cn:6201/PML/V2.2b/half-month/Ei/PML-V2.2b_Ei_2011.nc [24992557] -> "/glade/derecho/scratch/bbuchovecky/pml-v2.2/V2.2b/half-month/Ei/PML-V2.2b_Ei_2011.nc" [1]
2026-10-03 17:32:21 URL: ftp://ftp2.tpdc.ac.cn:6201/PML/V2.2b/half-month/Ei/PML-V2.2b_Ei_2010.nc [25043031] -> "/glade/derecho/scratch/bbuchovecky/pml-v2.2/V2.2b/half-month/Ei/PML-V2.2b_Ei_2010.nc" [1]
2026-10-03 17:34:45 URL: ftp://ftp3.tpdc.ac.cn:6201/PML/V2.2b/half-month/Ei/PML-V2.2b_Ei_2013.nc [25230925] -> "/glade/derecho/scratch/bbuchovecky/pml-v2.2/V2.2b/half-month/Ei/PML-V2.2b_Ei_2013.nc" [1]
2026-10-03 17:35:30 URL: ftp://ftp2.tpdc.ac.cn:6201/PML/V2.2b/half-month/Ei/PML-V2.2b_Ei_2012.nc [25021336] -> "/glade/derecho/scratch/bbuchovecky/pml-v2.2/V2.2b/half-month/Ei/PML-V2.2b_Ei_2012.nc" [1]
2026-10-03 17:36:50 URL: ftp://ftp3.tpdc.ac.cn:6201/PML/V2.2b/half-month/Ei/PML-V2.2b_Ei_2015.nc [25567138] -> "/glade/derecho/scratch/bbuchovecky/pml-v2.2/V2.2b/half-month/Ei/PML-V2.2b_Ei_2015.nc" [1]
2026-10-03 17:37:20 URL: ftp://ftp2.tpdc.ac.cn:6201/PML/V2.2b/half-month/Ei/PML-V2.2b_Ei_2014.nc [25387188] -> "/glade/derecho/scratch/bbuchovecky/pml-v2.2/V2.2b/half-month/Ei/PML-V2.2b_Ei_2014.nc" [1]
2026-10-03 17:41:34 URL: ftp://ftp2.tpdc.ac.cn:6201/PML/V2.2b/half-month/Ei/PML-V2.2b_Ei_2016.nc [25614966] -> "/glade/derecho/scratch/bbuchovecky/pml-v2.2/V2.2b/half-month/Ei/PML-V2.2b_Ei_2016.nc" [1]
2026-10-03 17:43:07 URL: ftp://ftp3.tpdc.ac.cn:6201/PML/V2.2b/half-month/Ei/PML-V2.2b_Ei_2017.nc [25357826] -> "/glade/derecho/scratch/bbuchovecky/pml-v2.2/V2.2b/half-month/Ei/PML-V2.2b_Ei_2017.nc" [1]
2026-10-03 17:44:00 URL: ftp://ftp3.tpdc.ac.cn:6201/PML/V2.2b/half-month/Ei/PML-V2.2b_Ei_2019.nc [25211435] -> "/glade/derecho/scratch/bbuchovecky/pml-v2.2/V2.2b/half-month/Ei/PML-V2.2b_Ei_2019.nc" [1]
2026-10-03 17:44:26 URL: ftp://ftp2.tpdc.ac.cn:6201/PML/V2.2b/half-month/Ei/PML-V2.2b_Ei_2018.nc [25352854] -> "/glade/derecho/scratch/bbuchovecky/pml-v2.2/V2.2b/half-month/Ei/PML-V2.2b_Ei_2018.nc" [1]
2026-10-03 17:46:27 URL: ftp://ftp2.tpdc.ac.cn:6201/PML/V2.2b/half-month/Ei/PML-V2.2b_Ei_2020.nc [25365737] -> "/glade/derecho/scratch/bbuchovecky/pml-v2.2/V2.2b/half-month/Ei/PML-V2.2b_Ei_2020.nc" [1]
2026-10-03 17:57:23 URL: ftp://ftp3.tpdc.ac.cn:6201/PML/V2.2b/half-month/E/PML-V2.2b_E_1982.nc [47302023] -> "/glade/derecho/scratch/bbuchovecky/pml-v2.2/V2.2b/half-month/E/PML-V2.2b_E_1982.nc" [1]
2026-10-03 17:57:48 URL: ftp://ftp3.tpdc.ac.cn:6201/PML/V2.2b/half-month/E/PML-V2.2b_E_1984.nc [46749161] -> "/glade/derecho/scratch/bbuchovecky/pml-v2.2/V2.2b/half-month/E/PML-V2.2b_E_1984.nc" [1]
2026-10-03 17:58:54 URL: ftp://ftp2.tpdc.ac.cn:6201/PML/V2.2b/half-month/E/PML-V2.2b_E_1983.nc [47297663] -> "/glade/derecho/scratch/bbuchovecky/pml-v2.2/V2.2b/half-month/E/PML-V2.2b_E_1983.nc" [1]
2026-10-03 18:03:13 URL: ftp://ftp3.tpdc.ac.cn:6201/PML/V2.2b/half-month/E/PML-V2.2b_E_1986.nc [47135816] -> "/glade/derecho/scratch/bbuchovecky/pml-v2.2/V2.2b/half-month/E/PML-V2.2b_E_1986.nc" [1]
2026-10-03 18:04:37 URL: ftp://ftp2.tpdc.ac.cn:6201/PML/V2.2b/half-month/E/PML-V2.2b_E_1985.nc [47099751] -> "/glade/derecho/scratch/bbuchovecky/pml-v2.2/V2.2b/half-month/E/PML-V2.2b_E_1985.nc" [1]
2026-10-03 18:05:08 URL: ftp://ftp3.tpdc.ac.cn:6201/PML/V2.2b/half-month/E/PML-V2.2b_E_1988.nc [47549231] -> "/glade/derecho/scratch/bbuchovecky/pml-v2.2/V2.2b/half-month/E/PML-V2.2b_E_1988.nc" [1]
2026-10-03 18:06:18 URL: ftp://ftp2.tpdc.ac.cn:6201/PML/V2.2b/half-month/E/PML-V2.2b_E_1987.nc [47238038] -> "/glade/derecho/scratch/bbuchovecky/pml-v2.2/V2.2b/half-month/E/PML-V2.2b_E_1987.nc" [1]
2026-10-03 18:07:22 URL: ftp://ftp2.tpdc.ac.cn:6201/PML/V2.2b/half-month/E/PML-V2.2b_E_1989.nc [47360963] -> "/glade/derecho/scratch/bbuchovecky/pml-v2.2/V2.2b/half-month/E/PML-V2.2b_E_1989.nc" [1]
2026-10-03 18:19:00 URL: ftp://ftp3.tpdc.ac.cn:6201/PML/V2.2b/half-month/E/PML-V2.2b_E_1990.nc [47204764] -> "/glade/derecho/scratch/bbuchovecky/pml-v2.2/V2.2b/half-month/E/PML-V2.2b_E_1990.nc" [1]
2026-10-03 18:19:37 URL: ftp://ftp2.tpdc.ac.cn:6201/PML/V2.2b/half-month/E/PML-V2.2b_E_1991.nc [47421954] -> "/glade/derecho/scratch/bbuchovecky/pml-v2.2/V2.2b/half-month/E/PML-V2.2b_E_1991.nc" [1]
2026-10-03 18:20:54 URL: ftp://ftp3.tpdc.ac.cn:6201/PML/V2.2b/half-month/E/PML-V2.2b_E_1992.nc [47334369] -> "/glade/derecho/scratch/bbuchovecky/pml-v2.2/V2.2b/half-month/E/PML-V2.2b_E_1992.nc" [1]
2026-10-03 18:26:03 URL: ftp://ftp2.tpdc.ac.cn:6201/PML/V2.2b/half-month/E/PML-V2.2b_E_1993.nc [47437123] -> "/glade/derecho/scratch/bbuchovecky/pml-v2.2/V2.2b/half-month/E/PML-V2.2b_E_1993.nc" [1]
2026-10-03 18:27:26 URL: ftp://ftp3.tpdc.ac.cn:6201/PML/V2.2b/half-month/E/PML-V2.2b_E_1994.nc [47584595] -> "/glade/derecho/scratch/bbuchovecky/pml-v2.2/V2.2b/half-month/E/PML-V2.2b_E_1994.nc" [1]
2026-10-03 18:28:30 URL: ftp://ftp2.tpdc.ac.cn:6201/PML/V2.2b/half-month/E/PML-V2.2b_E_1995.nc [47635049] -> "/glade/derecho/scratch/bbuchovecky/pml-v2.2/V2.2b/half-month/E/PML-V2.2b_E_1995.nc" [1]
2026-10-03 18:29:08 URL: ftp://ftp3.tpdc.ac.cn:6201/PML/V2.2b/half-month/E/PML-V2.2b_E_1996.nc [47125669] -> "/glade/derecho/scratch/bbuchovecky/pml-v2.2/V2.2b/half-month/E/PML-V2.2b_E_1996.nc" [1]
2026-10-03 18:29:57 URL: ftp://ftp2.tpdc.ac.cn:6201/PML/V2.2b/half-month/E/PML-V2.2b_E_1997.nc [47628022] -> "/glade/derecho/scratch/bbuchovecky/pml-v2.2/V2.2b/half-month/E/PML-V2.2b_E_1997.nc" [1]
2026-10-03 18:41:25 URL: ftp://ftp3.tpdc.ac.cn:6201/PML/V2.2b/half-month/E/PML-V2.2b_E_1998.nc [47566622] -> "/glade/derecho/scratch/bbuchovecky/pml-v2.2/V2.2b/half-month/E/PML-V2.2b_E_1998.nc" [1]
2026-10-03 18:43:10 URL: ftp://ftp2.tpdc.ac.cn:6201/PML/V2.2b/half-month/E/PML-V2.2b_E_1999.nc [47203153] -> "/glade/derecho/scratch/bbuchovecky/pml-v2.2/V2.2b/half-month/E/PML-V2.2b_E_1999.nc" [1]
2026-10-03 18:43:12 URL: ftp://ftp3.tpdc.ac.cn:6201/PML/V2.2b/half-month/E/PML-V2.2b_E_2000.nc [46595674] -> "/glade/derecho/scratch/bbuchovecky/pml-v2.2/V2.2b/half-month/E/PML-V2.2b_E_2000.nc" [1]
2026-10-03 18:47:56 URL: ftp://ftp2.tpdc.ac.cn:6201/PML/V2.2b/half-month/E/PML-V2.2b_E_2001.nc [46630905] -> "/glade/derecho/scratch/bbuchovecky/pml-v2.2/V2.2b/half-month/E/PML-V2.2b_E_2001.nc" [1]
2026-10-03 18:49:20 URL: ftp://ftp3.tpdc.ac.cn:6201/PML/V2.2b/half-month/E/PML-V2.2b_E_2002.nc [46896056] -> "/glade/derecho/scratch/bbuchovecky/pml-v2.2/V2.2b/half-month/E/PML-V2.2b_E_2002.nc" [1]
2026-10-03 18:50:42 URL: ftp://ftp2.tpdc.ac.cn:6201/PML/V2.2b/half-month/E/PML-V2.2b_E_2003.nc [46985669] -> "/glade/derecho/scratch/bbuchovecky/pml-v2.2/V2.2b/half-month/E/PML-V2.2b_E_2003.nc" [1]
2026-10-03 18:50:49 URL: ftp://ftp3.tpdc.ac.cn:6201/PML/V2.2b/half-month/E/PML-V2.2b_E_2004.nc [46958371] -> "/glade/derecho/scratch/bbuchovecky/pml-v2.2/V2.2b/half-month/E/PML-V2.2b_E_2004.nc" [1]
2026-10-03 18:52:41 URL: ftp://ftp2.tpdc.ac.cn:6201/PML/V2.2b/half-month/E/PML-V2.2b_E_2005.nc [47412214] -> "/glade/derecho/scratch/bbuchovecky/pml-v2.2/V2.2b/half-month/E/PML-V2.2b_E_2005.nc" [1]
2026-10-03 19:04:37 URL: ftp://ftp3.tpdc.ac.cn:6201/PML/V2.2b/half-month/E/PML-V2.2b_E_2006.nc [47496817] -> "/glade/derecho/scratch/bbuchovecky/pml-v2.2/V2.2b/half-month/E/PML-V2.2b_E_2006.nc" [1]
2026-10-03 19:06:10 URL: ftp://ftp3.tpdc.ac.cn:6201/PML/V2.2b/half-month/E/PML-V2.2b_E_2008.nc [46982285] -> "/glade/derecho/scratch/bbuchovecky/pml-v2.2/V2.2b/half-month/E/PML-V2.2b_E_2008.nc" [1]
2026-10-03 19:07:05 URL: ftp://ftp2.tpdc.ac.cn:6201/PML/V2.2b/half-month/E/PML-V2.2b_E_2007.nc [47196834] -> "/glade/derecho/scratch/bbuchovecky/pml-v2.2/V2.2b/half-month/E/PML-V2.2b_E_2007.nc" [1]
2026-10-03 19:10:54 URL: ftp://ftp2.tpdc.ac.cn:6201/PML/V2.2b/half-month/E/PML-V2.2b_E_2009.nc [47335689] -> "/glade/derecho/scratch/bbuchovecky/pml-v2.2/V2.2b/half-month/E/PML-V2.2b_E_2009.nc" [1]
2026-10-03 19:11:42 URL: ftp://ftp3.tpdc.ac.cn:6201/PML/V2.2b/half-month/E/PML-V2.2b_E_2010.nc [47319433] -> "/glade/derecho/scratch/bbuchovecky/pml-v2.2/V2.2b/half-month/E/PML-V2.2b_E_2010.nc" [1]
2026-10-03 19:13:32 URL: ftp://ftp2.tpdc.ac.cn:6201/PML/V2.2b/half-month/E/PML-V2.2b_E_2011.nc [47351272] -> "/glade/derecho/scratch/bbuchovecky/pml-v2.2/V2.2b/half-month/E/PML-V2.2b_E_2011.nc" [1]
2026-10-03 19:13:58 URL: ftp://ftp3.tpdc.ac.cn:6201/PML/V2.2b/half-month/E/PML-V2.2b_E_2012.nc [47459228] -> "/glade/derecho/scratch/bbuchovecky/pml-v2.2/V2.2b/half-month/E/PML-V2.2b_E_2012.nc" [1]
2026-10-03 19:14:54 URL: ftp://ftp2.tpdc.ac.cn:6201/PML/V2.2b/half-month/E/PML-V2.2b_E_2013.nc [47234924] -> "/glade/derecho/scratch/bbuchovecky/pml-v2.2/V2.2b/half-month/E/PML-V2.2b_E_2013.nc" [1]
2026-10-03 19:23:11 URL: ftp://ftp2.tpdc.ac.cn:6201/PML/V2.2b/half-month/Ew/PML-V2.2b_Ew_1982.nc [16568754] -> "/glade/derecho/scratch/bbuchovecky/pml-v2.2/V2.2b/half-month/Ew/PML-V2.2b_Ew_1982.nc" [1]
2026-10-03 19:27:06 URL: ftp://ftp3.tpdc.ac.cn:6201/PML/V2.2b/half-month/E/PML-V2.2b_E_2014.nc [47433016] -> "/glade/derecho/scratch/bbuchovecky/pml-v2.2/V2.2b/half-month/E/PML-V2.2b_E_2014.nc" [1]
2026-10-03 19:30:45 URL: ftp://ftp2.tpdc.ac.cn:6201/PML/V2.2b/half-month/E/PML-V2.2b_E_2015.nc [47745248] -> "/glade/derecho/scratch/bbuchovecky/pml-v2.2/V2.2b/half-month/E/PML-V2.2b_E_2015.nc" [1]
2026-10-03 19:31:19 URL: ftp://ftp3.tpdc.ac.cn:6201/PML/V2.2b/half-month/E/PML-V2.2b_E_2016.nc [47772403] -> "/glade/derecho/scratch/bbuchovecky/pml-v2.2/V2.2b/half-month/E/PML-V2.2b_E_2016.nc" [1]
2026-10-03 19:31:32 URL: ftp://ftp3.tpdc.ac.cn:6201/PML/V2.2b/half-month/Ew/PML-V2.2b_Ew_1983.nc [16605387] -> "/glade/derecho/scratch/bbuchovecky/pml-v2.2/V2.2b/half-month/Ew/PML-V2.2b_Ew_1983.nc" [1]
2026-10-03 19:32:31 URL: ftp://ftp2.tpdc.ac.cn:6201/PML/V2.2b/half-month/E/PML-V2.2b_E_2017.nc [47560159] -> "/glade/derecho/scratch/bbuchovecky/pml-v2.2/V2.2b/half-month/E/PML-V2.2b_E_2017.nc" [1]
2026-10-03 19:34:08 URL: ftp://ftp3.tpdc.ac.cn:6201/PML/V2.2b/half-month/E/PML-V2.2b_E_2018.nc [47768387] -> "/glade/derecho/scratch/bbuchovecky/pml-v2.2/V2.2b/half-month/E/PML-V2.2b_E_2018.nc" [1]
2026-10-03 19:34:56 URL: ftp://ftp2.tpdc.ac.cn:6201/PML/V2.2b/half-month/Ew/PML-V2.2b_Ew_1984.nc [16600972] -> "/glade/derecho/scratch/bbuchovecky/pml-v2.2/V2.2b/half-month/Ew/PML-V2.2b_Ew_1984.nc" [1]
2026-10-03 19:36:32 URL: ftp://ftp2.tpdc.ac.cn:6201/PML/V2.2b/half-month/E/PML-V2.2b_E_2019.nc [47752493] -> "/glade/derecho/scratch/bbuchovecky/pml-v2.2/V2.2b/half-month/E/PML-V2.2b_E_2019.nc" [1]
2026-10-03 19:36:48 URL: ftp://ftp3.tpdc.ac.cn:6201/PML/V2.2b/half-month/E/PML-V2.2b_E_2020.nc [47842538] -> "/glade/derecho/scratch/bbuchovecky/pml-v2.2/V2.2b/half-month/E/PML-V2.2b_E_2020.nc" [1]
2026-10-03 19:38:33 URL: ftp://ftp3.tpdc.ac.cn:6201/PML/V2.2b/half-month/Ew/PML-V2.2b_Ew_1985.nc [16701363] -> "/glade/derecho/scratch/bbuchovecky/pml-v2.2/V2.2b/half-month/Ew/PML-V2.2b_Ew_1985.nc" [1]
2026-10-03 19:38:45 URL: ftp://ftp2.tpdc.ac.cn:6201/PML/V2.2b/half-month/Ew/PML-V2.2b_Ew_1986.nc [16607328] -> "/glade/derecho/scratch/bbuchovecky/pml-v2.2/V2.2b/half-month/Ew/PML-V2.2b_Ew_1986.nc" [1]
2026-10-03 19:39:51 URL: ftp://ftp3.tpdc.ac.cn:6201/PML/V2.2b/half-month/Ew/PML-V2.2b_Ew_1987.nc [16637675] -> "/glade/derecho/scratch/bbuchovecky/pml-v2.2/V2.2b/half-month/Ew/PML-V2.2b_Ew_1987.nc" [1]
2026-10-03 19:40:46 URL: ftp://ftp2.tpdc.ac.cn:6201/PML/V2.2b/half-month/Ew/PML-V2.2b_Ew_1988.nc [16736605] -> "/glade/derecho/scratch/bbuchovecky/pml-v2.2/V2.2b/half-month/Ew/PML-V2.2b_Ew_1988.nc" [1]
2026-10-03 19:42:13 URL: ftp://ftp3.tpdc.ac.cn:6201/PML/V2.2b/half-month/Ew/PML-V2.2b_Ew_1989.nc [16693505] -> "/glade/derecho/scratch/bbuchovecky/pml-v2.2/V2.2b/half-month/Ew/PML-V2.2b_Ew_1989.nc" [1]
2026-10-03 19:42:37 URL: ftp://ftp2.tpdc.ac.cn:6201/PML/V2.2b/half-month/Ew/PML-V2.2b_Ew_1990.nc [16757769] -> "/glade/derecho/scratch/bbuchovecky/pml-v2.2/V2.2b/half-month/Ew/PML-V2.2b_Ew_1990.nc" [1]
2026-10-03 19:44:29 URL: ftp://ftp3.tpdc.ac.cn:6201/PML/V2.2b/half-month/Ew/PML-V2.2b_Ew_1991.nc [16714859] -> "/glade/derecho/scratch/bbuchovecky/pml-v2.2/V2.2b/half-month/Ew/PML-V2.2b_Ew_1991.nc" [1]
2026-10-03 19:44:34 URL: ftp://ftp2.tpdc.ac.cn:6201/PML/V2.2b/half-month/Ew/PML-V2.2b_Ew_1992.nc [16543457] -> "/glade/derecho/scratch/bbuchovecky/pml-v2.2/V2.2b/half-month/Ew/PML-V2.2b_Ew_1992.nc" [1]
2026-10-03 19:46:39 URL: ftp://ftp3.tpdc.ac.cn:6201/PML/V2.2b/half-month/Ew/PML-V2.2b_Ew_1993.nc [16646882] -> "/glade/derecho/scratch/bbuchovecky/pml-v2.2/V2.2b/half-month/Ew/PML-V2.2b_Ew_1993.nc" [1]
2026-10-03 19:47:24 URL: ftp://ftp2.tpdc.ac.cn:6201/PML/V2.2b/half-month/Ew/PML-V2.2b_Ew_1994.nc [16736019] -> "/glade/derecho/scratch/bbuchovecky/pml-v2.2/V2.2b/half-month/Ew/PML-V2.2b_Ew_1994.nc" [1]
2026-10-03 19:48:02 URL: ftp://ftp3.tpdc.ac.cn:6201/PML/V2.2b/half-month/Ew/PML-V2.2b_Ew_1995.nc [17080066] -> "/glade/derecho/scratch/bbuchovecky/pml-v2.2/V2.2b/half-month/Ew/PML-V2.2b_Ew_1995.nc" [1]
2026-10-03 19:49:03 URL: ftp://ftp2.tpdc.ac.cn:6201/PML/V2.2b/half-month/Ew/PML-V2.2b_Ew_1996.nc [16783937] -> "/glade/derecho/scratch/bbuchovecky/pml-v2.2/V2.2b/half-month/Ew/PML-V2.2b_Ew_1996.nc" [1]
2026-10-03 19:50:40 URL: ftp://ftp2.tpdc.ac.cn:6201/PML/V2.2b/half-month/Ew/PML-V2.2b_Ew_1998.nc [16820541] -> "/glade/derecho/scratch/bbuchovecky/pml-v2.2/V2.2b/half-month/Ew/PML-V2.2b_Ew_1998.nc" [1]
2026-10-03 19:51:08 URL: ftp://ftp3.tpdc.ac.cn:6201/PML/V2.2b/half-month/Ew/PML-V2.2b_Ew_1997.nc [16765564] -> "/glade/derecho/scratch/bbuchovecky/pml-v2.2/V2.2b/half-month/Ew/PML-V2.2b_Ew_1997.nc" [1]
2026-10-03 19:53:03 URL: ftp://ftp2.tpdc.ac.cn:6201/PML/V2.2b/half-month/Ew/PML-V2.2b_Ew_2000.nc [16764175] -> "/glade/derecho/scratch/bbuchovecky/pml-v2.2/V2.2b/half-month/Ew/PML-V2.2b_Ew_2000.nc" [1]
2026-10-03 19:53:21 URL: ftp://ftp3.tpdc.ac.cn:6201/PML/V2.2b/half-month/Ew/PML-V2.2b_Ew_1999.nc [16690375] -> "/glade/derecho/scratch/bbuchovecky/pml-v2.2/V2.2b/half-month/Ew/PML-V2.2b_Ew_1999.nc" [1]
2026-10-03 19:54:33 URL: ftp://ftp3.tpdc.ac.cn:6201/PML/V2.2b/half-month/Ew/PML-V2.2b_Ew_2001.nc [16859021] -> "/glade/derecho/scratch/bbuchovecky/pml-v2.2/V2.2b/half-month/Ew/PML-V2.2b_Ew_2001.nc" [1]
2026-10-03 19:56:23 URL: ftp://ftp2.tpdc.ac.cn:6201/PML/V2.2b/half-month/Ew/PML-V2.2b_Ew_2002.nc [16792229] -> "/glade/derecho/scratch/bbuchovecky/pml-v2.2/V2.2b/half-month/Ew/PML-V2.2b_Ew_2002.nc" [1]
2026-10-03 19:56:30 URL: ftp://ftp3.tpdc.ac.cn:6201/PML/V2.2b/half-month/Ew/PML-V2.2b_Ew_2003.nc [16830062] -> "/glade/derecho/scratch/bbuchovecky/pml-v2.2/V2.2b/half-month/Ew/PML-V2.2b_Ew_2003.nc" [1]
2026-10-03 19:57:21 URL: ftp://ftp2.tpdc.ac.cn:6201/PML/V2.2b/half-month/Ew/PML-V2.2b_Ew_2004.nc [16753219] -> "/glade/derecho/scratch/bbuchovecky/pml-v2.2/V2.2b/half-month/Ew/PML-V2.2b_Ew_2004.nc" [1]
2026-10-03 19:58:41 URL: ftp://ftp3.tpdc.ac.cn:6201/PML/V2.2b/half-month/Ew/PML-V2.2b_Ew_2005.nc [16935646] -> "/glade/derecho/scratch/bbuchovecky/pml-v2.2/V2.2b/half-month/Ew/PML-V2.2b_Ew_2005.nc" [1]
2026-10-03 19:59:59 URL: ftp://ftp2.tpdc.ac.cn:6201/PML/V2.2b/half-month/Ew/PML-V2.2b_Ew_2006.nc [16887662] -> "/glade/derecho/scratch/bbuchovecky/pml-v2.2/V2.2b/half-month/Ew/PML-V2.2b_Ew_2006.nc" [1]
2026-10-03 20:01:20 URL: ftp://ftp3.tpdc.ac.cn:6201/PML/V2.2b/half-month/Ew/PML-V2.2b_Ew_2007.nc [16856047] -> "/glade/derecho/scratch/bbuchovecky/pml-v2.2/V2.2b/half-month/Ew/PML-V2.2b_Ew_2007.nc" [1]
2026-10-03 20:01:27 URL: ftp://ftp2.tpdc.ac.cn:6201/PML/V2.2b/half-month/Ew/PML-V2.2b_Ew_2008.nc [16796121] -> "/glade/derecho/scratch/bbuchovecky/pml-v2.2/V2.2b/half-month/Ew/PML-V2.2b_Ew_2008.nc" [1]
2026-10-03 20:02:28 URL: ftp://ftp3.tpdc.ac.cn:6201/PML/V2.2b/half-month/Ew/PML-V2.2b_Ew_2009.nc [16749526] -> "/glade/derecho/scratch/bbuchovecky/pml-v2.2/V2.2b/half-month/Ew/PML-V2.2b_Ew_2009.nc" [1]
2026-10-03 20:04:02 URL: ftp://ftp3.tpdc.ac.cn:6201/PML/V2.2b/half-month/Ew/PML-V2.2b_Ew_2011.nc [16878345] -> "/glade/derecho/scratch/bbuchovecky/pml-v2.2/V2.2b/half-month/Ew/PML-V2.2b_Ew_2011.nc" [1]
2026-10-03 20:04:46 URL: ftp://ftp2.tpdc.ac.cn:6201/PML/V2.2b/half-month/Ew/PML-V2.2b_Ew_2010.nc [16982103] -> "/glade/derecho/scratch/bbuchovecky/pml-v2.2/V2.2b/half-month/Ew/PML-V2.2b_Ew_2010.nc" [1]
2026-10-03 20:06:09 URL: ftp://ftp2.tpdc.ac.cn:6201/PML/V2.2b/half-month/Ew/PML-V2.2b_Ew_2012.nc [16906550] -> "/glade/derecho/scratch/bbuchovecky/pml-v2.2/V2.2b/half-month/Ew/PML-V2.2b_Ew_2012.nc" [1]
2026-10-03 20:06:19 URL: ftp://ftp3.tpdc.ac.cn:6201/PML/V2.2b/half-month/Ew/PML-V2.2b_Ew_2013.nc [16762665] -> "/glade/derecho/scratch/bbuchovecky/pml-v2.2/V2.2b/half-month/Ew/PML-V2.2b_Ew_2013.nc" [1]
2026-10-03 20:08:32 URL: ftp://ftp2.tpdc.ac.cn:6201/PML/V2.2b/half-month/Ew/PML-V2.2b_Ew_2014.nc [16784682] -> "/glade/derecho/scratch/bbuchovecky/pml-v2.2/V2.2b/half-month/Ew/PML-V2.2b_Ew_2014.nc" [1]
2026-10-03 20:09:37 URL: ftp://ftp3.tpdc.ac.cn:6201/PML/V2.2b/half-month/Ew/PML-V2.2b_Ew_2015.nc [16808801] -> "/glade/derecho/scratch/bbuchovecky/pml-v2.2/V2.2b/half-month/Ew/PML-V2.2b_Ew_2015.nc" [1]
2026-10-03 20:10:09 URL: ftp://ftp2.tpdc.ac.cn:6201/PML/V2.2b/half-month/Ew/PML-V2.2b_Ew_2016.nc [16957628] -> "/glade/derecho/scratch/bbuchovecky/pml-v2.2/V2.2b/half-month/Ew/PML-V2.2b_Ew_2016.nc" [1]
2026-10-03 20:11:13 URL: ftp://ftp3.tpdc.ac.cn:6201/PML/V2.2b/half-month/Ew/PML-V2.2b_Ew_2017.nc [16885835] -> "/glade/derecho/scratch/bbuchovecky/pml-v2.2/V2.2b/half-month/Ew/PML-V2.2b_Ew_2017.nc" [1]
2026-10-03 20:12:43 URL: ftp://ftp2.tpdc.ac.cn:6201/PML/V2.2b/half-month/Ew/PML-V2.2b_Ew_2018.nc [16773386] -> "/glade/derecho/scratch/bbuchovecky/pml-v2.2/V2.2b/half-month/Ew/PML-V2.2b_Ew_2018.nc" [1]
2026-10-03 20:13:07 URL: ftp://ftp3.tpdc.ac.cn:6201/PML/V2.2b/half-month/Ew/PML-V2.2b_Ew_2019.nc [16943650] -> "/glade/derecho/scratch/bbuchovecky/pml-v2.2/V2.2b/half-month/Ew/PML-V2.2b_Ew_2019.nc" [1]
2026-10-03 20:14:37 URL: ftp://ftp2.tpdc.ac.cn:6201/PML/V2.2b/half-month/Ew/PML-V2.2b_Ew_2020.nc [16975539] -> "/glade/derecho/scratch/bbuchovecky/pml-v2.2/V2.2b/half-month/Ew/PML-V2.2b_Ew_2020.nc" [1]
2026-10-03 20:34:27 URL: ftp://ftp3.tpdc.ac.cn:6201/PML/V2.2b/half-month/PET/PML-V2.2b_PET_1982.nc [55153584] -> "/glade/derecho/scratch/bbuchovecky/pml-v2.2/V2.2b/half-month/PET/PML-V2.2b_PET_1982.nc" [1]
2026-10-03 20:37:26 URL: ftp://ftp2.tpdc.ac.cn:6201/PML/V2.2b/half-month/PET/PML-V2.2b_PET_1983.nc [55578374] -> "/glade/derecho/scratch/bbuchovecky/pml-v2.2/V2.2b/half-month/PET/PML-V2.2b_PET_1983.nc" [1]
2026-10-03 20:37:28 URL: ftp://ftp2.tpdc.ac.cn:6201/PML/V2.2b/half-month/PET/PML-V2.2b_PET_1985.nc [55141750] -> "/glade/derecho/scratch/bbuchovecky/pml-v2.2/V2.2b/half-month/PET/PML-V2.2b_PET_1985.nc" [1]
2026-10-03 20:38:24 URL: ftp://ftp3.tpdc.ac.cn:6201/PML/V2.2b/half-month/PET/PML-V2.2b_PET_1984.nc [56189686] -> "/glade/derecho/scratch/bbuchovecky/pml-v2.2/V2.2b/half-month/PET/PML-V2.2b_PET_1984.nc" [1]
2026-10-03 20:40:27 URL: ftp://ftp3.tpdc.ac.cn:6201/PML/V2.2b/half-month/PET/PML-V2.2b_PET_1986.nc [55293781] -> "/glade/derecho/scratch/bbuchovecky/pml-v2.2/V2.2b/half-month/PET/PML-V2.2b_PET_1986.nc" [1]
2026-10-03 20:41:24 URL: ftp://ftp2.tpdc.ac.cn:6201/PML/V2.2b/half-month/PET/PML-V2.2b_PET_1987.nc [55466579] -> "/glade/derecho/scratch/bbuchovecky/pml-v2.2/V2.2b/half-month/PET/PML-V2.2b_PET_1987.nc" [1]
2026-10-03 20:43:10 URL: ftp://ftp3.tpdc.ac.cn:6201/PML/V2.2b/half-month/PET/PML-V2.2b_PET_1988.nc [55918661] -> "/glade/derecho/scratch/bbuchovecky/pml-v2.2/V2.2b/half-month/PET/PML-V2.2b_PET_1988.nc" [1]
2026-10-03 20:44:20 URL: ftp://ftp2.tpdc.ac.cn:6201/PML/V2.2b/half-month/PET/PML-V2.2b_PET_1989.nc [55472832] -> "/glade/derecho/scratch/bbuchovecky/pml-v2.2/V2.2b/half-month/PET/PML-V2.2b_PET_1989.nc" [1]
2026-10-03 21:03:47 URL: ftp://ftp3.tpdc.ac.cn:6201/PML/V2.2b/half-month/PET/PML-V2.2b_PET_1990.nc [55662274] -> "/glade/derecho/scratch/bbuchovecky/pml-v2.2/V2.2b/half-month/PET/PML-V2.2b_PET_1990.nc" [1]
2026-10-03 21:06:08 URL: ftp://ftp2.tpdc.ac.cn:6201/PML/V2.2b/half-month/PET/PML-V2.2b_PET_1991.nc [55496029] -> "/glade/derecho/scratch/bbuchovecky/pml-v2.2/V2.2b/half-month/PET/PML-V2.2b_PET_1991.nc" [1]
2026-10-03 21:06:23 URL: ftp://ftp3.tpdc.ac.cn:6201/PML/V2.2b/half-month/PET/PML-V2.2b_PET_1992.nc [55362839] -> "/glade/derecho/scratch/bbuchovecky/pml-v2.2/V2.2b/half-month/PET/PML-V2.2b_PET_1992.nc" [1]
2026-10-03 21:07:44 URL: ftp://ftp2.tpdc.ac.cn:6201/PML/V2.2b/half-month/PET/PML-V2.2b_PET_1993.nc [55698104] -> "/glade/derecho/scratch/bbuchovecky/pml-v2.2/V2.2b/half-month/PET/PML-V2.2b_PET_1993.nc" [1]
2026-10-03 21:10:42 URL: ftp://ftp3.tpdc.ac.cn:6201/PML/V2.2b/half-month/PET/PML-V2.2b_PET_1994.nc [55739069] -> "/glade/derecho/scratch/bbuchovecky/pml-v2.2/V2.2b/half-month/PET/PML-V2.2b_PET_1994.nc" [1]
2026-10-03 21:10:45 URL: ftp://ftp3.tpdc.ac.cn:6201/PML/V2.2b/half-month/PET/PML-V2.2b_PET_1996.nc [55502538] -> "/glade/derecho/scratch/bbuchovecky/pml-v2.2/V2.2b/half-month/PET/PML-V2.2b_PET_1996.nc" [1]
2026-10-03 21:11:04 URL: ftp://ftp2.tpdc.ac.cn:6201/PML/V2.2b/half-month/PET/PML-V2.2b_PET_1995.nc [55786223] -> "/glade/derecho/scratch/bbuchovecky/pml-v2.2/V2.2b/half-month/PET/PML-V2.2b_PET_1995.nc" [1]
2026-10-03 21:14:33 URL: ftp://ftp2.tpdc.ac.cn:6201/PML/V2.2b/half-month/PET/PML-V2.2b_PET_1997.nc [55499962] -> "/glade/derecho/scratch/bbuchovecky/pml-v2.2/V2.2b/half-month/PET/PML-V2.2b_PET_1997.nc" [1]
2026-10-03 21:33:29 URL: ftp://ftp3.tpdc.ac.cn:6201/PML/V2.2b/half-month/PET/PML-V2.2b_PET_1998.nc [55627779] -> "/glade/derecho/scratch/bbuchovecky/pml-v2.2/V2.2b/half-month/PET/PML-V2.2b_PET_1998.nc" [1]
2026-10-03 21:35:32 URL: ftp://ftp3.tpdc.ac.cn:6201/PML/V2.2b/half-month/PET/PML-V2.2b_PET_2000.nc [54126062] -> "/glade/derecho/scratch/bbuchovecky/pml-v2.2/V2.2b/half-month/PET/PML-V2.2b_PET_2000.nc" [1]
2026-10-03 21:37:58 URL: ftp://ftp2.tpdc.ac.cn:6201/PML/V2.2b/half-month/PET/PML-V2.2b_PET_1999.nc [55545876] -> "/glade/derecho/scratch/bbuchovecky/pml-v2.2/V2.2b/half-month/PET/PML-V2.2b_PET_1999.nc" [1]
2026-10-03 21:38:57 URL: ftp://ftp2.tpdc.ac.cn:6201/PML/V2.2b/half-month/PET/PML-V2.2b_PET_2001.nc [54296057] -> "/glade/derecho/scratch/bbuchovecky/pml-v2.2/V2.2b/half-month/PET/PML-V2.2b_PET_2001.nc" [1]
2026-10-03 21:40:35 URL: ftp://ftp3.tpdc.ac.cn:6201/PML/V2.2b/half-month/PET/PML-V2.2b_PET_2002.nc [54448909] -> "/glade/derecho/scratch/bbuchovecky/pml-v2.2/V2.2b/half-month/PET/PML-V2.2b_PET_2002.nc" [1]
2026-10-03 21:41:01 URL: ftp://ftp3.tpdc.ac.cn:6201/PML/V2.2b/half-month/PET/PML-V2.2b_PET_2004.nc [54332747] -> "/glade/derecho/scratch/bbuchovecky/pml-v2.2/V2.2b/half-month/PET/PML-V2.2b_PET_2004.nc" [1]
2026-10-03 21:41:31 URL: ftp://ftp2.tpdc.ac.cn:6201/PML/V2.2b/half-month/PET/PML-V2.2b_PET_2003.nc [54440458] -> "/glade/derecho/scratch/bbuchovecky/pml-v2.2/V2.2b/half-month/PET/PML-V2.2b_PET_2003.nc" [1]
2026-10-03 21:47:57 URL: ftp://ftp2.tpdc.ac.cn:6201/PML/V2.2b/half-month/PET/PML-V2.2b_PET_2005.nc [54703515] -> "/glade/derecho/scratch/bbuchovecky/pml-v2.2/V2.2b/half-month/PET/PML-V2.2b_PET_2005.nc" [1]
2026-10-03 22:03:55 URL: ftp://ftp3.tpdc.ac.cn:6201/PML/V2.2b/half-month/PET/PML-V2.2b_PET_2006.nc [54586554] -> "/glade/derecho/scratch/bbuchovecky/pml-v2.2/V2.2b/half-month/PET/PML-V2.2b_PET_2006.nc" [1]
2026-10-03 22:06:32 URL: ftp://ftp2.tpdc.ac.cn:6201/PML/V2.2b/half-month/PET/PML-V2.2b_PET_2007.nc [54815111] -> "/glade/derecho/scratch/bbuchovecky/pml-v2.2/V2.2b/half-month/PET/PML-V2.2b_PET_2007.nc" [1]
2026-10-03 22:07:06 URL: ftp://ftp3.tpdc.ac.cn:6201/PML/V2.2b/half-month/PET/PML-V2.2b_PET_2008.nc [54585668] -> "/glade/derecho/scratch/bbuchovecky/pml-v2.2/V2.2b/half-month/PET/PML-V2.2b_PET_2008.nc" [1]
2026-10-03 22:08:33 URL: ftp://ftp2.tpdc.ac.cn:6201/PML/V2.2b/half-month/PET/PML-V2.2b_PET_2009.nc [54488277] -> "/glade/derecho/scratch/bbuchovecky/pml-v2.2/V2.2b/half-month/PET/PML-V2.2b_PET_2009.nc" [1]
2026-10-03 22:10:43 URL: ftp://ftp3.tpdc.ac.cn:6201/PML/V2.2b/half-month/PET/PML-V2.2b_PET_2010.nc [54686785] -> "/glade/derecho/scratch/bbuchovecky/pml-v2.2/V2.2b/half-month/PET/PML-V2.2b_PET_2010.nc" [1]
2026-10-03 22:11:53 URL: ftp://ftp2.tpdc.ac.cn:6201/PML/V2.2b/half-month/PET/PML-V2.2b_PET_2011.nc [54553746] -> "/glade/derecho/scratch/bbuchovecky/pml-v2.2/V2.2b/half-month/PET/PML-V2.2b_PET_2011.nc" [1]
2026-10-03 22:12:08 URL: ftp://ftp3.tpdc.ac.cn:6201/PML/V2.2b/half-month/PET/PML-V2.2b_PET_2012.nc [54631240] -> "/glade/derecho/scratch/bbuchovecky/pml-v2.2/V2.2b/half-month/PET/PML-V2.2b_PET_2012.nc" [1]
2026-10-03 22:18:01 URL: ftp://ftp2.tpdc.ac.cn:6201/PML/V2.2b/half-month/PET/PML-V2.2b_PET_2013.nc [54675350] -> "/glade/derecho/scratch/bbuchovecky/pml-v2.2/V2.2b/half-month/PET/PML-V2.2b_PET_2013.nc" [1]
2026-10-03 22:34:05 URL: ftp://ftp3.tpdc.ac.cn:6201/PML/V2.2b/half-month/PET/PML-V2.2b_PET_2014.nc [57439919] -> "/glade/derecho/scratch/bbuchovecky/pml-v2.2/V2.2b/half-month/PET/PML-V2.2b_PET_2014.nc" [1]
2026-10-03 22:36:27 URL: ftp://ftp3.tpdc.ac.cn:6201/PML/V2.2b/half-month/PET/PML-V2.2b_PET_2016.nc [54832993] -> "/glade/derecho/scratch/bbuchovecky/pml-v2.2/V2.2b/half-month/PET/PML-V2.2b_PET_2016.nc" [1]
2026-10-03 22:37:34 URL: ftp://ftp2.tpdc.ac.cn:6201/PML/V2.2b/half-month/PET/PML-V2.2b_PET_2015.nc [54856538] -> "/glade/derecho/scratch/bbuchovecky/pml-v2.2/V2.2b/half-month/PET/PML-V2.2b_PET_2015.nc" [1]
2026-10-03 22:39:07 URL: ftp://ftp2.tpdc.ac.cn:6201/PML/V2.2b/half-month/PET/PML-V2.2b_PET_2017.nc [54826942] -> "/glade/derecho/scratch/bbuchovecky/pml-v2.2/V2.2b/half-month/PET/PML-V2.2b_PET_2017.nc" [1]
2026-10-03 22:40:57 URL: ftp://ftp3.tpdc.ac.cn:6201/PML/V2.2b/half-month/PET/PML-V2.2b_PET_2018.nc [54532394] -> "/glade/derecho/scratch/bbuchovecky/pml-v2.2/V2.2b/half-month/PET/PML-V2.2b_PET_2018.nc" [1]
2026-10-03 22:41:18 URL: ftp://ftp3.tpdc.ac.cn:6201/PML/V2.2b/half-month/PET/PML-V2.2b_PET_2020.nc [55042579] -> "/glade/derecho/scratch/bbuchovecky/pml-v2.2/V2.2b/half-month/PET/PML-V2.2b_PET_2020.nc" [1]
2026-10-03 22:42:15 URL: ftp://ftp2.tpdc.ac.cn:6201/PML/V2.2b/half-month/PET/PML-V2.2b_PET_2019.nc [54836800] -> "/glade/derecho/scratch/bbuchovecky/pml-v2.2/V2.2b/half-month/PET/PML-V2.2b_PET_2019.nc" [1]
2026-10-03 22:48:42 URL: ftp://ftp2.tpdc.ac.cn:6201/PML/V2.2b/half-month/GPP/PML-V2.2b_GPP_1982.nc [52624562] -> "/glade/derecho/scratch/bbuchovecky/pml-v2.2/V2.2b/half-month/GPP/PML-V2.2b_GPP_1982.nc" [1]
2026-10-03 23:00:51 URL: ftp://ftp3.tpdc.ac.cn:6201/PML/V2.2b/half-month/GPP/PML-V2.2b_GPP_1983.nc [51654243] -> "/glade/derecho/scratch/bbuchovecky/pml-v2.2/V2.2b/half-month/GPP/PML-V2.2b_GPP_1983.nc" [1]
2026-10-03 23:05:14 URL: ftp://ftp2.tpdc.ac.cn:6201/PML/V2.2b/half-month/GPP/PML-V2.2b_GPP_1984.nc [51631757] -> "/glade/derecho/scratch/bbuchovecky/pml-v2.2/V2.2b/half-month/GPP/PML-V2.2b_GPP_1984.nc" [1]
2026-10-03 23:06:14 URL: ftp://ftp3.tpdc.ac.cn:6201/PML/V2.2b/half-month/GPP/PML-V2.2b_GPP_1985.nc [51485455] -> "/glade/derecho/scratch/bbuchovecky/pml-v2.2/V2.2b/half-month/GPP/PML-V2.2b_GPP_1985.nc" [1]
2026-10-03 23:07:36 URL: ftp://ftp2.tpdc.ac.cn:6201/PML/V2.2b/half-month/GPP/PML-V2.2b_GPP_1986.nc [51582045] -> "/glade/derecho/scratch/bbuchovecky/pml-v2.2/V2.2b/half-month/GPP/PML-V2.2b_GPP_1986.nc" [1]
2026-10-03 23:09:20 URL: ftp://ftp3.tpdc.ac.cn:6201/PML/V2.2b/half-month/GPP/PML-V2.2b_GPP_1987.nc [51710974] -> "/glade/derecho/scratch/bbuchovecky/pml-v2.2/V2.2b/half-month/GPP/PML-V2.2b_GPP_1987.nc" [1]
2026-10-03 23:09:40 URL: ftp://ftp2.tpdc.ac.cn:6201/PML/V2.2b/half-month/GPP/PML-V2.2b_GPP_1988.nc [51685493] -> "/glade/derecho/scratch/bbuchovecky/pml-v2.2/V2.2b/half-month/GPP/PML-V2.2b_GPP_1988.nc" [1]
2026-10-03 23:11:20 URL: ftp://ftp3.tpdc.ac.cn:6201/PML/V2.2b/half-month/GPP/PML-V2.2b_GPP_1989.nc [51742858] -> "/glade/derecho/scratch/bbuchovecky/pml-v2.2/V2.2b/half-month/GPP/PML-V2.2b_GPP_1989.nc" [1]
2026-10-03 23:17:30 URL: ftp://ftp2.tpdc.ac.cn:6201/PML/V2.2b/half-month/GPP/PML-V2.2b_GPP_1990.nc [51782655] -> "/glade/derecho/scratch/bbuchovecky/pml-v2.2/V2.2b/half-month/GPP/PML-V2.2b_GPP_1990.nc" [1]
2026-10-03 23:29:18 URL: ftp://ftp3.tpdc.ac.cn:6201/PML/V2.2b/half-month/GPP/PML-V2.2b_GPP_1991.nc [51739874] -> "/glade/derecho/scratch/bbuchovecky/pml-v2.2/V2.2b/half-month/GPP/PML-V2.2b_GPP_1991.nc" [1]
2026-10-03 23:34:13 URL: ftp://ftp2.tpdc.ac.cn:6201/PML/V2.2b/half-month/GPP/PML-V2.2b_GPP_1992.nc [51676165] -> "/glade/derecho/scratch/bbuchovecky/pml-v2.2/V2.2b/half-month/GPP/PML-V2.2b_GPP_1992.nc" [1]
2026-10-03 23:35:30 URL: ftp://ftp3.tpdc.ac.cn:6201/PML/V2.2b/half-month/GPP/PML-V2.2b_GPP_1993.nc [51787411] -> "/glade/derecho/scratch/bbuchovecky/pml-v2.2/V2.2b/half-month/GPP/PML-V2.2b_GPP_1993.nc" [1]
2026-10-03 23:37:24 URL: ftp://ftp2.tpdc.ac.cn:6201/PML/V2.2b/half-month/GPP/PML-V2.2b_GPP_1994.nc [51816940] -> "/glade/derecho/scratch/bbuchovecky/pml-v2.2/V2.2b/half-month/GPP/PML-V2.2b_GPP_1994.nc" [1]
2026-10-03 23:38:42 URL: ftp://ftp2.tpdc.ac.cn:6201/PML/V2.2b/half-month/GPP/PML-V2.2b_GPP_1996.nc [51791620] -> "/glade/derecho/scratch/bbuchovecky/pml-v2.2/V2.2b/half-month/GPP/PML-V2.2b_GPP_1996.nc" [1]
2026-10-03 23:38:45 URL: ftp://ftp3.tpdc.ac.cn:6201/PML/V2.2b/half-month/GPP/PML-V2.2b_GPP_1995.nc [52002131] -> "/glade/derecho/scratch/bbuchovecky/pml-v2.2/V2.2b/half-month/GPP/PML-V2.2b_GPP_1995.nc" [1]
2026-10-03 23:42:15 URL: ftp://ftp3.tpdc.ac.cn:6201/PML/V2.2b/half-month/GPP/PML-V2.2b_GPP_1997.nc [52017912] -> "/glade/derecho/scratch/bbuchovecky/pml-v2.2/V2.2b/half-month/GPP/PML-V2.2b_GPP_1997.nc" [1]
2026-10-03 23:47:45 URL: ftp://ftp2.tpdc.ac.cn:6201/PML/V2.2b/half-month/GPP/PML-V2.2b_GPP_1998.nc [51946813] -> "/glade/derecho/scratch/bbuchovecky/pml-v2.2/V2.2b/half-month/GPP/PML-V2.2b_GPP_1998.nc" [1]
2026-10-04 00:00:35 URL: ftp://ftp3.tpdc.ac.cn:6201/PML/V2.2b/half-month/GPP/PML-V2.2b_GPP_1999.nc [51985102] -> "/glade/derecho/scratch/bbuchovecky/pml-v2.2/V2.2b/half-month/GPP/PML-V2.2b_GPP_1999.nc" [1]
2026-10-04 00:05:50 URL: ftp://ftp2.tpdc.ac.cn:6201/PML/V2.2b/half-month/GPP/PML-V2.2b_GPP_2000.nc [51993228] -> "/glade/derecho/scratch/bbuchovecky/pml-v2.2/V2.2b/half-month/GPP/PML-V2.2b_GPP_2000.nc" [1]
2026-10-04 00:06:53 URL: ftp://ftp3.tpdc.ac.cn:6201/PML/V2.2b/half-month/GPP/PML-V2.2b_GPP_2001.nc [52828170] -> "/glade/derecho/scratch/bbuchovecky/pml-v2.2/V2.2b/half-month/GPP/PML-V2.2b_GPP_2001.nc" [1]
2026-10-04 00:09:01 URL: ftp://ftp2.tpdc.ac.cn:6201/PML/V2.2b/half-month/GPP/PML-V2.2b_GPP_2002.nc [51864718] -> "/glade/derecho/scratch/bbuchovecky/pml-v2.2/V2.2b/half-month/GPP/PML-V2.2b_GPP_2002.nc" [1]
2026-10-04 00:09:28 URL: ftp://ftp3.tpdc.ac.cn:6201/PML/V2.2b/half-month/GPP/PML-V2.2b_GPP_2003.nc [51796353] -> "/glade/derecho/scratch/bbuchovecky/pml-v2.2/V2.2b/half-month/GPP/PML-V2.2b_GPP_2003.nc" [1]
2026-10-04 00:09:56 URL: ftp://ftp2.tpdc.ac.cn:6201/PML/V2.2b/half-month/GPP/PML-V2.2b_GPP_2004.nc [52001928] -> "/glade/derecho/scratch/bbuchovecky/pml-v2.2/V2.2b/half-month/GPP/PML-V2.2b_GPP_2004.nc" [1]
2026-10-04 00:12:56 URL: ftp://ftp3.tpdc.ac.cn:6201/PML/V2.2b/half-month/GPP/PML-V2.2b_GPP_2005.nc [52156770] -> "/glade/derecho/scratch/bbuchovecky/pml-v2.2/V2.2b/half-month/GPP/PML-V2.2b_GPP_2005.nc" [1]
2026-10-04 00:16:59 URL: ftp://ftp2.tpdc.ac.cn:6201/PML/V2.2b/half-month/GPP/PML-V2.2b_GPP_2006.nc [52370218] -> "/glade/derecho/scratch/bbuchovecky/pml-v2.2/V2.2b/half-month/GPP/PML-V2.2b_GPP_2006.nc" [1]
2026-10-04 00:31:34 URL: ftp://ftp3.tpdc.ac.cn:6201/PML/V2.2b/half-month/GPP/PML-V2.2b_GPP_2007.nc [52453985] -> "/glade/derecho/scratch/bbuchovecky/pml-v2.2/V2.2b/half-month/GPP/PML-V2.2b_GPP_2007.nc" [1]
2026-10-04 00:36:22 URL: ftp://ftp2.tpdc.ac.cn:6201/PML/V2.2b/half-month/GPP/PML-V2.2b_GPP_2008.nc [52206583] -> "/glade/derecho/scratch/bbuchovecky/pml-v2.2/V2.2b/half-month/GPP/PML-V2.2b_GPP_2008.nc" [1]
2026-10-04 00:37:23 URL: ftp://ftp3.tpdc.ac.cn:6201/PML/V2.2b/half-month/GPP/PML-V2.2b_GPP_2009.nc [52013119] -> "/glade/derecho/scratch/bbuchovecky/pml-v2.2/V2.2b/half-month/GPP/PML-V2.2b_GPP_2009.nc" [1]
2026-10-04 00:39:31 URL: ftp://ftp2.tpdc.ac.cn:6201/PML/V2.2b/half-month/GPP/PML-V2.2b_GPP_2010.nc [52461141] -> "/glade/derecho/scratch/bbuchovecky/pml-v2.2/V2.2b/half-month/GPP/PML-V2.2b_GPP_2010.nc" [1]
2026-10-04 00:40:33 URL: ftp://ftp3.tpdc.ac.cn:6201/PML/V2.2b/half-month/GPP/PML-V2.2b_GPP_2011.nc [52920931] -> "/glade/derecho/scratch/bbuchovecky/pml-v2.2/V2.2b/half-month/GPP/PML-V2.2b_GPP_2011.nc" [1]
2026-10-04 00:41:25 URL: ftp://ftp2.tpdc.ac.cn:6201/PML/V2.2b/half-month/GPP/PML-V2.2b_GPP_2012.nc [52625313] -> "/glade/derecho/scratch/bbuchovecky/pml-v2.2/V2.2b/half-month/GPP/PML-V2.2b_GPP_2012.nc" [1]
2026-10-04 00:44:59 URL: ftp://ftp3.tpdc.ac.cn:6201/PML/V2.2b/half-month/GPP/PML-V2.2b_GPP_2013.nc [52524981] -> "/glade/derecho/scratch/bbuchovecky/pml-v2.2/V2.2b/half-month/GPP/PML-V2.2b_GPP_2013.nc" [1]
2026-10-04 00:50:07 URL: ftp://ftp2.tpdc.ac.cn:6201/PML/V2.2b/half-month/GPP/PML-V2.2b_GPP_2014.nc [52802195] -> "/glade/derecho/scratch/bbuchovecky/pml-v2.2/V2.2b/half-month/GPP/PML-V2.2b_GPP_2014.nc" [1]
2026-10-04 01:01:25 URL: ftp://ftp3.tpdc.ac.cn:6201/PML/V2.2b/monthly/ET/PML-V2.2b_ET_1982.nc [29652711] -> "/glade/derecho/scratch/bbuchovecky/pml-v2.2/V2.2b/monthly/ET/PML-V2.2b_ET_1982.nc" [1]
2026-10-04 01:03:06 URL: ftp://ftp2.tpdc.ac.cn:6201/PML/V2.2b/monthly/ET/PML-V2.2b_ET_1983.nc [28714920] -> "/glade/derecho/scratch/bbuchovecky/pml-v2.2/V2.2b/monthly/ET/PML-V2.2b_ET_1983.nc" [1]
2026-10-04 01:03:51 URL: ftp://ftp3.tpdc.ac.cn:6201/PML/V2.2b/half-month/GPP/PML-V2.2b_GPP_2015.nc [52893968] -> "/glade/derecho/scratch/bbuchovecky/pml-v2.2/V2.2b/half-month/GPP/PML-V2.2b_GPP_2015.nc" [1]
2026-10-04 01:05:13 URL: ftp://ftp2.tpdc.ac.cn:6201/PML/V2.2b/half-month/GPP/PML-V2.2b_GPP_2016.nc [53094625] -> "/glade/derecho/scratch/bbuchovecky/pml-v2.2/V2.2b/half-month/GPP/PML-V2.2b_GPP_2016.nc" [1]
2026-10-04 01:08:40 URL: ftp://ftp3.tpdc.ac.cn:6201/PML/V2.2b/half-month/GPP/PML-V2.2b_GPP_2019.nc [52958335] -> "/glade/derecho/scratch/bbuchovecky/pml-v2.2/V2.2b/half-month/GPP/PML-V2.2b_GPP_2019.nc" [1]
2026-10-04 01:08:46 URL: ftp://ftp3.tpdc.ac.cn:6201/PML/V2.2b/half-month/GPP/PML-V2.2b_GPP_2017.nc [53004298] -> "/glade/derecho/scratch/bbuchovecky/pml-v2.2/V2.2b/half-month/GPP/PML-V2.2b_GPP_2017.nc" [1]
2026-10-04 01:09:10 URL: ftp://ftp2.tpdc.ac.cn:6201/PML/V2.2b/half-month/GPP/PML-V2.2b_GPP_2018.nc [52740725] -> "/glade/derecho/scratch/bbuchovecky/pml-v2.2/V2.2b/half-month/GPP/PML-V2.2b_GPP_2018.nc" [1]
2026-10-04 01:12:19 URL: ftp://ftp2.tpdc.ac.cn:6201/PML/V2.2b/half-month/GPP/PML-V2.2b_GPP_2020.nc [53249837] -> "/glade/derecho/scratch/bbuchovecky/pml-v2.2/V2.2b/half-month/GPP/PML-V2.2b_GPP_2020.nc" [1]
2026-10-04 01:18:37 URL: ftp://ftp3.tpdc.ac.cn:6201/PML/V2.2b/monthly/ET/PML-V2.2b_ET_1984.nc [28395315] -> "/glade/derecho/scratch/bbuchovecky/pml-v2.2/V2.2b/monthly/ET/PML-V2.2b_ET_1984.nc" [1]
2026-10-04 01:20:47 URL: ftp://ftp2.tpdc.ac.cn:6201/PML/V2.2b/monthly/ET/PML-V2.2b_ET_1985.nc [28692541] -> "/glade/derecho/scratch/bbuchovecky/pml-v2.2/V2.2b/monthly/ET/PML-V2.2b_ET_1985.nc" [1]
2026-10-04 01:21:15 URL: ftp://ftp3.tpdc.ac.cn:6201/PML/V2.2b/monthly/ET/PML-V2.2b_ET_1986.nc [28726958] -> "/glade/derecho/scratch/bbuchovecky/pml-v2.2/V2.2b/monthly/ET/PML-V2.2b_ET_1986.nc" [1]
2026-10-04 01:22:37 URL: ftp://ftp2.tpdc.ac.cn:6201/PML/V2.2b/monthly/ET/PML-V2.2b_ET_1987.nc [28772482] -> "/glade/derecho/scratch/bbuchovecky/pml-v2.2/V2.2b/monthly/ET/PML-V2.2b_ET_1987.nc" [1]
2026-10-04 01:26:11 URL: ftp://ftp3.tpdc.ac.cn:6201/PML/V2.2b/monthly/ET/PML-V2.2b_ET_1990.nc [28752966] -> "/glade/derecho/scratch/bbuchovecky/pml-v2.2/V2.2b/monthly/ET/PML-V2.2b_ET_1990.nc" [1]
2026-10-04 01:26:32 URL: ftp://ftp3.tpdc.ac.cn:6201/PML/V2.2b/monthly/ET/PML-V2.2b_ET_1988.nc [28834977] -> "/glade/derecho/scratch/bbuchovecky/pml-v2.2/V2.2b/monthly/ET/PML-V2.2b_ET_1988.nc" [1]
2026-10-04 01:26:50 URL: ftp://ftp2.tpdc.ac.cn:6201/PML/V2.2b/monthly/ET/PML-V2.2b_ET_1989.nc [28973944] -> "/glade/derecho/scratch/bbuchovecky/pml-v2.2/V2.2b/monthly/ET/PML-V2.2b_ET_1989.nc" [1]
2026-10-04 01:30:08 URL: ftp://ftp2.tpdc.ac.cn:6201/PML/V2.2b/monthly/ET/PML-V2.2b_ET_1991.nc [28862706] -> "/glade/derecho/scratch/bbuchovecky/pml-v2.2/V2.2b/monthly/ET/PML-V2.2b_ET_1991.nc" [1]
2026-10-04 01:37:37 URL: ftp://ftp3.tpdc.ac.cn:6201/PML/V2.2b/monthly/ET/PML-V2.2b_ET_1992.nc [29281306] -> "/glade/derecho/scratch/bbuchovecky/pml-v2.2/V2.2b/monthly/ET/PML-V2.2b_ET_1992.nc" [1]
2026-10-04 01:39:29 URL: ftp://ftp2.tpdc.ac.cn:6201/PML/V2.2b/monthly/ET/PML-V2.2b_ET_1993.nc [28790034] -> "/glade/derecho/scratch/bbuchovecky/pml-v2.2/V2.2b/monthly/ET/PML-V2.2b_ET_1993.nc" [1]
2026-10-04 01:40:26 URL: ftp://ftp3.tpdc.ac.cn:6201/PML/V2.2b/monthly/ET/PML-V2.2b_ET_1994.nc [28886760] -> "/glade/derecho/scratch/bbuchovecky/pml-v2.2/V2.2b/monthly/ET/PML-V2.2b_ET_1994.nc" [1]
2026-10-04 01:41:38 URL: ftp://ftp2.tpdc.ac.cn:6201/PML/V2.2b/monthly/ET/PML-V2.2b_ET_1995.nc [28953271] -> "/glade/derecho/scratch/bbuchovecky/pml-v2.2/V2.2b/monthly/ET/PML-V2.2b_ET_1995.nc" [1]
2026-10-04 01:45:29 URL: ftp://ftp3.tpdc.ac.cn:6201/PML/V2.2b/monthly/ET/PML-V2.2b_ET_1996.nc [28663997] -> "/glade/derecho/scratch/bbuchovecky/pml-v2.2/V2.2b/monthly/ET/PML-V2.2b_ET_1996.nc" [1]
2026-10-04 01:45:59 URL: ftp://ftp3.tpdc.ac.cn:6201/PML/V2.2b/monthly/ET/PML-V2.2b_ET_1998.nc [28847246] -> "/glade/derecho/scratch/bbuchovecky/pml-v2.2/V2.2b/monthly/ET/PML-V2.2b_ET_1998.nc" [1]
2026-10-04 01:46:49 URL: ftp://ftp2.tpdc.ac.cn:6201/PML/V2.2b/monthly/ET/PML-V2.2b_ET_1997.nc [28971515] -> "/glade/derecho/scratch/bbuchovecky/pml-v2.2/V2.2b/monthly/ET/PML-V2.2b_ET_1997.nc" [1]
2026-10-04 01:49:40 URL: ftp://ftp2.tpdc.ac.cn:6201/PML/V2.2b/monthly/ET/PML-V2.2b_ET_1999.nc [28615287] -> "/glade/derecho/scratch/bbuchovecky/pml-v2.2/V2.2b/monthly/ET/PML-V2.2b_ET_1999.nc" [1]
2026-10-04 01:55:43 URL: ftp://ftp3.tpdc.ac.cn:6201/PML/V2.2b/monthly/ET/PML-V2.2b_ET_2000.nc [28335286] -> "/glade/derecho/scratch/bbuchovecky/pml-v2.2/V2.2b/monthly/ET/PML-V2.2b_ET_2000.nc" [1]
2026-10-04 01:58:23 URL: ftp://ftp3.tpdc.ac.cn:6201/PML/V2.2b/monthly/ET/PML-V2.2b_ET_2002.nc [28406408] -> "/glade/derecho/scratch/bbuchovecky/pml-v2.2/V2.2b/monthly/ET/PML-V2.2b_ET_2002.nc" [1]
2026-10-04 01:58:38 URL: ftp://ftp2.tpdc.ac.cn:6201/PML/V2.2b/monthly/ET/PML-V2.2b_ET_2001.nc [28981737] -> "/glade/derecho/scratch/bbuchovecky/pml-v2.2/V2.2b/monthly/ET/PML-V2.2b_ET_2001.nc" [1]
2026-10-04 01:59:44 URL: ftp://ftp2.tpdc.ac.cn:6201/PML/V2.2b/monthly/ET/PML-V2.2b_ET_2003.nc [28491952] -> "/glade/derecho/scratch/bbuchovecky/pml-v2.2/V2.2b/monthly/ET/PML-V2.2b_ET_2003.nc" [1]
2026-10-04 02:03:35 URL: ftp://ftp3.tpdc.ac.cn:6201/PML/V2.2b/monthly/ET/PML-V2.2b_ET_2004.nc [28495476] -> "/glade/derecho/scratch/bbuchovecky/pml-v2.2/V2.2b/monthly/ET/PML-V2.2b_ET_2004.nc" [1]
2026-10-04 02:05:06 URL: ftp://ftp3.tpdc.ac.cn:6201/PML/V2.2b/monthly/ET/PML-V2.2b_ET_2006.nc [28683565] -> "/glade/derecho/scratch/bbuchovecky/pml-v2.2/V2.2b/monthly/ET/PML-V2.2b_ET_2006.nc" [1]
2026-10-04 02:05:15 URL: ftp://ftp2.tpdc.ac.cn:6201/PML/V2.2b/monthly/ET/PML-V2.2b_ET_2005.nc [28650853] -> "/glade/derecho/scratch/bbuchovecky/pml-v2.2/V2.2b/monthly/ET/PML-V2.2b_ET_2005.nc" [1]
2026-10-04 02:06:51 URL: ftp://ftp2.tpdc.ac.cn:6201/PML/V2.2b/monthly/ET/PML-V2.2b_ET_2007.nc [28477979] -> "/glade/derecho/scratch/bbuchovecky/pml-v2.2/V2.2b/monthly/ET/PML-V2.2b_ET_2007.nc" [1]
2026-10-04 02:10:13 URL: ftp://ftp3.tpdc.ac.cn:6201/PML/V2.2b/monthly/ET/PML-V2.2b_ET_2008.nc [28409446] -> "/glade/derecho/scratch/bbuchovecky/pml-v2.2/V2.2b/monthly/ET/PML-V2.2b_ET_2008.nc" [1]
2026-10-04 02:10:41 URL: ftp://ftp2.tpdc.ac.cn:6201/PML/V2.2b/monthly/ET/PML-V2.2b_ET_2009.nc [28714475] -> "/glade/derecho/scratch/bbuchovecky/pml-v2.2/V2.2b/monthly/ET/PML-V2.2b_ET_2009.nc" [1]
2026-10-04 02:10:49 URL: ftp://ftp3.tpdc.ac.cn:6201/PML/V2.2b/monthly/ET/PML-V2.2b_ET_2012.nc [28660790] -> "/glade/derecho/scratch/bbuchovecky/pml-v2.2/V2.2b/monthly/ET/PML-V2.2b_ET_2012.nc" [1]
2026-10-04 02:11:01 URL: ftp://ftp3.tpdc.ac.cn:6201/PML/V2.2b/monthly/ET/PML-V2.2b_ET_2010.nc [28572381] -> "/glade/derecho/scratch/bbuchovecky/pml-v2.2/V2.2b/monthly/ET/PML-V2.2b_ET_2010.nc" [1]
2026-10-04 02:12:15 URL: ftp://ftp2.tpdc.ac.cn:6201/PML/V2.2b/monthly/ET/PML-V2.2b_ET_2011.nc [30867251] -> "/glade/derecho/scratch/bbuchovecky/pml-v2.2/V2.2b/monthly/ET/PML-V2.2b_ET_2011.nc" [1]
2026-10-04 02:13:30 URL: ftp://ftp2.tpdc.ac.cn:6201/PML/V2.2b/monthly/ET/PML-V2.2b_ET_2013.nc [28590225] -> "/glade/derecho/scratch/bbuchovecky/pml-v2.2/V2.2b/monthly/ET/PML-V2.2b_ET_2013.nc" [1]
2026-10-04 02:13:33 URL: ftp://ftp2.tpdc.ac.cn:6201/PML/V2.2b/monthly/ET/PML-V2.2b_ET_2015.nc [28928576] -> "/glade/derecho/scratch/bbuchovecky/pml-v2.2/V2.2b/monthly/ET/PML-V2.2b_ET_2015.nc" [1]
2026-10-04 02:15:01 URL: ftp://ftp3.tpdc.ac.cn:6201/PML/V2.2b/monthly/ET/PML-V2.2b_ET_2014.nc [28671330] -> "/glade/derecho/scratch/bbuchovecky/pml-v2.2/V2.2b/monthly/ET/PML-V2.2b_ET_2014.nc" [1]
2026-10-04 02:22:12 URL: ftp://ftp3.tpdc.ac.cn:6201/PML/V2.2b/monthly/ET/PML-V2.2b_ET_2016.nc [28886067] -> "/glade/derecho/scratch/bbuchovecky/pml-v2.2/V2.2b/monthly/ET/PML-V2.2b_ET_2016.nc" [1]
2026-10-04 02:22:13 URL: ftp://ftp2.tpdc.ac.cn:6201/PML/V2.2b/monthly/ET/PML-V2.2b_ET_2019.nc [28918867] -> "/glade/derecho/scratch/bbuchovecky/pml-v2.2/V2.2b/monthly/ET/PML-V2.2b_ET_2019.nc" [1]
2026-10-04 02:23:43 URL: ftp://ftp2.tpdc.ac.cn:6201/PML/V2.2b/monthly/ET/PML-V2.2b_ET_2017.nc [28740252] -> "/glade/derecho/scratch/bbuchovecky/pml-v2.2/V2.2b/monthly/ET/PML-V2.2b_ET_2017.nc" [1]
2026-10-04 02:25:20 URL: ftp://ftp3.tpdc.ac.cn:6201/PML/V2.2b/monthly/ET/PML-V2.2b_ET_2020.nc [28878418] -> "/glade/derecho/scratch/bbuchovecky/pml-v2.2/V2.2b/monthly/ET/PML-V2.2b_ET_2020.nc" [1]
2026-10-04 02:25:42 URL: ftp://ftp3.tpdc.ac.cn:6201/PML/V2.2b/monthly/ET/PML-V2.2b_ET_2018.nc [28941193] -> "/glade/derecho/scratch/bbuchovecky/pml-v2.2/V2.2b/monthly/ET/PML-V2.2b_ET_2018.nc" [1]
2026-10-04 02:27:55 URL: ftp://ftp3.tpdc.ac.cn:6201/PML/V2.2b/monthly/Ec/PML-V2.2b_Ec_1983.nc [22422102] -> "/glade/derecho/scratch/bbuchovecky/pml-v2.2/V2.2b/monthly/Ec/PML-V2.2b_Ec_1983.nc" [1]
2026-10-04 02:28:56 URL: ftp://ftp2.tpdc.ac.cn:6201/PML/V2.2b/monthly/Ec/PML-V2.2b_Ec_1982.nc [22352080] -> "/glade/derecho/scratch/bbuchovecky/pml-v2.2/V2.2b/monthly/Ec/PML-V2.2b_Ec_1982.nc" [1]
2026-10-04 02:29:45 URL: ftp://ftp2.tpdc.ac.cn:6201/PML/V2.2b/monthly/Ec/PML-V2.2b_Ec_1984.nc [22286011] -> "/glade/derecho/scratch/bbuchovecky/pml-v2.2/V2.2b/monthly/Ec/PML-V2.2b_Ec_1984.nc" [1]
2026-10-04 02:36:22 URL: ftp://ftp2.tpdc.ac.cn:6201/PML/V2.2b/monthly/Ec/PML-V2.2b_Ec_1986.nc [22332955] -> "/glade/derecho/scratch/bbuchovecky/pml-v2.2/V2.2b/monthly/Ec/PML-V2.2b_Ec_1986.nc" [1]
2026-10-04 02:36:58 URL: ftp://ftp3.tpdc.ac.cn:6201/PML/V2.2b/monthly/Ec/PML-V2.2b_Ec_1985.nc [22228029] -> "/glade/derecho/scratch/bbuchovecky/pml-v2.2/V2.2b/monthly/Ec/PML-V2.2b_Ec_1985.nc" [1]
2026-10-04 02:38:13 URL: ftp://ftp3.tpdc.ac.cn:6201/PML/V2.2b/monthly/Ec/PML-V2.2b_Ec_1987.nc [22366940] -> "/glade/derecho/scratch/bbuchovecky/pml-v2.2/V2.2b/monthly/Ec/PML-V2.2b_Ec_1987.nc" [1]
2026-10-04 02:39:14 URL: ftp://ftp2.tpdc.ac.cn:6201/PML/V2.2b/monthly/Ec/PML-V2.2b_Ec_1988.nc [22485221] -> "/glade/derecho/scratch/bbuchovecky/pml-v2.2/V2.2b/monthly/Ec/PML-V2.2b_Ec_1988.nc" [1]
2026-10-04 02:41:00 URL: ftp://ftp3.tpdc.ac.cn:6201/PML/V2.2b/monthly/Ec/PML-V2.2b_Ec_1989.nc [22471378] -> "/glade/derecho/scratch/bbuchovecky/pml-v2.2/V2.2b/monthly/Ec/PML-V2.2b_Ec_1989.nc" [1]
2026-10-04 02:43:41 URL: ftp://ftp2.tpdc.ac.cn:6201/PML/V2.2b/monthly/Ec/PML-V2.2b_Ec_1990.nc [22563430] -> "/glade/derecho/scratch/bbuchovecky/pml-v2.2/V2.2b/monthly/Ec/PML-V2.2b_Ec_1990.nc" [1]
2026-10-04 02:43:50 URL: ftp://ftp2.tpdc.ac.cn:6201/PML/V2.2b/monthly/Ec/PML-V2.2b_Ec_1992.nc [22209367] -> "/glade/derecho/scratch/bbuchovecky/pml-v2.2/V2.2b/monthly/Ec/PML-V2.2b_Ec_1992.nc" [1]
2026-10-04 02:43:57 URL: ftp://ftp3.tpdc.ac.cn:6201/PML/V2.2b/monthly/Ec/PML-V2.2b_Ec_1991.nc [22454343] -> "/glade/derecho/scratch/bbuchovecky/pml-v2.2/V2.2b/monthly/Ec/PML-V2.2b_Ec_1991.nc" [1]
2026-10-04 02:50:52 URL: ftp://ftp3.tpdc.ac.cn:6201/PML/V2.2b/monthly/Ec/PML-V2.2b_Ec_1993.nc [22284610] -> "/glade/derecho/scratch/bbuchovecky/pml-v2.2/V2.2b/monthly/Ec/PML-V2.2b_Ec_1993.nc" [1]
2026-10-04 02:52:06 URL: ftp://ftp2.tpdc.ac.cn:6201/PML/V2.2b/monthly/Ec/PML-V2.2b_Ec_1994.nc [22408039] -> "/glade/derecho/scratch/bbuchovecky/pml-v2.2/V2.2b/monthly/Ec/PML-V2.2b_Ec_1994.nc" [1]
2026-10-04 02:53:35 URL: ftp://ftp3.tpdc.ac.cn:6201/PML/V2.2b/monthly/Ec/PML-V2.2b_Ec_1995.nc [22577108] -> "/glade/derecho/scratch/bbuchovecky/pml-v2.2/V2.2b/monthly/Ec/PML-V2.2b_Ec_1995.nc" [1]
2026-10-04 02:54:21 URL: ftp://ftp2.tpdc.ac.cn:6201/PML/V2.2b/monthly/Ec/PML-V2.2b_Ec_1996.nc [22195120] -> "/glade/derecho/scratch/bbuchovecky/pml-v2.2/V2.2b/monthly/Ec/PML-V2.2b_Ec_1996.nc" [1]
2026-10-04 02:57:02 URL: ftp://ftp3.tpdc.ac.cn:6201/PML/V2.2b/monthly/Ec/PML-V2.2b_Ec_1997.nc [22482693] -> "/glade/derecho/scratch/bbuchovecky/pml-v2.2/V2.2b/monthly/Ec/PML-V2.2b_Ec_1997.nc" [1]
2026-10-04 02:58:20 URL: ftp://ftp2.tpdc.ac.cn:6201/PML/V2.2b/monthly/Ec/PML-V2.2b_Ec_1998.nc [22402657] -> "/glade/derecho/scratch/bbuchovecky/pml-v2.2/V2.2b/monthly/Ec/PML-V2.2b_Ec_1998.nc" [1]
2026-10-04 02:59:17 URL: ftp://ftp2.tpdc.ac.cn:6201/PML/V2.2b/monthly/Ec/PML-V2.2b_Ec_2000.nc [22324622] -> "/glade/derecho/scratch/bbuchovecky/pml-v2.2/V2.2b/monthly/Ec/PML-V2.2b_Ec_2000.nc" [1]
2026-10-04 02:59:21 URL: ftp://ftp3.tpdc.ac.cn:6201/PML/V2.2b/monthly/Ec/PML-V2.2b_Ec_1999.nc [22427468] -> "/glade/derecho/scratch/bbuchovecky/pml-v2.2/V2.2b/monthly/Ec/PML-V2.2b_Ec_1999.nc" [1]
2026-10-04 03:05:39 URL: ftp://ftp3.tpdc.ac.cn:6201/PML/V2.2b/monthly/Ec/PML-V2.2b_Ec_2001.nc [22347397] -> "/glade/derecho/scratch/bbuchovecky/pml-v2.2/V2.2b/monthly/Ec/PML-V2.2b_Ec_2001.nc" [1]
2026-10-04 03:07:16 URL: ftp://ftp2.tpdc.ac.cn:6201/PML/V2.2b/monthly/Ec/PML-V2.2b_Ec_2002.nc [22349061] -> "/glade/derecho/scratch/bbuchovecky/pml-v2.2/V2.2b/monthly/Ec/PML-V2.2b_Ec_2002.nc" [1]
2026-10-04 03:07:28 URL: ftp://ftp3.tpdc.ac.cn:6201/PML/V2.2b/monthly/Ec/PML-V2.2b_Ec_2003.nc [22309344] -> "/glade/derecho/scratch/bbuchovecky/pml-v2.2/V2.2b/monthly/Ec/PML-V2.2b_Ec_2003.nc" [1]
2026-10-04 03:08:15 URL: ftp://ftp2.tpdc.ac.cn:6201/PML/V2.2b/monthly/Ec/PML-V2.2b_Ec_2004.nc [22434521] -> "/glade/derecho/scratch/bbuchovecky/pml-v2.2/V2.2b/monthly/Ec/PML-V2.2b_Ec_2004.nc" [1]
2026-10-04 03:10:23 URL: ftp://ftp3.tpdc.ac.cn:6201/PML/V2.2b/monthly/Ec/PML-V2.2b_Ec_2005.nc [22584773] -> "/glade/derecho/scratch/bbuchovecky/pml-v2.2/V2.2b/monthly/Ec/PML-V2.2b_Ec_2005.nc" [1]
2026-10-04 03:10:47 URL: ftp://ftp3.tpdc.ac.cn:6201/PML/V2.2b/monthly/Ec/PML-V2.2b_Ec_2007.nc [22695092] -> "/glade/derecho/scratch/bbuchovecky/pml-v2.2/V2.2b/monthly/Ec/PML-V2.2b_Ec_2007.nc" [1]
2026-10-04 03:10:49 URL: ftp://ftp2.tpdc.ac.cn:6201/PML/V2.2b/monthly/Ec/PML-V2.2b_Ec_2006.nc [22590320] -> "/glade/derecho/scratch/bbuchovecky/pml-v2.2/V2.2b/monthly/Ec/PML-V2.2b_Ec_2006.nc" [1]
2026-10-04 03:11:00 URL: ftp://ftp2.tpdc.ac.cn:6201/PML/V2.2b/monthly/Ec/PML-V2.2b_Ec_2008.nc [22485552] -> "/glade/derecho/scratch/bbuchovecky/pml-v2.2/V2.2b/monthly/Ec/PML-V2.2b_Ec_2008.nc" [1]
2026-10-04 03:14:03 URL: ftp://ftp3.tpdc.ac.cn:6201/PML/V2.2b/monthly/Ec/PML-V2.2b_Ec_2009.nc [22408805] -> "/glade/derecho/scratch/bbuchovecky/pml-v2.2/V2.2b/monthly/Ec/PML-V2.2b_Ec_2009.nc" [1]
2026-10-04 03:15:09 URL: ftp://ftp2.tpdc.ac.cn:6201/PML/V2.2b/monthly/Ec/PML-V2.2b_Ec_2012.nc [22686442] -> "/glade/derecho/scratch/bbuchovecky/pml-v2.2/V2.2b/monthly/Ec/PML-V2.2b_Ec_2012.nc" [1]
2026-10-04 03:15:18 URL: ftp://ftp2.tpdc.ac.cn:6201/PML/V2.2b/monthly/Ec/PML-V2.2b_Ec_2010.nc [22592561] -> "/glade/derecho/scratch/bbuchovecky/pml-v2.2/V2.2b/monthly/Ec/PML-V2.2b_Ec_2010.nc" [1]
2026-10-04 03:16:46 URL: ftp://ftp3.tpdc.ac.cn:6201/PML/V2.2b/monthly/Ec/PML-V2.2b_Ec_2011.nc [22696229] -> "/glade/derecho/scratch/bbuchovecky/pml-v2.2/V2.2b/monthly/Ec/PML-V2.2b_Ec_2011.nc" [1]
2026-10-04 03:17:46 URL: ftp://ftp3.tpdc.ac.cn:6201/PML/V2.2b/monthly/Ec/PML-V2.2b_Ec_2013.nc [22556970] -> "/glade/derecho/scratch/bbuchovecky/pml-v2.2/V2.2b/monthly/Ec/PML-V2.2b_Ec_2013.nc" [1]
2026-10-04 03:20:35 URL: ftp://ftp2.tpdc.ac.cn:6201/PML/V2.2b/monthly/Ec/PML-V2.2b_Ec_2014.nc [22674757] -> "/glade/derecho/scratch/bbuchovecky/pml-v2.2/V2.2b/monthly/Ec/PML-V2.2b_Ec_2014.nc" [1]
2026-10-04 03:20:54 URL: ftp://ftp3.tpdc.ac.cn:6201/PML/V2.2b/monthly/Ec/PML-V2.2b_Ec_2015.nc [22789103] -> "/glade/derecho/scratch/bbuchovecky/pml-v2.2/V2.2b/monthly/Ec/PML-V2.2b_Ec_2015.nc" [1]
2026-10-04 03:21:36 URL: ftp://ftp2.tpdc.ac.cn:6201/PML/V2.2b/monthly/Ec/PML-V2.2b_Ec_2016.nc [22889494] -> "/glade/derecho/scratch/bbuchovecky/pml-v2.2/V2.2b/monthly/Ec/PML-V2.2b_Ec_2016.nc" [1]
2026-10-04 03:26:59 URL: ftp://ftp3.tpdc.ac.cn:6201/PML/V2.2b/monthly/Ec/PML-V2.2b_Ec_2017.nc [22722041] -> "/glade/derecho/scratch/bbuchovecky/pml-v2.2/V2.2b/monthly/Ec/PML-V2.2b_Ec_2017.nc" [1]
2026-10-04 03:27:44 URL: ftp://ftp3.tpdc.ac.cn:6201/PML/V2.2b/monthly/Ec/PML-V2.2b_Ec_2019.nc [22695195] -> "/glade/derecho/scratch/bbuchovecky/pml-v2.2/V2.2b/monthly/Ec/PML-V2.2b_Ec_2019.nc" [1]
2026-10-04 03:27:51 URL: ftp://ftp2.tpdc.ac.cn:6201/PML/V2.2b/monthly/Ec/PML-V2.2b_Ec_2018.nc [22580457] -> "/glade/derecho/scratch/bbuchovecky/pml-v2.2/V2.2b/monthly/Ec/PML-V2.2b_Ec_2018.nc" [1]
2026-10-04 03:30:23 URL: ftp://ftp2.tpdc.ac.cn:6201/PML/V2.2b/monthly/Ec/PML-V2.2b_Ec_2020.nc [22991414] -> "/glade/derecho/scratch/bbuchovecky/pml-v2.2/V2.2b/monthly/Ec/PML-V2.2b_Ec_2020.nc" [1]
2026-10-04 03:32:14 URL: ftp://ftp3.tpdc.ac.cn:6201/PML/V2.2b/monthly/Es/PML-V2.2b_Es_1982.nc [24736066] -> "/glade/derecho/scratch/bbuchovecky/pml-v2.2/V2.2b/monthly/Es/PML-V2.2b_Es_1982.nc" [1]
2026-10-04 03:34:38 URL: ftp://ftp2.tpdc.ac.cn:6201/PML/V2.2b/monthly/Es/PML-V2.2b_Es_1983.nc [24470839] -> "/glade/derecho/scratch/bbuchovecky/pml-v2.2/V2.2b/monthly/Es/PML-V2.2b_Es_1983.nc" [1]
2026-10-04 03:35:54 URL: ftp://ftp3.tpdc.ac.cn:6201/PML/V2.2b/monthly/Es/PML-V2.2b_Es_1984.nc [24298325] -> "/glade/derecho/scratch/bbuchovecky/pml-v2.2/V2.2b/monthly/Es/PML-V2.2b_Es_1984.nc" [1]
2026-10-04 03:36:35 URL: ftp://ftp2.tpdc.ac.cn:6201/PML/V2.2b/monthly/Es/PML-V2.2b_Es_1985.nc [24587907] -> "/glade/derecho/scratch/bbuchovecky/pml-v2.2/V2.2b/monthly/Es/PML-V2.2b_Es_1985.nc" [1]
2026-10-04 03:43:10 URL: ftp://ftp3.tpdc.ac.cn:6201/PML/V2.2b/monthly/Es/PML-V2.2b_Es_1986.nc [24523542] -> "/glade/derecho/scratch/bbuchovecky/pml-v2.2/V2.2b/monthly/Es/PML-V2.2b_Es_1986.nc" [1]
2026-10-04 03:44:16 URL: ftp://ftp3.tpdc.ac.cn:6201/PML/V2.2b/monthly/Es/PML-V2.2b_Es_1988.nc [24563278] -> "/glade/derecho/scratch/bbuchovecky/pml-v2.2/V2.2b/monthly/Es/PML-V2.2b_Es_1988.nc" [1]
2026-10-04 03:44:18 URL: ftp://ftp2.tpdc.ac.cn:6201/PML/V2.2b/monthly/Es/PML-V2.2b_Es_1987.nc [24516075] -> "/glade/derecho/scratch/bbuchovecky/pml-v2.2/V2.2b/monthly/Es/PML-V2.2b_Es_1987.nc" [1]
2026-10-04 03:47:40 URL: ftp://ftp2.tpdc.ac.cn:6201/PML/V2.2b/monthly/Es/PML-V2.2b_Es_1989.nc [24740534] -> "/glade/derecho/scratch/bbuchovecky/pml-v2.2/V2.2b/monthly/Es/PML-V2.2b_Es_1989.nc" [1]
2026-10-04 03:48:32 URL: ftp://ftp3.tpdc.ac.cn:6201/PML/V2.2b/monthly/Es/PML-V2.2b_Es_1990.nc [24558066] -> "/glade/derecho/scratch/bbuchovecky/pml-v2.2/V2.2b/monthly/Es/PML-V2.2b_Es_1990.nc" [1]
2026-10-04 03:50:39 URL: ftp://ftp2.tpdc.ac.cn:6201/PML/V2.2b/monthly/Es/PML-V2.2b_Es_1991.nc [24580911] -> "/glade/derecho/scratch/bbuchovecky/pml-v2.2/V2.2b/monthly/Es/PML-V2.2b_Es_1991.nc" [1]
2026-10-04 03:52:00 URL: ftp://ftp3.tpdc.ac.cn:6201/PML/V2.2b/monthly/Es/PML-V2.2b_Es_1992.nc [24644776] -> "/glade/derecho/scratch/bbuchovecky/pml-v2.2/V2.2b/monthly/Es/PML-V2.2b_Es_1992.nc" [1]
2026-10-04 03:53:23 URL: ftp://ftp2.tpdc.ac.cn:6201/PML/V2.2b/monthly/Es/PML-V2.2b_Es_1993.nc [24764320] -> "/glade/derecho/scratch/bbuchovecky/pml-v2.2/V2.2b/monthly/Es/PML-V2.2b_Es_1993.nc" [1]
2026-10-04 03:58:49 URL: ftp://ftp3.tpdc.ac.cn:6201/PML/V2.2b/monthly/Es/PML-V2.2b_Es_1994.nc [24481649] -> "/glade/derecho/scratch/bbuchovecky/pml-v2.2/V2.2b/monthly/Es/PML-V2.2b_Es_1994.nc" [1]
2026-10-04 03:59:49 URL: ftp://ftp3.tpdc.ac.cn:6201/PML/V2.2b/monthly/Es/PML-V2.2b_Es_1996.nc [24409911] -> "/glade/derecho/scratch/bbuchovecky/pml-v2.2/V2.2b/monthly/Es/PML-V2.2b_Es_1996.nc" [1]
2026-10-04 04:00:30 URL: ftp://ftp2.tpdc.ac.cn:6201/PML/V2.2b/monthly/Es/PML-V2.2b_Es_1995.nc [24621435] -> "/glade/derecho/scratch/bbuchovecky/pml-v2.2/V2.2b/monthly/Es/PML-V2.2b_Es_1995.nc" [1]
2026-10-04 04:03:44 URL: ftp://ftp3.tpdc.ac.cn:6201/PML/V2.2b/monthly/Es/PML-V2.2b_Es_1998.nc [24543355] -> "/glade/derecho/scratch/bbuchovecky/pml-v2.2/V2.2b/monthly/Es/PML-V2.2b_Es_1998.nc" [1]
2026-10-04 04:04:17 URL: ftp://ftp2.tpdc.ac.cn:6201/PML/V2.2b/monthly/Es/PML-V2.2b_Es_1997.nc [24808680] -> "/glade/derecho/scratch/bbuchovecky/pml-v2.2/V2.2b/monthly/Es/PML-V2.2b_Es_1997.nc" [1]
2026-10-04 04:06:50 URL: ftp://ftp2.tpdc.ac.cn:6201/PML/V2.2b/monthly/Es/PML-V2.2b_Es_1999.nc [24218298] -> "/glade/derecho/scratch/bbuchovecky/pml-v2.2/V2.2b/monthly/Es/PML-V2.2b_Es_1999.nc" [1]
2026-10-04 04:06:56 URL: ftp://ftp3.tpdc.ac.cn:6201/PML/V2.2b/monthly/Es/PML-V2.2b_Es_2000.nc [24181727] -> "/glade/derecho/scratch/bbuchovecky/pml-v2.2/V2.2b/monthly/Es/PML-V2.2b_Es_2000.nc" [1]
2026-10-04 04:09:39 URL: ftp://ftp2.tpdc.ac.cn:6201/PML/V2.2b/monthly/Es/PML-V2.2b_Es_2001.nc [24135091] -> "/glade/derecho/scratch/bbuchovecky/pml-v2.2/V2.2b/monthly/Es/PML-V2.2b_Es_2001.nc" [1]
2026-10-04 04:14:20 URL: ftp://ftp3.tpdc.ac.cn:6201/PML/V2.2b/monthly/Es/PML-V2.2b_Es_2002.nc [24250086] -> "/glade/derecho/scratch/bbuchovecky/pml-v2.2/V2.2b/monthly/Es/PML-V2.2b_Es_2002.nc" [1]
2026-10-04 04:14:40 URL: ftp://ftp2.tpdc.ac.cn:6201/PML/V2.2b/monthly/Es/PML-V2.2b_Es_2003.nc [24433768] -> "/glade/derecho/scratch/bbuchovecky/pml-v2.2/V2.2b/monthly/Es/PML-V2.2b_Es_2003.nc" [1]
2026-10-04 04:16:24 URL: ftp://ftp3.tpdc.ac.cn:6201/PML/V2.2b/monthly/Es/PML-V2.2b_Es_2004.nc [24596192] -> "/glade/derecho/scratch/bbuchovecky/pml-v2.2/V2.2b/monthly/Es/PML-V2.2b_Es_2004.nc" [1]
2026-10-04 04:16:51 URL: ftp://ftp3.tpdc.ac.cn:6201/PML/V2.2b/monthly/Es/PML-V2.2b_Es_2006.nc [24682134] -> "/glade/derecho/scratch/bbuchovecky/pml-v2.2/V2.2b/monthly/Es/PML-V2.2b_Es_2006.nc" [1]
2026-10-04 04:17:24 URL: ftp://ftp2.tpdc.ac.cn:6201/PML/V2.2b/monthly/Es/PML-V2.2b_Es_2005.nc [24657588] -> "/glade/derecho/scratch/bbuchovecky/pml-v2.2/V2.2b/monthly/Es/PML-V2.2b_Es_2005.nc" [1]
2026-10-04 04:17:55 URL: ftp://ftp3.tpdc.ac.cn:6201/PML/V2.2b/monthly/Es/PML-V2.2b_Es_2008.nc [24361220] -> "/glade/derecho/scratch/bbuchovecky/pml-v2.2/V2.2b/monthly/Es/PML-V2.2b_Es_2008.nc" [1]
2026-10-04 04:18:35 URL: ftp://ftp2.tpdc.ac.cn:6201/PML/V2.2b/monthly/Es/PML-V2.2b_Es_2009.nc [24847226] -> "/glade/derecho/scratch/bbuchovecky/pml-v2.2/V2.2b/monthly/Es/PML-V2.2b_Es_2009.nc" [1]
2026-10-04 04:19:03 URL: ftp://ftp2.tpdc.ac.cn:6201/PML/V2.2b/monthly/Es/PML-V2.2b_Es_2007.nc [24360105] -> "/glade/derecho/scratch/bbuchovecky/pml-v2.2/V2.2b/monthly/Es/PML-V2.2b_Es_2007.nc" [1]
2026-10-04 04:22:38 URL: ftp://ftp2.tpdc.ac.cn:6201/PML/V2.2b/monthly/Es/PML-V2.2b_Es_2011.nc [24370319] -> "/glade/derecho/scratch/bbuchovecky/pml-v2.2/V2.2b/monthly/Es/PML-V2.2b_Es_2011.nc" [1]
2026-10-04 04:22:39 URL: ftp://ftp3.tpdc.ac.cn:6201/PML/V2.2b/monthly/Es/PML-V2.2b_Es_2010.nc [24669884] -> "/glade/derecho/scratch/bbuchovecky/pml-v2.2/V2.2b/monthly/Es/PML-V2.2b_Es_2010.nc" [1]
2026-10-04 04:23:51 URL: ftp://ftp3.tpdc.ac.cn:6201/PML/V2.2b/monthly/Es/PML-V2.2b_Es_2012.nc [24557098] -> "/glade/derecho/scratch/bbuchovecky/pml-v2.2/V2.2b/monthly/Es/PML-V2.2b_Es_2012.nc" [1]
2026-10-04 04:27:27 URL: ftp://ftp3.tpdc.ac.cn:6201/PML/V2.2b/monthly/Es/PML-V2.2b_Es_2014.nc [24723269] -> "/glade/derecho/scratch/bbuchovecky/pml-v2.2/V2.2b/monthly/Es/PML-V2.2b_Es_2014.nc" [1]
2026-10-04 04:28:12 URL: ftp://ftp2.tpdc.ac.cn:6201/PML/V2.2b/monthly/Es/PML-V2.2b_Es_2013.nc [24545925] -> "/glade/derecho/scratch/bbuchovecky/pml-v2.2/V2.2b/monthly/Es/PML-V2.2b_Es_2013.nc" [1]
2026-10-04 04:29:00 URL: ftp://ftp3.tpdc.ac.cn:6201/PML/V2.2b/monthly/Es/PML-V2.2b_Es_2016.nc [24856929] -> "/glade/derecho/scratch/bbuchovecky/pml-v2.2/V2.2b/monthly/Es/PML-V2.2b_Es_2016.nc" [1]
2026-10-04 04:30:03 URL: ftp://ftp2.tpdc.ac.cn:6201/PML/V2.2b/monthly/Es/PML-V2.2b_Es_2015.nc [24914943] -> "/glade/derecho/scratch/bbuchovecky/pml-v2.2/V2.2b/monthly/Es/PML-V2.2b_Es_2015.nc" [1]
2026-10-04 04:33:47 URL: ftp://ftp2.tpdc.ac.cn:6201/PML/V2.2b/monthly/Es/PML-V2.2b_Es_2017.nc [24534455] -> "/glade/derecho/scratch/bbuchovecky/pml-v2.2/V2.2b/monthly/Es/PML-V2.2b_Es_2017.nc" [1]
2026-10-04 04:38:03 URL: ftp://ftp2.tpdc.ac.cn:6201/PML/V2.2b/monthly/Ei/PML-V2.2b_Ei_1982.nc [16321483] -> "/glade/derecho/scratch/bbuchovecky/pml-v2.2/V2.2b/monthly/Ei/PML-V2.2b_Ei_1982.nc" [1]
2026-10-04 04:38:44 URL: ftp://ftp3.tpdc.ac.cn:6201/PML/V2.2b/monthly/Es/PML-V2.2b_Es_2018.nc [24904275] -> "/glade/derecho/scratch/bbuchovecky/pml-v2.2/V2.2b/monthly/Es/PML-V2.2b_Es_2018.nc" [1]
2026-10-04 04:38:57 URL: ftp://ftp2.tpdc.ac.cn:6201/PML/V2.2b/monthly/Es/PML-V2.2b_Es_2019.nc [24772588] -> "/glade/derecho/scratch/bbuchovecky/pml-v2.2/V2.2b/monthly/Es/PML-V2.2b_Es_2019.nc" [1]
2026-10-04 04:38:58 URL: ftp://ftp3.tpdc.ac.cn:6201/PML/V2.2b/monthly/Ei/PML-V2.2b_Ei_1983.nc [16285362] -> "/glade/derecho/scratch/bbuchovecky/pml-v2.2/V2.2b/monthly/Ei/PML-V2.2b_Ei_1983.nc" [1]
2026-10-04 04:39:42 URL: ftp://ftp2.tpdc.ac.cn:6201/PML/V2.2b/monthly/Ei/PML-V2.2b_Ei_1984.nc [16178122] -> "/glade/derecho/scratch/bbuchovecky/pml-v2.2/V2.2b/monthly/Ei/PML-V2.2b_Ei_1984.nc" [1]
2026-10-04 04:39:45 URL: ftp://ftp3.tpdc.ac.cn:6201/PML/V2.2b/monthly/Es/PML-V2.2b_Es_2020.nc [24581247] -> "/glade/derecho/scratch/bbuchovecky/pml-v2.2/V2.2b/monthly/Es/PML-V2.2b_Es_2020.nc" [1]
2026-10-04 04:40:18 URL: ftp://ftp3.tpdc.ac.cn:6201/PML/V2.2b/monthly/Ei/PML-V2.2b_Ei_1985.nc [16243216] -> "/glade/derecho/scratch/bbuchovecky/pml-v2.2/V2.2b/monthly/Ei/PML-V2.2b_Ei_1985.nc" [1]
2026-10-04 04:44:16 URL: ftp://ftp2.tpdc.ac.cn:6201/PML/V2.2b/monthly/Ei/PML-V2.2b_Ei_1986.nc [16206681] -> "/glade/derecho/scratch/bbuchovecky/pml-v2.2/V2.2b/monthly/Ei/PML-V2.2b_Ei_1986.nc" [1]
2026-10-04 04:48:15 URL: ftp://ftp3.tpdc.ac.cn:6201/PML/V2.2b/monthly/Ei/PML-V2.2b_Ei_1987.nc [16200638] -> "/glade/derecho/scratch/bbuchovecky/pml-v2.2/V2.2b/monthly/Ei/PML-V2.2b_Ei_1987.nc" [1]
2026-10-04 04:49:24 URL: ftp://ftp3.tpdc.ac.cn:6201/PML/V2.2b/monthly/Ei/PML-V2.2b_Ei_1989.nc [16355611] -> "/glade/derecho/scratch/bbuchovecky/pml-v2.2/V2.2b/monthly/Ei/PML-V2.2b_Ei_1989.nc" [1]
2026-10-04 04:49:49 URL: ftp://ftp2.tpdc.ac.cn:6201/PML/V2.2b/monthly/Ei/PML-V2.2b_Ei_1988.nc [16186734] -> "/glade/derecho/scratch/bbuchovecky/pml-v2.2/V2.2b/monthly/Ei/PML-V2.2b_Ei_1988.nc" [1]
2026-10-04 04:50:03 URL: ftp://ftp3.tpdc.ac.cn:6201/PML/V2.2b/monthly/Ei/PML-V2.2b_Ei_1991.nc [16186516] -> "/glade/derecho/scratch/bbuchovecky/pml-v2.2/V2.2b/monthly/Ei/PML-V2.2b_Ei_1991.nc" [1]
2026-10-04 04:50:16 URL: ftp://ftp2.tpdc.ac.cn:6201/PML/V2.2b/monthly/Ei/PML-V2.2b_Ei_1990.nc [16402191] -> "/glade/derecho/scratch/bbuchovecky/pml-v2.2/V2.2b/monthly/Ei/PML-V2.2b_Ei_1990.nc" [1]
2026-10-04 04:51:09 URL: ftp://ftp3.tpdc.ac.cn:6201/PML/V2.2b/monthly/Ei/PML-V2.2b_Ei_1993.nc [16308437] -> "/glade/derecho/scratch/bbuchovecky/pml-v2.2/V2.2b/monthly/Ei/PML-V2.2b_Ei_1993.nc" [1]
2026-10-04 04:51:27 URL: ftp://ftp2.tpdc.ac.cn:6201/PML/V2.2b/monthly/Ei/PML-V2.2b_Ei_1992.nc [16293176] -> "/glade/derecho/scratch/bbuchovecky/pml-v2.2/V2.2b/monthly/Ei/PML-V2.2b_Ei_1992.nc" [1]
2026-10-04 04:54:31 URL: ftp://ftp2.tpdc.ac.cn:6201/PML/V2.2b/monthly/Ei/PML-V2.2b_Ei_1994.nc [16287622] -> "/glade/derecho/scratch/bbuchovecky/pml-v2.2/V2.2b/monthly/Ei/PML-V2.2b_Ei_1994.nc" [1]
2026-10-04 04:59:14 URL: ftp://ftp3.tpdc.ac.cn:6201/PML/V2.2b/monthly/Ei/PML-V2.2b_Ei_1995.nc [16268445] -> "/glade/derecho/scratch/bbuchovecky/pml-v2.2/V2.2b/monthly/Ei/PML-V2.2b_Ei_1995.nc" [1]
2026-10-04 04:59:48 URL: ftp://ftp3.tpdc.ac.cn:6201/PML/V2.2b/monthly/Ei/PML-V2.2b_Ei_1997.nc [16404948] -> "/glade/derecho/scratch/bbuchovecky/pml-v2.2/V2.2b/monthly/Ei/PML-V2.2b_Ei_1997.nc" [1]
2026-10-04 05:00:44 URL: ftp://ftp2.tpdc.ac.cn:6201/PML/V2.2b/monthly/Ei/PML-V2.2b_Ei_1996.nc [16224868] -> "/glade/derecho/scratch/bbuchovecky/pml-v2.2/V2.2b/monthly/Ei/PML-V2.2b_Ei_1996.nc" [1]
2026-10-04 05:00:46 URL: ftp://ftp3.tpdc.ac.cn:6201/PML/V2.2b/monthly/Ei/PML-V2.2b_Ei_1999.nc [16283901] -> "/glade/derecho/scratch/bbuchovecky/pml-v2.2/V2.2b/monthly/Ei/PML-V2.2b_Ei_1999.nc" [1]
2026-10-04 05:01:54 URL: ftp://ftp2.tpdc.ac.cn:6201/PML/V2.2b/monthly/Ei/PML-V2.2b_Ei_2000.nc [16334252] -> "/glade/derecho/scratch/bbuchovecky/pml-v2.2/V2.2b/monthly/Ei/PML-V2.2b_Ei_2000.nc" [1]
2026-10-04 05:02:12 URL: ftp://ftp3.tpdc.ac.cn:6201/PML/V2.2b/monthly/Ei/PML-V2.2b_Ei_2001.nc [16340980] -> "/glade/derecho/scratch/bbuchovecky/pml-v2.2/V2.2b/monthly/Ei/PML-V2.2b_Ei_2001.nc" [1]
2026-10-04 05:02:38 URL: ftp://ftp2.tpdc.ac.cn:6201/PML/V2.2b/monthly/Ei/PML-V2.2b_Ei_1998.nc [16319281] -> "/glade/derecho/scratch/bbuchovecky/pml-v2.2/V2.2b/monthly/Ei/PML-V2.2b_Ei_1998.nc" [1]
2026-10-04 05:05:18 URL: ftp://ftp2.tpdc.ac.cn:6201/PML/V2.2b/monthly/Ei/PML-V2.2b_Ei_2002.nc [16255585] -> "/glade/derecho/scratch/bbuchovecky/pml-v2.2/V2.2b/monthly/Ei/PML-V2.2b_Ei_2002.nc" [1]
2026-10-04 05:09:32 URL: ftp://ftp3.tpdc.ac.cn:6201/PML/V2.2b/monthly/Ei/PML-V2.2b_Ei_2003.nc [16233448] -> "/glade/derecho/scratch/bbuchovecky/pml-v2.2/V2.2b/monthly/Ei/PML-V2.2b_Ei_2003.nc" [1]
2026-10-04 05:10:33 URL: ftp://ftp2.tpdc.ac.cn:6201/PML/V2.2b/monthly/Ei/PML-V2.2b_Ei_2004.nc [16651863] -> "/glade/derecho/scratch/bbuchovecky/pml-v2.2/V2.2b/monthly/Ei/PML-V2.2b_Ei_2004.nc" [1]
2026-10-04 05:11:41 URL: ftp://ftp2.tpdc.ac.cn:6201/PML/V2.2b/monthly/Ei/PML-V2.2b_Ei_2006.nc [16736191] -> "/glade/derecho/scratch/bbuchovecky/pml-v2.2/V2.2b/monthly/Ei/PML-V2.2b_Ei_2006.nc" [1]
2026-10-04 05:12:06 URL: ftp://ftp3.tpdc.ac.cn:6201/PML/V2.2b/monthly/Ei/PML-V2.2b_Ei_2005.nc [16661383] -> "/glade/derecho/scratch/bbuchovecky/pml-v2.2/V2.2b/monthly/Ei/PML-V2.2b_Ei_2005.nc" [1]
2026-10-04 05:12:09 URL: ftp://ftp2.tpdc.ac.cn:6201/PML/V2.2b/monthly/Ei/PML-V2.2b_Ei_2008.nc [16595810] -> "/glade/derecho/scratch/bbuchovecky/pml-v2.2/V2.2b/monthly/Ei/PML-V2.2b_Ei_2008.nc" [1]
2026-10-04 05:12:36 URL: ftp://ftp3.tpdc.ac.cn:6201/PML/V2.2b/monthly/Ei/PML-V2.2b_Ei_2007.nc [16730265] -> "/glade/derecho/scratch/bbuchovecky/pml-v2.2/V2.2b/monthly/Ei/PML-V2.2b_Ei_2007.nc" [1]
2026-10-04 05:12:56 URL: ftp://ftp3.tpdc.ac.cn:6201/PML/V2.2b/monthly/Ei/PML-V2.2b_Ei_2009.nc [16778251] -> "/glade/derecho/scratch/bbuchovecky/pml-v2.2/V2.2b/monthly/Ei/PML-V2.2b_Ei_2009.nc" [1]
2026-10-04 05:16:58 URL: ftp://ftp2.tpdc.ac.cn:6201/PML/V2.2b/monthly/Ei/PML-V2.2b_Ei_2010.nc [16912237] -> "/glade/derecho/scratch/bbuchovecky/pml-v2.2/V2.2b/monthly/Ei/PML-V2.2b_Ei_2010.nc" [1]
2026-10-04 05:19:42 URL: ftp://ftp3.tpdc.ac.cn:6201/PML/V2.2b/monthly/Ei/PML-V2.2b_Ei_2011.nc [16852747] -> "/glade/derecho/scratch/bbuchovecky/pml-v2.2/V2.2b/monthly/Ei/PML-V2.2b_Ei_2011.nc" [1]
2026-10-04 05:19:55 URL: ftp://ftp2.tpdc.ac.cn:6201/PML/V2.2b/monthly/Ei/PML-V2.2b_Ei_2012.nc [16858344] -> "/glade/derecho/scratch/bbuchovecky/pml-v2.2/V2.2b/monthly/Ei/PML-V2.2b_Ei_2012.nc" [1]
2026-10-04 05:20:36 URL: ftp://ftp3.tpdc.ac.cn:6201/PML/V2.2b/monthly/Ei/PML-V2.2b_Ei_2013.nc [16998940] -> "/glade/derecho/scratch/bbuchovecky/pml-v2.2/V2.2b/monthly/Ei/PML-V2.2b_Ei_2013.nc" [1]
2026-10-04 05:20:40 URL: ftp://ftp2.tpdc.ac.cn:6201/PML/V2.2b/monthly/Ei/PML-V2.2b_Ei_2014.nc [17086415] -> "/glade/derecho/scratch/bbuchovecky/pml-v2.2/V2.2b/monthly/Ei/PML-V2.2b_Ei_2014.nc" [1]
2026-10-04 05:20:50 URL: ftp://ftp3.tpdc.ac.cn:6201/PML/V2.2b/monthly/Ei/PML-V2.2b_Ei_2015.nc [17246930] -> "/glade/derecho/scratch/bbuchovecky/pml-v2.2/V2.2b/monthly/Ei/PML-V2.2b_Ei_2015.nc" [1]
2026-10-04 05:20:51 URL: ftp://ftp3.tpdc.ac.cn:6201/PML/V2.2b/monthly/Ei/PML-V2.2b_Ei_2017.nc [17073724] -> "/glade/derecho/scratch/bbuchovecky/pml-v2.2/V2.2b/monthly/Ei/PML-V2.2b_Ei_2017.nc" [1]
2026-10-04 05:21:00 URL: ftp://ftp2.tpdc.ac.cn:6201/PML/V2.2b/monthly/Ei/PML-V2.2b_Ei_2018.nc [17081330] -> "/glade/derecho/scratch/bbuchovecky/pml-v2.2/V2.2b/monthly/Ei/PML-V2.2b_Ei_2018.nc" [1]
2026-10-04 05:21:56 URL: ftp://ftp2.tpdc.ac.cn:6201/PML/V2.2b/monthly/Ei/PML-V2.2b_Ei_2016.nc [17232958] -> "/glade/derecho/scratch/bbuchovecky/pml-v2.2/V2.2b/monthly/Ei/PML-V2.2b_Ei_2016.nc" [1]
2026-10-04 05:24:07 URL: ftp://ftp3.tpdc.ac.cn:6201/PML/V2.2b/monthly/Ei/PML-V2.2b_Ei_2019.nc [17002659] -> "/glade/derecho/scratch/bbuchovecky/pml-v2.2/V2.2b/monthly/Ei/PML-V2.2b_Ei_2019.nc" [1]
2026-10-04 05:24:24 URL: ftp://ftp2.tpdc.ac.cn:6201/PML/V2.2b/monthly/Ei/PML-V2.2b_Ei_2020.nc [17098757] -> "/glade/derecho/scratch/bbuchovecky/pml-v2.2/V2.2b/monthly/Ei/PML-V2.2b_Ei_2020.nc" [1]
2026-10-04 05:32:48 URL: ftp://ftp3.tpdc.ac.cn:6201/PML/V2.2b/monthly/E/PML-V2.2b_E_1984.nc [30089565] -> "/glade/derecho/scratch/bbuchovecky/pml-v2.2/V2.2b/monthly/E/PML-V2.2b_E_1984.nc" [1]
2026-10-04 05:33:50 URL: ftp://ftp2.tpdc.ac.cn:6201/PML/V2.2b/monthly/E/PML-V2.2b_E_1985.nc [30388465] -> "/glade/derecho/scratch/bbuchovecky/pml-v2.2/V2.2b/monthly/E/PML-V2.2b_E_1985.nc" [1]
2026-10-04 05:34:03 URL: ftp://ftp2.tpdc.ac.cn:6201/PML/V2.2b/monthly/E/PML-V2.2b_E_1983.nc [30415590] -> "/glade/derecho/scratch/bbuchovecky/pml-v2.2/V2.2b/monthly/E/PML-V2.2b_E_1983.nc" [1]
2026-10-04 05:34:40 URL: ftp://ftp3.tpdc.ac.cn:6201/PML/V2.2b/monthly/E/PML-V2.2b_E_1982.nc [30465101] -> "/glade/derecho/scratch/bbuchovecky/pml-v2.2/V2.2b/monthly/E/PML-V2.2b_E_1982.nc" [1]
2026-10-04 05:35:57 URL: ftp://ftp2.tpdc.ac.cn:6201/PML/V2.2b/monthly/E/PML-V2.2b_E_1987.nc [30473214] -> "/glade/derecho/scratch/bbuchovecky/pml-v2.2/V2.2b/monthly/E/PML-V2.2b_E_1987.nc" [1]
2026-10-04 05:35:59 URL: ftp://ftp3.tpdc.ac.cn:6201/PML/V2.2b/monthly/E/PML-V2.2b_E_1986.nc [30405385] -> "/glade/derecho/scratch/bbuchovecky/pml-v2.2/V2.2b/monthly/E/PML-V2.2b_E_1986.nc" [1]
2026-10-04 05:39:38 URL: ftp://ftp3.tpdc.ac.cn:6201/PML/V2.2b/monthly/E/PML-V2.2b_E_1988.nc [30642077] -> "/glade/derecho/scratch/bbuchovecky/pml-v2.2/V2.2b/monthly/E/PML-V2.2b_E_1988.nc" [1]
2026-10-04 05:40:36 URL: ftp://ftp2.tpdc.ac.cn:6201/PML/V2.2b/monthly/E/PML-V2.2b_E_1989.nc [30610418] -> "/glade/derecho/scratch/bbuchovecky/pml-v2.2/V2.2b/monthly/E/PML-V2.2b_E_1989.nc" [1]
2026-10-04 05:52:55 URL: ftp://ftp3.tpdc.ac.cn:6201/PML/V2.2b/monthly/E/PML-V2.2b_E_1990.nc [30415066] -> "/glade/derecho/scratch/bbuchovecky/pml-v2.2/V2.2b/monthly/E/PML-V2.2b_E_1990.nc" [1]
2026-10-04 05:53:30 URL: ftp://ftp3.tpdc.ac.cn:6201/PML/V2.2b/monthly/E/PML-V2.2b_E_1992.nc [30490293] -> "/glade/derecho/scratch/bbuchovecky/pml-v2.2/V2.2b/monthly/E/PML-V2.2b_E_1992.nc" [1]
2026-10-04 05:54:29 URL: ftp://ftp2.tpdc.ac.cn:6201/PML/V2.2b/monthly/E/PML-V2.2b_E_1993.nc [30549382] -> "/glade/derecho/scratch/bbuchovecky/pml-v2.2/V2.2b/monthly/E/PML-V2.2b_E_1993.nc" [1]
2026-10-04 05:54:56 URL: ftp://ftp2.tpdc.ac.cn:6201/PML/V2.2b/monthly/E/PML-V2.2b_E_1991.nc [30530750] -> "/glade/derecho/scratch/bbuchovecky/pml-v2.2/V2.2b/monthly/E/PML-V2.2b_E_1991.nc" [1]
2026-10-04 05:56:05 URL: ftp://ftp3.tpdc.ac.cn:6201/PML/V2.2b/monthly/E/PML-V2.2b_E_1994.nc [30617826] -> "/glade/derecho/scratch/bbuchovecky/pml-v2.2/V2.2b/monthly/E/PML-V2.2b_E_1994.nc" [1]
2026-10-04 05:56:51 URL: ftp://ftp2.tpdc.ac.cn:6201/PML/V2.2b/monthly/E/PML-V2.2b_E_1995.nc [30718867] -> "/glade/derecho/scratch/bbuchovecky/pml-v2.2/V2.2b/monthly/E/PML-V2.2b_E_1995.nc" [1]
2026-10-04 05:59:09 URL: ftp://ftp3.tpdc.ac.cn:6201/PML/V2.2b/monthly/E/PML-V2.2b_E_1996.nc [30452277] -> "/glade/derecho/scratch/bbuchovecky/pml-v2.2/V2.2b/monthly/E/PML-V2.2b_E_1996.nc" [1]
2026-10-04 06:01:11 URL: ftp://ftp2.tpdc.ac.cn:6201/PML/V2.2b/monthly/E/PML-V2.2b_E_1997.nc [30716700] -> "/glade/derecho/scratch/bbuchovecky/pml-v2.2/V2.2b/monthly/E/PML-V2.2b_E_1997.nc" [1]
2026-10-04 06:13:04 URL: ftp://ftp3.tpdc.ac.cn:6201/PML/V2.2b/monthly/E/PML-V2.2b_E_1998.nc [30629412] -> "/glade/derecho/scratch/bbuchovecky/pml-v2.2/V2.2b/monthly/E/PML-V2.2b_E_1998.nc" [1]
2026-10-04 06:14:10 URL: ftp://ftp3.tpdc.ac.cn:6201/PML/V2.2b/monthly/E/PML-V2.2b_E_2000.nc [30121031] -> "/glade/derecho/scratch/bbuchovecky/pml-v2.2/V2.2b/monthly/E/PML-V2.2b_E_2000.nc" [1]
2026-10-04 06:14:31 URL: ftp://ftp2.tpdc.ac.cn:6201/PML/V2.2b/monthly/E/PML-V2.2b_E_1999.nc [30362065] -> "/glade/derecho/scratch/bbuchovecky/pml-v2.2/V2.2b/monthly/E/PML-V2.2b_E_1999.nc" [1]
2026-10-04 06:15:04 URL: ftp://ftp2.tpdc.ac.cn:6201/PML/V2.2b/monthly/E/PML-V2.2b_E_2001.nc [30061350] -> "/glade/derecho/scratch/bbuchovecky/pml-v2.2/V2.2b/monthly/E/PML-V2.2b_E_2001.nc" [1]
2026-10-04 06:16:13 URL: ftp://ftp3.tpdc.ac.cn:6201/PML/V2.2b/monthly/E/PML-V2.2b_E_2002.nc [30275891] -> "/glade/derecho/scratch/bbuchovecky/pml-v2.2/V2.2b/monthly/E/PML-V2.2b_E_2002.nc" [1]
2026-10-04 06:17:03 URL: ftp://ftp2.tpdc.ac.cn:6201/PML/V2.2b/monthly/E/PML-V2.2b_E_2003.nc [30344259] -> "/glade/derecho/scratch/bbuchovecky/pml-v2.2/V2.2b/monthly/E/PML-V2.2b_E_2003.nc" [1]
2026-10-04 06:18:51 URL: ftp://ftp3.tpdc.ac.cn:6201/PML/V2.2b/monthly/E/PML-V2.2b_E_2004.nc [30284982] -> "/glade/derecho/scratch/bbuchovecky/pml-v2.2/V2.2b/monthly/E/PML-V2.2b_E_2004.nc" [1]
2026-10-04 06:22:05 URL: ftp://ftp2.tpdc.ac.cn:6201/PML/V2.2b/monthly/E/PML-V2.2b_E_2005.nc [30546539] -> "/glade/derecho/scratch/bbuchovecky/pml-v2.2/V2.2b/monthly/E/PML-V2.2b_E_2005.nc" [1]
2026-10-04 06:28:56 URL: ftp://ftp3.tpdc.ac.cn:6201/PML/V2.2b/monthly/E/PML-V2.2b_E_2006.nc [30549128] -> "/glade/derecho/scratch/bbuchovecky/pml-v2.2/V2.2b/monthly/E/PML-V2.2b_E_2006.nc" [1]
2026-10-04 06:30:17 URL: ftp://ftp3.tpdc.ac.cn:6201/PML/V2.2b/monthly/E/PML-V2.2b_E_2008.nc [30274674] -> "/glade/derecho/scratch/bbuchovecky/pml-v2.2/V2.2b/monthly/E/PML-V2.2b_E_2008.nc" [1]
2026-10-04 06:31:25 URL: ftp://ftp2.tpdc.ac.cn:6201/PML/V2.2b/monthly/E/PML-V2.2b_E_2007.nc [30388925] -> "/glade/derecho/scratch/bbuchovecky/pml-v2.2/V2.2b/monthly/E/PML-V2.2b_E_2007.nc" [1]
2026-10-04 06:32:51 URL: ftp://ftp3.tpdc.ac.cn:6201/PML/V2.2b/monthly/E/PML-V2.2b_E_2010.nc [30515293] -> "/glade/derecho/scratch/bbuchovecky/pml-v2.2/V2.2b/monthly/E/PML-V2.2b_E_2010.nc" [1]
2026-10-04 06:32:54 URL: ftp://ftp2.tpdc.ac.cn:6201/PML/V2.2b/monthly/E/PML-V2.2b_E_2009.nc [30557760] -> "/glade/derecho/scratch/bbuchovecky/pml-v2.2/V2.2b/monthly/E/PML-V2.2b_E_2009.nc" [1]
2026-10-04 06:36:34 URL: ftp://ftp2.tpdc.ac.cn:6201/PML/V2.2b/monthly/E/PML-V2.2b_E_2011.nc [30482330] -> "/glade/derecho/scratch/bbuchovecky/pml-v2.2/V2.2b/monthly/E/PML-V2.2b_E_2011.nc" [1]
2026-10-04 06:37:06 URL: ftp://ftp3.tpdc.ac.cn:6201/PML/V2.2b/monthly/E/PML-V2.2b_E_2012.nc [30564666] -> "/glade/derecho/scratch/bbuchovecky/pml-v2.2/V2.2b/monthly/E/PML-V2.2b_E_2012.nc" [1]
2026-10-04 06:39:50 URL: ftp://ftp2.tpdc.ac.cn:6201/PML/V2.2b/monthly/E/PML-V2.2b_E_2013.nc [30423520] -> "/glade/derecho/scratch/bbuchovecky/pml-v2.2/V2.2b/monthly/E/PML-V2.2b_E_2013.nc" [1]
2026-10-04 06:45:42 URL: ftp://ftp2.tpdc.ac.cn:6201/PML/V2.2b/monthly/Ew/PML-V2.2b_Ew_1982.nc [9772103] -> "/glade/derecho/scratch/bbuchovecky/pml-v2.2/V2.2b/monthly/Ew/PML-V2.2b_Ew_1982.nc" [1]
2026-10-04 06:46:57 URL: ftp://ftp3.tpdc.ac.cn:6201/PML/V2.2b/monthly/E/PML-V2.2b_E_2014.nc [30506104] -> "/glade/derecho/scratch/bbuchovecky/pml-v2.2/V2.2b/monthly/E/PML-V2.2b_E_2014.nc" [1]
2026-10-04 06:49:28 URL: ftp://ftp2.tpdc.ac.cn:6201/PML/V2.2b/monthly/E/PML-V2.2b_E_2015.nc [30765192] -> "/glade/derecho/scratch/bbuchovecky/pml-v2.2/V2.2b/monthly/E/PML-V2.2b_E_2015.nc" [1]
2026-10-04 06:50:29 URL: ftp://ftp3.tpdc.ac.cn:6201/PML/V2.2b/monthly/E/PML-V2.2b_E_2016.nc [30757251] -> "/glade/derecho/scratch/bbuchovecky/pml-v2.2/V2.2b/monthly/E/PML-V2.2b_E_2016.nc" [1]
2026-10-04 06:50:51 URL: ftp://ftp2.tpdc.ac.cn:6201/PML/V2.2b/monthly/E/PML-V2.2b_E_2017.nc [30624885] -> "/glade/derecho/scratch/bbuchovecky/pml-v2.2/V2.2b/monthly/E/PML-V2.2b_E_2017.nc" [1]
2026-10-04 06:51:26 URL: ftp://ftp3.tpdc.ac.cn:6201/PML/V2.2b/monthly/E/PML-V2.2b_E_2018.nc [30773835] -> "/glade/derecho/scratch/bbuchovecky/pml-v2.2/V2.2b/monthly/E/PML-V2.2b_E_2018.nc" [1]
2026-10-04 06:51:43 URL: ftp://ftp3.tpdc.ac.cn:6201/PML/V2.2b/monthly/Ew/PML-V2.2b_Ew_1983.nc [9783275] -> "/glade/derecho/scratch/bbuchovecky/pml-v2.2/V2.2b/monthly/Ew/PML-V2.2b_Ew_1983.nc" [1]
2026-10-04 06:52:50 URL: ftp://ftp2.tpdc.ac.cn:6201/PML/V2.2b/monthly/Ew/PML-V2.2b_Ew_1984.nc [9771985] -> "/glade/derecho/scratch/bbuchovecky/pml-v2.2/V2.2b/monthly/Ew/PML-V2.2b_Ew_1984.nc" [1]
2026-10-04 06:55:38 URL: ftp://ftp3.tpdc.ac.cn:6201/PML/V2.2b/monthly/E/PML-V2.2b_E_2020.nc [30806298] -> "/glade/derecho/scratch/bbuchovecky/pml-v2.2/V2.2b/monthly/E/PML-V2.2b_E_2020.nc" [1]
2026-10-04 06:55:44 URL: ftp://ftp3.tpdc.ac.cn:6201/PML/V2.2b/monthly/Ew/PML-V2.2b_Ew_1985.nc [9856970] -> "/glade/derecho/scratch/bbuchovecky/pml-v2.2/V2.2b/monthly/Ew/PML-V2.2b_Ew_1985.nc" [1]
2026-10-04 06:56:20 URL: ftp://ftp2.tpdc.ac.cn:6201/PML/V2.2b/monthly/Ew/PML-V2.2b_Ew_1986.nc [9785404] -> "/glade/derecho/scratch/bbuchovecky/pml-v2.2/V2.2b/monthly/Ew/PML-V2.2b_Ew_1986.nc" [1]
2026-10-04 06:56:45 URL: ftp://ftp3.tpdc.ac.cn:6201/PML/V2.2b/monthly/Ew/PML-V2.2b_Ew_1987.nc [9807376] -> "/glade/derecho/scratch/bbuchovecky/pml-v2.2/V2.2b/monthly/Ew/PML-V2.2b_Ew_1987.nc" [1]
2026-10-04 06:56:49 URL: ftp://ftp2.tpdc.ac.cn:6201/PML/V2.2b/monthly/E/PML-V2.2b_E_2019.nc [30780763] -> "/glade/derecho/scratch/bbuchovecky/pml-v2.2/V2.2b/monthly/E/PML-V2.2b_E_2019.nc" [1]
2026-10-04 06:57:40 URL: ftp://ftp2.tpdc.ac.cn:6201/PML/V2.2b/monthly/Ew/PML-V2.2b_Ew_1988.nc [9873451] -> "/glade/derecho/scratch/bbuchovecky/pml-v2.2/V2.2b/monthly/Ew/PML-V2.2b_Ew_1988.nc" [1]
2026-10-04 06:57:42 URL: ftp://ftp3.tpdc.ac.cn:6201/PML/V2.2b/monthly/Ew/PML-V2.2b_Ew_1989.nc [9840734] -> "/glade/derecho/scratch/bbuchovecky/pml-v2.2/V2.2b/monthly/Ew/PML-V2.2b_Ew_1989.nc" [1]
2026-10-04 06:59:10 URL: ftp://ftp2.tpdc.ac.cn:6201/PML/V2.2b/monthly/Ew/PML-V2.2b_Ew_1990.nc [9859141] -> "/glade/derecho/scratch/bbuchovecky/pml-v2.2/V2.2b/monthly/Ew/PML-V2.2b_Ew_1990.nc" [1]
2026-10-04 07:01:43 URL: ftp://ftp2.tpdc.ac.cn:6201/PML/V2.2b/monthly/Ew/PML-V2.2b_Ew_1992.nc [9758785] -> "/glade/derecho/scratch/bbuchovecky/pml-v2.2/V2.2b/monthly/Ew/PML-V2.2b_Ew_1992.nc" [1]
2026-10-04 07:01:49 URL: ftp://ftp3.tpdc.ac.cn:6201/PML/V2.2b/monthly/Ew/PML-V2.2b_Ew_1991.nc [9850281] -> "/glade/derecho/scratch/bbuchovecky/pml-v2.2/V2.2b/monthly/Ew/PML-V2.2b_Ew_1991.nc" [1]
2026-10-04 07:02:19 URL: ftp://ftp3.tpdc.ac.cn:6201/PML/V2.2b/monthly/Ew/PML-V2.2b_Ew_1993.nc [9826678] -> "/glade/derecho/scratch/bbuchovecky/pml-v2.2/V2.2b/monthly/Ew/PML-V2.2b_Ew_1993.nc" [1]
2026-10-04 07:02:28 URL: ftp://ftp3.tpdc.ac.cn:6201/PML/V2.2b/monthly/Ew/PML-V2.2b_Ew_1995.nc [9948755] -> "/glade/derecho/scratch/bbuchovecky/pml-v2.2/V2.2b/monthly/Ew/PML-V2.2b_Ew_1995.nc" [1]
2026-10-04 07:03:03 URL: ftp://ftp2.tpdc.ac.cn:6201/PML/V2.2b/monthly/Ew/PML-V2.2b_Ew_1994.nc [9864673] -> "/glade/derecho/scratch/bbuchovecky/pml-v2.2/V2.2b/monthly/Ew/PML-V2.2b_Ew_1994.nc" [1]
2026-10-04 07:03:36 URL: ftp://ftp2.tpdc.ac.cn:6201/PML/V2.2b/monthly/Ew/PML-V2.2b_Ew_1996.nc [9902264] -> "/glade/derecho/scratch/bbuchovecky/pml-v2.2/V2.2b/monthly/Ew/PML-V2.2b_Ew_1996.nc" [1]
2026-10-04 07:03:41 URL: ftp://ftp3.tpdc.ac.cn:6201/PML/V2.2b/monthly/Ew/PML-V2.2b_Ew_1997.nc [9886952] -> "/glade/derecho/scratch/bbuchovecky/pml-v2.2/V2.2b/monthly/Ew/PML-V2.2b_Ew_1997.nc" [1]
2026-10-04 07:04:55 URL: ftp://ftp2.tpdc.ac.cn:6201/PML/V2.2b/monthly/Ew/PML-V2.2b_Ew_1998.nc [9915369] -> "/glade/derecho/scratch/bbuchovecky/pml-v2.2/V2.2b/monthly/Ew/PML-V2.2b_Ew_1998.nc" [1]
2026-10-04 07:07:40 URL: ftp://ftp3.tpdc.ac.cn:6201/PML/V2.2b/monthly/Ew/PML-V2.2b_Ew_1999.nc [9835062] -> "/glade/derecho/scratch/bbuchovecky/pml-v2.2/V2.2b/monthly/Ew/PML-V2.2b_Ew_1999.nc" [1]
2026-10-04 07:07:49 URL: ftp://ftp2.tpdc.ac.cn:6201/PML/V2.2b/monthly/Ew/PML-V2.2b_Ew_2000.nc [9879901] -> "/glade/derecho/scratch/bbuchovecky/pml-v2.2/V2.2b/monthly/Ew/PML-V2.2b_Ew_2000.nc" [1]
2026-10-04 07:07:55 URL: ftp://ftp3.tpdc.ac.cn:6201/PML/V2.2b/monthly/Ew/PML-V2.2b_Ew_2001.nc [9921655] -> "/glade/derecho/scratch/bbuchovecky/pml-v2.2/V2.2b/monthly/Ew/PML-V2.2b_Ew_2001.nc" [1]
2026-10-04 07:08:24 URL: ftp://ftp2.tpdc.ac.cn:6201/PML/V2.2b/monthly/Ew/PML-V2.2b_Ew_2002.nc [9912073] -> "/glade/derecho/scratch/bbuchovecky/pml-v2.2/V2.2b/monthly/Ew/PML-V2.2b_Ew_2002.nc" [1]
2026-10-04 07:08:44 URL: ftp://ftp3.tpdc.ac.cn:6201/PML/V2.2b/monthly/Ew/PML-V2.2b_Ew_2003.nc [9925183] -> "/glade/derecho/scratch/bbuchovecky/pml-v2.2/V2.2b/monthly/Ew/PML-V2.2b_Ew_2003.nc" [1]
2026-10-04 07:09:19 URL: ftp://ftp2.tpdc.ac.cn:6201/PML/V2.2b/monthly/Ew/PML-V2.2b_Ew_2004.nc [9837608] -> "/glade/derecho/scratch/bbuchovecky/pml-v2.2/V2.2b/monthly/Ew/PML-V2.2b_Ew_2004.nc" [1]
2026-10-04 07:09:32 URL: ftp://ftp3.tpdc.ac.cn:6201/PML/V2.2b/monthly/Ew/PML-V2.2b_Ew_2005.nc [9970902] -> "/glade/derecho/scratch/bbuchovecky/pml-v2.2/V2.2b/monthly/Ew/PML-V2.2b_Ew_2005.nc" [1]
2026-10-04 07:10:52 URL: ftp://ftp2.tpdc.ac.cn:6201/PML/V2.2b/monthly/Ew/PML-V2.2b_Ew_2006.nc [9942629] -> "/glade/derecho/scratch/bbuchovecky/pml-v2.2/V2.2b/monthly/Ew/PML-V2.2b_Ew_2006.nc" [1]
2026-10-04 07:13:34 URL: ftp://ftp3.tpdc.ac.cn:6201/PML/V2.2b/monthly/Ew/PML-V2.2b_Ew_2007.nc [9936466] -> "/glade/derecho/scratch/bbuchovecky/pml-v2.2/V2.2b/monthly/Ew/PML-V2.2b_Ew_2007.nc" [1]
2026-10-04 07:13:47 URL: ftp://ftp3.tpdc.ac.cn:6201/PML/V2.2b/monthly/Ew/PML-V2.2b_Ew_2009.nc [9876513] -> "/glade/derecho/scratch/bbuchovecky/pml-v2.2/V2.2b/monthly/Ew/PML-V2.2b_Ew_2009.nc" [1]
2026-10-04 07:14:12 URL: ftp://ftp2.tpdc.ac.cn:6201/PML/V2.2b/monthly/Ew/PML-V2.2b_Ew_2008.nc [9891495] -> "/glade/derecho/scratch/bbuchovecky/pml-v2.2/V2.2b/monthly/Ew/PML-V2.2b_Ew_2008.nc" [1]
2026-10-04 07:14:37 URL: ftp://ftp3.tpdc.ac.cn:6201/PML/V2.2b/monthly/Ew/PML-V2.2b_Ew_2011.nc [9948181] -> "/glade/derecho/scratch/bbuchovecky/pml-v2.2/V2.2b/monthly/Ew/PML-V2.2b_Ew_2011.nc" [1]
2026-10-04 07:15:16 URL: ftp://ftp2.tpdc.ac.cn:6201/PML/V2.2b/monthly/Ew/PML-V2.2b_Ew_2010.nc [10020295] -> "/glade/derecho/scratch/bbuchovecky/pml-v2.2/V2.2b/monthly/Ew/PML-V2.2b_Ew_2010.nc" [1]
2026-10-04 07:15:40 URL: ftp://ftp2.tpdc.ac.cn:6201/PML/V2.2b/monthly/Ew/PML-V2.2b_Ew_2012.nc [9955825] -> "/glade/derecho/scratch/bbuchovecky/pml-v2.2/V2.2b/monthly/Ew/PML-V2.2b_Ew_2012.nc" [1]
2026-10-04 07:15:53 URL: ftp://ftp3.tpdc.ac.cn:6201/PML/V2.2b/monthly/Ew/PML-V2.2b_Ew_2013.nc [9877380] -> "/glade/derecho/scratch/bbuchovecky/pml-v2.2/V2.2b/monthly/Ew/PML-V2.2b_Ew_2013.nc" [1]
2026-10-04 07:17:42 URL: ftp://ftp2.tpdc.ac.cn:6201/PML/V2.2b/monthly/Ew/PML-V2.2b_Ew_2014.nc [9887557] -> "/glade/derecho/scratch/bbuchovecky/pml-v2.2/V2.2b/monthly/Ew/PML-V2.2b_Ew_2014.nc" [1]
2026-10-04 07:19:48 URL: ftp://ftp3.tpdc.ac.cn:6201/PML/V2.2b/monthly/Ew/PML-V2.2b_Ew_2015.nc [9906272] -> "/glade/derecho/scratch/bbuchovecky/pml-v2.2/V2.2b/monthly/Ew/PML-V2.2b_Ew_2015.nc" [1]
2026-10-04 07:20:13 URL: ftp://ftp2.tpdc.ac.cn:6201/PML/V2.2b/monthly/Ew/PML-V2.2b_Ew_2018.nc [9882824] -> "/glade/derecho/scratch/bbuchovecky/pml-v2.2/V2.2b/monthly/Ew/PML-V2.2b_Ew_2018.nc" [1]
2026-10-04 07:20:22 URL: ftp://ftp2.tpdc.ac.cn:6201/PML/V2.2b/monthly/Ew/PML-V2.2b_Ew_2016.nc [9982155] -> "/glade/derecho/scratch/bbuchovecky/pml-v2.2/V2.2b/monthly/Ew/PML-V2.2b_Ew_2016.nc" [1]
2026-10-04 07:20:28 URL: ftp://ftp3.tpdc.ac.cn:6201/PML/V2.2b/monthly/Ew/PML-V2.2b_Ew_2017.nc [9955193] -> "/glade/derecho/scratch/bbuchovecky/pml-v2.2/V2.2b/monthly/Ew/PML-V2.2b_Ew_2017.nc" [1]
2026-10-04 07:21:26 URL: ftp://ftp3.tpdc.ac.cn:6201/PML/V2.2b/monthly/Ew/PML-V2.2b_Ew_2019.nc [9983320] -> "/glade/derecho/scratch/bbuchovecky/pml-v2.2/V2.2b/monthly/Ew/PML-V2.2b_Ew_2019.nc" [1]
2026-10-04 07:21:59 URL: ftp://ftp2.tpdc.ac.cn:6201/PML/V2.2b/monthly/Ew/PML-V2.2b_Ew_2020.nc [10002811] -> "/glade/derecho/scratch/bbuchovecky/pml-v2.2/V2.2b/monthly/Ew/PML-V2.2b_Ew_2020.nc" [1]
2026-10-04 07:35:02 URL: ftp://ftp3.tpdc.ac.cn:6201/PML/V2.2b/monthly/PET/PML-V2.2b_PET_1982.nc [35499304] -> "/glade/derecho/scratch/bbuchovecky/pml-v2.2/V2.2b/monthly/PET/PML-V2.2b_PET_1982.nc" [1]
2026-10-04 07:36:48 URL: ftp://ftp3.tpdc.ac.cn:6201/PML/V2.2b/monthly/PET/PML-V2.2b_PET_1984.nc [35628946] -> "/glade/derecho/scratch/bbuchovecky/pml-v2.2/V2.2b/monthly/PET/PML-V2.2b_PET_1984.nc" [1]
2026-10-04 07:38:46 URL: ftp://ftp2.tpdc.ac.cn:6201/PML/V2.2b/monthly/PET/PML-V2.2b_PET_1987.nc [35643615] -> "/glade/derecho/scratch/bbuchovecky/pml-v2.2/V2.2b/monthly/PET/PML-V2.2b_PET_1987.nc" [1]
2026-10-04 07:39:15 URL: ftp://ftp2.tpdc.ac.cn:6201/PML/V2.2b/monthly/PET/PML-V2.2b_PET_1983.nc [35749315] -> "/glade/derecho/scratch/bbuchovecky/pml-v2.2/V2.2b/monthly/PET/PML-V2.2b_PET_1983.nc" [1]
2026-10-04 07:39:38 URL: ftp://ftp3.tpdc.ac.cn:6201/PML/V2.2b/monthly/PET/PML-V2.2b_PET_1986.nc [35605885] -> "/glade/derecho/scratch/bbuchovecky/pml-v2.2/V2.2b/monthly/PET/PML-V2.2b_PET_1986.nc" [1]
2026-10-04 07:41:18 URL: ftp://ftp2.tpdc.ac.cn:6201/PML/V2.2b/monthly/PET/PML-V2.2b_PET_1985.nc [35557891] -> "/glade/derecho/scratch/bbuchovecky/pml-v2.2/V2.2b/monthly/PET/PML-V2.2b_PET_1985.nc" [1]
2026-10-04 07:41:56 URL: ftp://ftp3.tpdc.ac.cn:6201/PML/V2.2b/monthly/PET/PML-V2.2b_PET_1988.nc [35938203] -> "/glade/derecho/scratch/bbuchovecky/pml-v2.2/V2.2b/monthly/PET/PML-V2.2b_PET_1988.nc" [1]
2026-10-04 07:42:02 URL: ftp://ftp2.tpdc.ac.cn:6201/PML/V2.2b/monthly/PET/PML-V2.2b_PET_1989.nc [35747218] -> "/glade/derecho/scratch/bbuchovecky/pml-v2.2/V2.2b/monthly/PET/PML-V2.2b_PET_1989.nc" [1]
2026-10-04 07:56:17 URL: ftp://ftp3.tpdc.ac.cn:6201/PML/V2.2b/monthly/PET/PML-V2.2b_PET_1990.nc [35754120] -> "/glade/derecho/scratch/bbuchovecky/pml-v2.2/V2.2b/monthly/PET/PML-V2.2b_PET_1990.nc" [1]
2026-10-04 08:00:05 URL: ftp://ftp2.tpdc.ac.cn:6201/PML/V2.2b/monthly/PET/PML-V2.2b_PET_1991.nc [35698881] -> "/glade/derecho/scratch/bbuchovecky/pml-v2.2/V2.2b/monthly/PET/PML-V2.2b_PET_1991.nc" [1]
2026-10-04 08:01:06 URL: ftp://ftp3.tpdc.ac.cn:6201/PML/V2.2b/monthly/PET/PML-V2.2b_PET_1992.nc [35649463] -> "/glade/derecho/scratch/bbuchovecky/pml-v2.2/V2.2b/monthly/PET/PML-V2.2b_PET_1992.nc" [1]
2026-10-04 08:01:20 URL: ftp://ftp3.tpdc.ac.cn:6201/PML/V2.2b/monthly/PET/PML-V2.2b_PET_1994.nc [35729497] -> "/glade/derecho/scratch/bbuchovecky/pml-v2.2/V2.2b/monthly/PET/PML-V2.2b_PET_1994.nc" [1]
2026-10-04 08:01:58 URL: ftp://ftp2.tpdc.ac.cn:6201/PML/V2.2b/monthly/PET/PML-V2.2b_PET_1993.nc [35730644] -> "/glade/derecho/scratch/bbuchovecky/pml-v2.2/V2.2b/monthly/PET/PML-V2.2b_PET_1993.nc" [1]
2026-10-04 08:03:42 URL: ftp://ftp3.tpdc.ac.cn:6201/PML/V2.2b/monthly/PET/PML-V2.2b_PET_1996.nc [35779688] -> "/glade/derecho/scratch/bbuchovecky/pml-v2.2/V2.2b/monthly/PET/PML-V2.2b_PET_1996.nc" [1]
2026-10-04 08:04:36 URL: ftp://ftp2.tpdc.ac.cn:6201/PML/V2.2b/monthly/PET/PML-V2.2b_PET_1995.nc [35917778] -> "/glade/derecho/scratch/bbuchovecky/pml-v2.2/V2.2b/monthly/PET/PML-V2.2b_PET_1995.nc" [1]
2026-10-04 08:06:42 URL: ftp://ftp2.tpdc.ac.cn:6201/PML/V2.2b/monthly/PET/PML-V2.2b_PET_1997.nc [35724163] -> "/glade/derecho/scratch/bbuchovecky/pml-v2.2/V2.2b/monthly/PET/PML-V2.2b_PET_1997.nc" [1]
2026-10-04 08:18:30 URL: ftp://ftp3.tpdc.ac.cn:6201/PML/V2.2b/monthly/PET/PML-V2.2b_PET_1998.nc [35774775] -> "/glade/derecho/scratch/bbuchovecky/pml-v2.2/V2.2b/monthly/PET/PML-V2.2b_PET_1998.nc" [1]
2026-10-04 08:21:31 URL: ftp://ftp2.tpdc.ac.cn:6201/PML/V2.2b/monthly/PET/PML-V2.2b_PET_1999.nc [35705113] -> "/glade/derecho/scratch/bbuchovecky/pml-v2.2/V2.2b/monthly/PET/PML-V2.2b_PET_1999.nc" [1]
2026-10-04 08:21:56 URL: ftp://ftp3.tpdc.ac.cn:6201/PML/V2.2b/monthly/PET/PML-V2.2b_PET_2002.nc [35400970] -> "/glade/derecho/scratch/bbuchovecky/pml-v2.2/V2.2b/monthly/PET/PML-V2.2b_PET_2002.nc" [1]
2026-10-04 08:22:15 URL: ftp://ftp2.tpdc.ac.cn:6201/PML/V2.2b/monthly/PET/PML-V2.2b_PET_2001.nc [35280559] -> "/glade/derecho/scratch/bbuchovecky/pml-v2.2/V2.2b/monthly/PET/PML-V2.2b_PET_2001.nc" [1]
2026-10-04 08:22:35 URL: ftp://ftp3.tpdc.ac.cn:6201/PML/V2.2b/monthly/PET/PML-V2.2b_PET_2000.nc [35253705] -> "/glade/derecho/scratch/bbuchovecky/pml-v2.2/V2.2b/monthly/PET/PML-V2.2b_PET_2000.nc" [1]
2026-10-04 08:25:32 URL: ftp://ftp2.tpdc.ac.cn:6201/PML/V2.2b/monthly/PET/PML-V2.2b_PET_2003.nc [35352261] -> "/glade/derecho/scratch/bbuchovecky/pml-v2.2/V2.2b/monthly/PET/PML-V2.2b_PET_2003.nc" [1]
2026-10-04 08:26:46 URL: ftp://ftp3.tpdc.ac.cn:6201/PML/V2.2b/monthly/PET/PML-V2.2b_PET_2004.nc [35275503] -> "/glade/derecho/scratch/bbuchovecky/pml-v2.2/V2.2b/monthly/PET/PML-V2.2b_PET_2004.nc" [1]
2026-10-04 08:29:31 URL: ftp://ftp2.tpdc.ac.cn:6201/PML/V2.2b/monthly/PET/PML-V2.2b_PET_2005.nc [35467815] -> "/glade/derecho/scratch/bbuchovecky/pml-v2.2/V2.2b/monthly/PET/PML-V2.2b_PET_2005.nc" [1]
2026-10-04 08:39:11 URL: ftp://ftp3.tpdc.ac.cn:6201/PML/V2.2b/monthly/PET/PML-V2.2b_PET_2006.nc [35425327] -> "/glade/derecho/scratch/bbuchovecky/pml-v2.2/V2.2b/monthly/PET/PML-V2.2b_PET_2006.nc" [1]
2026-10-04 08:43:08 URL: ftp://ftp3.tpdc.ac.cn:6201/PML/V2.2b/monthly/PET/PML-V2.2b_PET_2008.nc [35502135] -> "/glade/derecho/scratch/bbuchovecky/pml-v2.2/V2.2b/monthly/PET/PML-V2.2b_PET_2008.nc" [1]
2026-10-04 08:43:55 URL: ftp://ftp2.tpdc.ac.cn:6201/PML/V2.2b/monthly/PET/PML-V2.2b_PET_2007.nc [35596772] -> "/glade/derecho/scratch/bbuchovecky/pml-v2.2/V2.2b/monthly/PET/PML-V2.2b_PET_2007.nc" [1]
2026-10-04 08:45:07 URL: ftp://ftp3.tpdc.ac.cn:6201/PML/V2.2b/monthly/PET/PML-V2.2b_PET_2010.nc [35553648] -> "/glade/derecho/scratch/bbuchovecky/pml-v2.2/V2.2b/monthly/PET/PML-V2.2b_PET_2010.nc" [1]
2026-10-04 08:45:25 URL: ftp://ftp2.tpdc.ac.cn:6201/PML/V2.2b/monthly/PET/PML-V2.2b_PET_2009.nc [35396061] -> "/glade/derecho/scratch/bbuchovecky/pml-v2.2/V2.2b/monthly/PET/PML-V2.2b_PET_2009.nc" [1]
2026-10-04 08:48:13 URL: ftp://ftp2.tpdc.ac.cn:6201/PML/V2.2b/monthly/PET/PML-V2.2b_PET_2011.nc [35471700] -> "/glade/derecho/scratch/bbuchovecky/pml-v2.2/V2.2b/monthly/PET/PML-V2.2b_PET_2011.nc" [1]
2026-10-04 08:48:28 URL: ftp://ftp3.tpdc.ac.cn:6201/PML/V2.2b/monthly/PET/PML-V2.2b_PET_2012.nc [35560801] -> "/glade/derecho/scratch/bbuchovecky/pml-v2.2/V2.2b/monthly/PET/PML-V2.2b_PET_2012.nc" [1]
2026-10-04 08:51:50 URL: ftp://ftp2.tpdc.ac.cn:6201/PML/V2.2b/monthly/PET/PML-V2.2b_PET_2013.nc [35482220] -> "/glade/derecho/scratch/bbuchovecky/pml-v2.2/V2.2b/monthly/PET/PML-V2.2b_PET_2013.nc" [1]
2026-10-04 09:01:38 URL: ftp://ftp3.tpdc.ac.cn:6201/PML/V2.2b/monthly/PET/PML-V2.2b_PET_2014.nc [35486676] -> "/glade/derecho/scratch/bbuchovecky/pml-v2.2/V2.2b/monthly/PET/PML-V2.2b_PET_2014.nc" [1]
2026-10-04 09:07:16 URL: ftp://ftp3.tpdc.ac.cn:6201/PML/V2.2b/monthly/PET/PML-V2.2b_PET_2016.nc [35625930] -> "/glade/derecho/scratch/bbuchovecky/pml-v2.2/V2.2b/monthly/PET/PML-V2.2b_PET_2016.nc" [1]
2026-10-04 09:07:21 URL: ftp://ftp2.tpdc.ac.cn:6201/PML/V2.2b/monthly/PET/PML-V2.2b_PET_2015.nc [35639235] -> "/glade/derecho/scratch/bbuchovecky/pml-v2.2/V2.2b/monthly/PET/PML-V2.2b_PET_2015.nc" [1]
2026-10-04 09:08:22 URL: ftp://ftp3.tpdc.ac.cn:6201/PML/V2.2b/monthly/PET/PML-V2.2b_PET_2018.nc [35503064] -> "/glade/derecho/scratch/bbuchovecky/pml-v2.2/V2.2b/monthly/PET/PML-V2.2b_PET_2018.nc" [1]
2026-10-04 09:08:44 URL: ftp://ftp2.tpdc.ac.cn:6201/PML/V2.2b/monthly/PET/PML-V2.2b_PET_2017.nc [35637415] -> "/glade/derecho/scratch/bbuchovecky/pml-v2.2/V2.2b/monthly/PET/PML-V2.2b_PET_2017.nc" [1]
2026-10-04 09:11:51 URL: ftp://ftp3.tpdc.ac.cn:6201/PML/V2.2b/monthly/PET/PML-V2.2b_PET_2020.nc [35802909] -> "/glade/derecho/scratch/bbuchovecky/pml-v2.2/V2.2b/monthly/PET/PML-V2.2b_PET_2020.nc" [1]
2026-10-04 09:12:05 URL: ftp://ftp2.tpdc.ac.cn:6201/PML/V2.2b/monthly/PET/PML-V2.2b_PET_2019.nc [35655076] -> "/glade/derecho/scratch/bbuchovecky/pml-v2.2/V2.2b/monthly/PET/PML-V2.2b_PET_2019.nc" [1]
2026-10-04 09:13:47 URL: ftp://ftp2.tpdc.ac.cn:6201/PML/V2.2b/monthly/GPP/PML-V2.2b_GPP_1982.nc [31778850] -> "/glade/derecho/scratch/bbuchovecky/pml-v2.2/V2.2b/monthly/GPP/PML-V2.2b_GPP_1982.nc" [1]
2026-10-04 09:22:01 URL: ftp://ftp3.tpdc.ac.cn:6201/PML/V2.2b/monthly/GPP/PML-V2.2b_GPP_1983.nc [31763066] -> "/glade/derecho/scratch/bbuchovecky/pml-v2.2/V2.2b/monthly/GPP/PML-V2.2b_GPP_1983.nc" [1]
2026-10-04 09:27:24 URL: ftp://ftp3.tpdc.ac.cn:6201/PML/V2.2b/monthly/GPP/PML-V2.2b_GPP_1985.nc [31688650] -> "/glade/derecho/scratch/bbuchovecky/pml-v2.2/V2.2b/monthly/GPP/PML-V2.2b_GPP_1985.nc" [1]
2026-10-04 09:28:11 URL: ftp://ftp2.tpdc.ac.cn:6201/PML/V2.2b/monthly/GPP/PML-V2.2b_GPP_1984.nc [31776086] -> "/glade/derecho/scratch/bbuchovecky/pml-v2.2/V2.2b/monthly/GPP/PML-V2.2b_GPP_1984.nc" [1]
2026-10-04 09:29:44 URL: ftp://ftp3.tpdc.ac.cn:6201/PML/V2.2b/monthly/GPP/PML-V2.2b_GPP_1987.nc [31809451] -> "/glade/derecho/scratch/bbuchovecky/pml-v2.2/V2.2b/monthly/GPP/PML-V2.2b_GPP_1987.nc" [1]
2026-10-04 09:30:05 URL: ftp://ftp2.tpdc.ac.cn:6201/PML/V2.2b/monthly/GPP/PML-V2.2b_GPP_1986.nc [31718769] -> "/glade/derecho/scratch/bbuchovecky/pml-v2.2/V2.2b/monthly/GPP/PML-V2.2b_GPP_1986.nc" [1]
2026-10-04 09:32:54 URL: ftp://ftp3.tpdc.ac.cn:6201/PML/V2.2b/monthly/GPP/PML-V2.2b_GPP_1989.nc [31814130] -> "/glade/derecho/scratch/bbuchovecky/pml-v2.2/V2.2b/monthly/GPP/PML-V2.2b_GPP_1989.nc" [1]
2026-10-04 09:34:17 URL: ftp://ftp2.tpdc.ac.cn:6201/PML/V2.2b/monthly/GPP/PML-V2.2b_GPP_1988.nc [31808989] -> "/glade/derecho/scratch/bbuchovecky/pml-v2.2/V2.2b/monthly/GPP/PML-V2.2b_GPP_1988.nc" [1]
2026-10-04 09:34:59 URL: ftp://ftp2.tpdc.ac.cn:6201/PML/V2.2b/monthly/GPP/PML-V2.2b_GPP_1990.nc [31845578] -> "/glade/derecho/scratch/bbuchovecky/pml-v2.2/V2.2b/monthly/GPP/PML-V2.2b_GPP_1990.nc" [1]
2026-10-04 09:42:20 URL: ftp://ftp3.tpdc.ac.cn:6201/PML/V2.2b/monthly/GPP/PML-V2.2b_GPP_1991.nc [31808123] -> "/glade/derecho/scratch/bbuchovecky/pml-v2.2/V2.2b/monthly/GPP/PML-V2.2b_GPP_1991.nc" [1]
2026-10-04 09:47:59 URL: ftp://ftp2.tpdc.ac.cn:6201/PML/V2.2b/monthly/GPP/PML-V2.2b_GPP_1992.nc [31815003] -> "/glade/derecho/scratch/bbuchovecky/pml-v2.2/V2.2b/monthly/GPP/PML-V2.2b_GPP_1992.nc" [1]
2026-10-04 09:53:53 (20.1 KB/s) - Data transfer aborted.
Error in server response, closing control connection.
2026-10-04 09:54:02 URL: ftp://ftp3.tpdc.ac.cn:6201/PML/V2.2b/monthly/GPP/PML-V2.2b_GPP_1993.nc [31841692] -> "/glade/derecho/scratch/bbuchovecky/pml-v2.2/V2.2b/monthly/GPP/PML-V2.2b_GPP_1993.nc" [3]
2026-10-04 09:56:53 (17.4 KB/s) - Data transfer aborted.
Error in server response, closing control connection.
2026-10-04 09:58:42 URL: ftp://ftp3.tpdc.ac.cn:6201/PML/V2.2b/monthly/GPP/PML-V2.2b_GPP_1995.nc [31960846] -> "/glade/derecho/scratch/bbuchovecky/pml-v2.2/V2.2b/monthly/GPP/PML-V2.2b_GPP_1995.nc" [3]
2026-10-04 09:59:16 URL: ftp://ftp2.tpdc.ac.cn:6201/PML/V2.2b/monthly/GPP/PML-V2.2b_GPP_1994.nc [31865474] -> "/glade/derecho/scratch/bbuchovecky/pml-v2.2/V2.2b/monthly/GPP/PML-V2.2b_GPP_1994.nc" [1]
2026-10-04 10:03:06 URL: ftp://ftp2.tpdc.ac.cn:6201/PML/V2.2b/monthly/GPP/PML-V2.2b_GPP_2000.nc [32002451] -> "/glade/derecho/scratch/bbuchovecky/pml-v2.2/V2.2b/monthly/GPP/PML-V2.2b_GPP_2000.nc" [1]
2026-10-04 10:05:40 URL: ftp://ftp3.tpdc.ac.cn:6201/PML/V2.2b/monthly/GPP/PML-V2.2b_GPP_1997.nc [31956986] -> "/glade/derecho/scratch/bbuchovecky/pml-v2.2/V2.2b/monthly/GPP/PML-V2.2b_GPP_1997.nc" [1]
2026-10-04 10:10:54 URL: ftp://ftp3.tpdc.ac.cn:6201/PML/V2.2b/monthly/GPP/PML-V2.2b_GPP_2001.nc [31964225] -> "/glade/derecho/scratch/bbuchovecky/pml-v2.2/V2.2b/monthly/GPP/PML-V2.2b_GPP_2001.nc" [1]
2026-10-04 10:17:49 URL: ftp://ftp3.tpdc.ac.cn:6201/PML/V2.2b/monthly/GPP/PML-V2.2b_GPP_2003.nc [31883668] -> "/glade/derecho/scratch/bbuchovecky/pml-v2.2/V2.2b/monthly/GPP/PML-V2.2b_GPP_2003.nc" [1]
2026-10-04 10:17:56 URL: ftp://ftp2.tpdc.ac.cn:6201/PML/V2.2b/monthly/GPP/PML-V2.2b_GPP_2002.nc [31897824] -> "/glade/derecho/scratch/bbuchovecky/pml-v2.2/V2.2b/monthly/GPP/PML-V2.2b_GPP_2002.nc" [1]
2026-10-04 10:21:06 URL: ftp://ftp2.tpdc.ac.cn:6201/PML/V2.2b/monthly/GPP/PML-V2.2b_GPP_2004.nc [31877097] -> "/glade/derecho/scratch/bbuchovecky/pml-v2.2/V2.2b/monthly/GPP/PML-V2.2b_GPP_2004.nc" [1]
2026-10-04 10:24:03 URL: ftp://ftp3.tpdc.ac.cn:6201/PML/V2.2b/monthly/GPP/PML-V2.2b_GPP_2005.nc [31980894] -> "/glade/derecho/scratch/bbuchovecky/pml-v2.2/V2.2b/monthly/GPP/PML-V2.2b_GPP_2005.nc" [1]
2026-10-04 10:28:15 URL: ftp://ftp2.tpdc.ac.cn:6201/PML/V2.2b/monthly/GPP/PML-V2.2b_GPP_1998.nc [31938567] -> "/glade/derecho/scratch/bbuchovecky/pml-v2.2/V2.2b/monthly/GPP/PML-V2.2b_GPP_1998.nc" [1]
2026-10-04 10:30:06 URL: ftp://ftp2.tpdc.ac.cn:6201/PML/V2.2b/monthly/GPP/PML-V2.2b_GPP_2006.nc [32064143] -> "/glade/derecho/scratch/bbuchovecky/pml-v2.2/V2.2b/monthly/GPP/PML-V2.2b_GPP_2006.nc" [1]
2026-10-04 10:35:28 URL: ftp://ftp2.tpdc.ac.cn:6201/PML/V2.2b/monthly/GPP/PML-V2.2b_GPP_2008.nc [31986943] -> "/glade/derecho/scratch/bbuchovecky/pml-v2.2/V2.2b/monthly/GPP/PML-V2.2b_GPP_2008.nc" [1]
2026-10-04 10:35:39 URL: ftp://ftp3.tpdc.ac.cn:6201/PML/V2.2b/monthly/GPP/PML-V2.2b_GPP_2007.nc [32129963] -> "/glade/derecho/scratch/bbuchovecky/pml-v2.2/V2.2b/monthly/GPP/PML-V2.2b_GPP_2007.nc" [1]
2026-10-04 10:39:46 URL: ftp://ftp3.tpdc.ac.cn:6201/PML/V2.2b/monthly/GPP/PML-V2.2b_GPP_2009.nc [31934335] -> "/glade/derecho/scratch/bbuchovecky/pml-v2.2/V2.2b/monthly/GPP/PML-V2.2b_GPP_2009.nc" [1]
2026-10-04 10:40:49 URL: ftp://ftp2.tpdc.ac.cn:6201/PML/V2.2b/monthly/GPP/PML-V2.2b_GPP_1996.nc [31871533] -> "/glade/derecho/scratch/bbuchovecky/pml-v2.2/V2.2b/monthly/GPP/PML-V2.2b_GPP_1996.nc" [1]
2026-10-04 10:41:58 URL: ftp://ftp2.tpdc.ac.cn:6201/PML/V2.2b/monthly/GPP/PML-V2.2b_GPP_2010.nc [32153066] -> "/glade/derecho/scratch/bbuchovecky/pml-v2.2/V2.2b/monthly/GPP/PML-V2.2b_GPP_2010.nc" [1]
2026-10-04 10:44:34 URL: ftp://ftp3.tpdc.ac.cn:6201/PML/V2.2b/monthly/GPP/PML-V2.2b_GPP_2011.nc [32198509] -> "/glade/derecho/scratch/bbuchovecky/pml-v2.2/V2.2b/monthly/GPP/PML-V2.2b_GPP_2011.nc" [1]
2026-10-04 10:48:05 URL: ftp://ftp2.tpdc.ac.cn:6201/PML/V2.2b/monthly/GPP/PML-V2.2b_GPP_2012.nc [32252249] -> "/glade/derecho/scratch/bbuchovecky/pml-v2.2/V2.2b/monthly/GPP/PML-V2.2b_GPP_2012.nc" [1]
2026-10-04 10:51:40 URL: ftp://ftp2.tpdc.ac.cn:6201/PML/V2.2b/monthly/GPP/PML-V2.2b_GPP_2014.nc [32290242] -> "/glade/derecho/scratch/bbuchovecky/pml-v2.2/V2.2b/monthly/GPP/PML-V2.2b_GPP_2014.nc" [1]
2026-10-04 10:52:32 URL: ftp://ftp3.tpdc.ac.cn:6201/PML/V2.2b/monthly/GPP/PML-V2.2b_GPP_2013.nc [32174194] -> "/glade/derecho/scratch/bbuchovecky/pml-v2.2/V2.2b/monthly/GPP/PML-V2.2b_GPP_2013.nc" [1]
2026-10-04 10:55:19 URL: ftp://ftp3.tpdc.ac.cn:6201/PML/V2.2b/yearly/ET/PML-V2.2b_ET_1982.nc [4897520] -> "/glade/derecho/scratch/bbuchovecky/pml-v2.2/V2.2b/yearly/ET/PML-V2.2b_ET_1982.nc" [1]
2026-10-04 10:55:34 URL: ftp://ftp3.tpdc.ac.cn:6201/PML/V2.2b/monthly/GPP/PML-V2.2b_GPP_2015.nc [32393269] -> "/glade/derecho/scratch/bbuchovecky/pml-v2.2/V2.2b/monthly/GPP/PML-V2.2b_GPP_2015.nc" [1]
2026-10-04 10:56:30 URL: ftp://ftp3.tpdc.ac.cn:6201/PML/V2.2b/monthly/GPP/PML-V2.2b_GPP_2017.nc [32399032] -> "/glade/derecho/scratch/bbuchovecky/pml-v2.2/V2.2b/monthly/GPP/PML-V2.2b_GPP_2017.nc" [1]
2026-10-04 10:56:52 URL: ftp://ftp2.tpdc.ac.cn:6201/PML/V2.2b/monthly/GPP/PML-V2.2b_GPP_2016.nc [32487407] -> "/glade/derecho/scratch/bbuchovecky/pml-v2.2/V2.2b/monthly/GPP/PML-V2.2b_GPP_2016.nc" [1]
2026-10-04 10:57:58 URL: ftp://ftp3.tpdc.ac.cn:6201/PML/V2.2b/yearly/ET/PML-V2.2b_ET_1984.nc [4858506] -> "/glade/derecho/scratch/bbuchovecky/pml-v2.2/V2.2b/yearly/ET/PML-V2.2b_ET_1984.nc" [1]
2026-10-04 10:57:59 URL: ftp://ftp2.tpdc.ac.cn:6201/PML/V2.2b/yearly/ET/PML-V2.2b_ET_1983.nc [4890394] -> "/glade/derecho/scratch/bbuchovecky/pml-v2.2/V2.2b/yearly/ET/PML-V2.2b_ET_1983.nc" [1]
2026-10-04 10:59:01 URL: ftp://ftp3.tpdc.ac.cn:6201/PML/V2.2b/yearly/ET/PML-V2.2b_ET_1986.nc [4886563] -> "/glade/derecho/scratch/bbuchovecky/pml-v2.2/V2.2b/yearly/ET/PML-V2.2b_ET_1986.nc" [1]
2026-10-04 10:59:31 URL: ftp://ftp2.tpdc.ac.cn:6201/PML/V2.2b/yearly/ET/PML-V2.2b_ET_1985.nc [4893606] -> "/glade/derecho/scratch/bbuchovecky/pml-v2.2/V2.2b/yearly/ET/PML-V2.2b_ET_1985.nc" [1]
2026-10-04 11:00:29 URL: ftp://ftp2.tpdc.ac.cn:6201/PML/V2.2b/yearly/ET/PML-V2.2b_ET_1987.nc [4880807] -> "/glade/derecho/scratch/bbuchovecky/pml-v2.2/V2.2b/yearly/ET/PML-V2.2b_ET_1987.nc" [1]
2026-10-04 11:00:33 URL: ftp://ftp2.tpdc.ac.cn:6201/PML/V2.2b/monthly/GPP/PML-V2.2b_GPP_2018.nc [32280692] -> "/glade/derecho/scratch/bbuchovecky/pml-v2.2/V2.2b/monthly/GPP/PML-V2.2b_GPP_2018.nc" [1]
2026-10-04 11:00:34 URL: ftp://ftp3.tpdc.ac.cn:6201/PML/V2.2b/yearly/ET/PML-V2.2b_ET_1988.nc [4908625] -> "/glade/derecho/scratch/bbuchovecky/pml-v2.2/V2.2b/yearly/ET/PML-V2.2b_ET_1988.nc" [1]
2026-10-04 11:01:55 URL: ftp://ftp2.tpdc.ac.cn:6201/PML/V2.2b/yearly/ET/PML-V2.2b_ET_1989.nc [4908600] -> "/glade/derecho/scratch/bbuchovecky/pml-v2.2/V2.2b/yearly/ET/PML-V2.2b_ET_1989.nc" [1]
2026-10-04 11:02:16 URL: ftp://ftp3.tpdc.ac.cn:6201/PML/V2.2b/yearly/ET/PML-V2.2b_ET_1990.nc [4879410] -> "/glade/derecho/scratch/bbuchovecky/pml-v2.2/V2.2b/yearly/ET/PML-V2.2b_ET_1990.nc" [1]
2026-10-04 11:02:43 URL: ftp://ftp2.tpdc.ac.cn:6201/PML/V2.2b/yearly/ET/PML-V2.2b_ET_1993.nc [4888767] -> "/glade/derecho/scratch/bbuchovecky/pml-v2.2/V2.2b/yearly/ET/PML-V2.2b_ET_1993.nc" [1]
2026-10-04 11:03:10 URL: ftp://ftp3.tpdc.ac.cn:6201/PML/V2.2b/yearly/ET/PML-V2.2b_ET_1992.nc [4906159] -> "/glade/derecho/scratch/bbuchovecky/pml-v2.2/V2.2b/yearly/ET/PML-V2.2b_ET_1992.nc" [1]
2026-10-04 11:03:23 URL: ftp://ftp2.tpdc.ac.cn:6201/PML/V2.2b/yearly/ET/PML-V2.2b_ET_1991.nc [4908225] -> "/glade/derecho/scratch/bbuchovecky/pml-v2.2/V2.2b/yearly/ET/PML-V2.2b_ET_1991.nc" [1]
2026-10-04 11:03:48 URL: ftp://ftp3.tpdc.ac.cn:6201/PML/V2.2b/monthly/GPP/PML-V2.2b_GPP_2019.nc [32400232] -> "/glade/derecho/scratch/bbuchovecky/pml-v2.2/V2.2b/monthly/GPP/PML-V2.2b_GPP_2019.nc" [1]
2026-10-04 11:04:58 URL: ftp://ftp2.tpdc.ac.cn:6201/PML/V2.2b/yearly/ET/PML-V2.2b_ET_1995.nc [4912672] -> "/glade/derecho/scratch/bbuchovecky/pml-v2.2/V2.2b/yearly/ET/PML-V2.2b_ET_1995.nc" [1]
2026-10-04 11:05:03 URL: ftp://ftp3.tpdc.ac.cn:6201/PML/V2.2b/yearly/ET/PML-V2.2b_ET_1994.nc [4918449] -> "/glade/derecho/scratch/bbuchovecky/pml-v2.2/V2.2b/yearly/ET/PML-V2.2b_ET_1994.nc" [1]
2026-10-04 11:05:16 URL: ftp://ftp3.tpdc.ac.cn:6201/PML/V2.2b/yearly/ET/PML-V2.2b_ET_1996.nc [4885256] -> "/glade/derecho/scratch/bbuchovecky/pml-v2.2/V2.2b/yearly/ET/PML-V2.2b_ET_1996.nc" [1]
2026-10-04 11:05:47 URL: ftp://ftp3.tpdc.ac.cn:6201/PML/V2.2b/yearly/ET/PML-V2.2b_ET_1998.nc [4904015] -> "/glade/derecho/scratch/bbuchovecky/pml-v2.2/V2.2b/yearly/ET/PML-V2.2b_ET_1998.nc" [1]
2026-10-04 11:05:54 URL: ftp://ftp2.tpdc.ac.cn:6201/PML/V2.2b/yearly/ET/PML-V2.2b_ET_1997.nc [4906992] -> "/glade/derecho/scratch/bbuchovecky/pml-v2.2/V2.2b/yearly/ET/PML-V2.2b_ET_1997.nc" [1]
2026-10-04 11:06:18 URL: ftp://ftp2.tpdc.ac.cn:6201/PML/V2.2b/yearly/ET/PML-V2.2b_ET_1999.nc [4904234] -> "/glade/derecho/scratch/bbuchovecky/pml-v2.2/V2.2b/yearly/ET/PML-V2.2b_ET_1999.nc" [1]
2026-10-04 11:07:35 URL: ftp://ftp3.tpdc.ac.cn:6201/PML/V2.2b/yearly/ET/PML-V2.2b_ET_2002.nc [4907652] -> "/glade/derecho/scratch/bbuchovecky/pml-v2.2/V2.2b/yearly/ET/PML-V2.2b_ET_2002.nc" [1]
2026-10-04 11:07:50 URL: ftp://ftp2.tpdc.ac.cn:6201/PML/V2.2b/yearly/ET/PML-V2.2b_ET_2001.nc [4861832] -> "/glade/derecho/scratch/bbuchovecky/pml-v2.2/V2.2b/yearly/ET/PML-V2.2b_ET_2001.nc" [1]
2026-10-04 11:07:54 URL: ftp://ftp3.tpdc.ac.cn:6201/PML/V2.2b/yearly/ET/PML-V2.2b_ET_2000.nc [4874705] -> "/glade/derecho/scratch/bbuchovecky/pml-v2.2/V2.2b/yearly/ET/PML-V2.2b_ET_2000.nc" [1]
2026-10-04 11:08:21 URL: ftp://ftp2.tpdc.ac.cn:6201/PML/V2.2b/yearly/ET/PML-V2.2b_ET_2003.nc [4885211] -> "/glade/derecho/scratch/bbuchovecky/pml-v2.2/V2.2b/yearly/ET/PML-V2.2b_ET_2003.nc" [1]
2026-10-04 11:08:51 URL: ftp://ftp3.tpdc.ac.cn:6201/PML/V2.2b/yearly/ET/PML-V2.2b_ET_2004.nc [4882468] -> "/glade/derecho/scratch/bbuchovecky/pml-v2.2/V2.2b/yearly/ET/PML-V2.2b_ET_2004.nc" [1]
2026-10-04 11:09:04 URL: ftp://ftp2.tpdc.ac.cn:6201/PML/V2.2b/yearly/ET/PML-V2.2b_ET_2005.nc [4904033] -> "/glade/derecho/scratch/bbuchovecky/pml-v2.2/V2.2b/yearly/ET/PML-V2.2b_ET_2005.nc" [1]
2026-10-04 11:09:38 URL: ftp://ftp2.tpdc.ac.cn:6201/PML/V2.2b/monthly/GPP/PML-V2.2b_GPP_2020.nc [32502135] -> "/glade/derecho/scratch/bbuchovecky/pml-v2.2/V2.2b/monthly/GPP/PML-V2.2b_GPP_2020.nc" [1]
2026-10-04 11:10:13 URL: ftp://ftp3.tpdc.ac.cn:6201/PML/V2.2b/yearly/ET/PML-V2.2b_ET_2006.nc [4909399] -> "/glade/derecho/scratch/bbuchovecky/pml-v2.2/V2.2b/yearly/ET/PML-V2.2b_ET_2006.nc" [1]
2026-10-04 11:10:24 URL: ftp://ftp2.tpdc.ac.cn:6201/PML/V2.2b/yearly/ET/PML-V2.2b_ET_2007.nc [4891779] -> "/glade/derecho/scratch/bbuchovecky/pml-v2.2/V2.2b/yearly/ET/PML-V2.2b_ET_2007.nc" [1]
2026-10-04 11:10:47 URL: ftp://ftp3.tpdc.ac.cn:6201/PML/V2.2b/yearly/ET/PML-V2.2b_ET_2008.nc [4891118] -> "/glade/derecho/scratch/bbuchovecky/pml-v2.2/V2.2b/yearly/ET/PML-V2.2b_ET_2008.nc" [1]
2026-10-04 11:11:05 URL: ftp://ftp2.tpdc.ac.cn:6201/PML/V2.2b/yearly/ET/PML-V2.2b_ET_2009.nc [4915947] -> "/glade/derecho/scratch/bbuchovecky/pml-v2.2/V2.2b/yearly/ET/PML-V2.2b_ET_2009.nc" [1]
2026-10-04 11:11:32 URL: ftp://ftp3.tpdc.ac.cn:6201/PML/V2.2b/yearly/ET/PML-V2.2b_ET_2010.nc [4898963] -> "/glade/derecho/scratch/bbuchovecky/pml-v2.2/V2.2b/yearly/ET/PML-V2.2b_ET_2010.nc" [1]
2026-10-04 11:11:51 URL: ftp://ftp2.tpdc.ac.cn:6201/PML/V2.2b/yearly/ET/PML-V2.2b_ET_2011.nc [4897231] -> "/glade/derecho/scratch/bbuchovecky/pml-v2.2/V2.2b/yearly/ET/PML-V2.2b_ET_2011.nc" [1]
2026-10-04 11:12:07 URL: ftp://ftp3.tpdc.ac.cn:6201/PML/V2.2b/yearly/ET/PML-V2.2b_ET_2012.nc [4917135] -> "/glade/derecho/scratch/bbuchovecky/pml-v2.2/V2.2b/yearly/ET/PML-V2.2b_ET_2012.nc" [1]
2026-10-04 11:13:11 URL: ftp://ftp3.tpdc.ac.cn:6201/PML/V2.2b/yearly/ET/PML-V2.2b_ET_2014.nc [4908951] -> "/glade/derecho/scratch/bbuchovecky/pml-v2.2/V2.2b/yearly/ET/PML-V2.2b_ET_2014.nc" [1]
2026-10-04 11:13:16 URL: ftp://ftp2.tpdc.ac.cn:6201/PML/V2.2b/yearly/ET/PML-V2.2b_ET_2013.nc [4905237] -> "/glade/derecho/scratch/bbuchovecky/pml-v2.2/V2.2b/yearly/ET/PML-V2.2b_ET_2013.nc" [1]
2026-10-04 11:13:51 URL: ftp://ftp2.tpdc.ac.cn:6201/PML/V2.2b/yearly/ET/PML-V2.2b_ET_2015.nc [4908099] -> "/glade/derecho/scratch/bbuchovecky/pml-v2.2/V2.2b/yearly/ET/PML-V2.2b_ET_2015.nc" [1]
2026-10-04 11:13:52 URL: ftp://ftp3.tpdc.ac.cn:6201/PML/V2.2b/yearly/ET/PML-V2.2b_ET_2016.nc [4911676] -> "/glade/derecho/scratch/bbuchovecky/pml-v2.2/V2.2b/yearly/ET/PML-V2.2b_ET_2016.nc" [1]
2026-10-04 11:14:34 URL: ftp://ftp2.tpdc.ac.cn:6201/PML/V2.2b/yearly/ET/PML-V2.2b_ET_2017.nc [4908674] -> "/glade/derecho/scratch/bbuchovecky/pml-v2.2/V2.2b/yearly/ET/PML-V2.2b_ET_2017.nc" [1]
2026-10-04 11:14:52 URL: ftp://ftp3.tpdc.ac.cn:6201/PML/V2.2b/yearly/ET/PML-V2.2b_ET_2018.nc [4935388] -> "/glade/derecho/scratch/bbuchovecky/pml-v2.2/V2.2b/yearly/ET/PML-V2.2b_ET_2018.nc" [1]
2026-10-04 11:15:08 URL: ftp://ftp2.tpdc.ac.cn:6201/PML/V2.2b/yearly/ET/PML-V2.2b_ET_2019.nc [4923591] -> "/glade/derecho/scratch/bbuchovecky/pml-v2.2/V2.2b/yearly/ET/PML-V2.2b_ET_2019.nc" [1]
2026-10-04 11:15:46 URL: ftp://ftp2.tpdc.ac.cn:6201/PML/V2.2b/yearly/Ec/PML-V2.2b_Ec_1982.nc [4120563] -> "/glade/derecho/scratch/bbuchovecky/pml-v2.2/V2.2b/yearly/Ec/PML-V2.2b_Ec_1982.nc" [1]
2026-10-04 11:15:49 URL: ftp://ftp3.tpdc.ac.cn:6201/PML/V2.2b/yearly/ET/PML-V2.2b_ET_2020.nc [4904946] -> "/glade/derecho/scratch/bbuchovecky/pml-v2.2/V2.2b/yearly/ET/PML-V2.2b_ET_2020.nc" [1]
2026-10-04 11:15:51 URL: ftp://ftp3.tpdc.ac.cn:6201/PML/V2.2b/yearly/Ec/PML-V2.2b_Ec_1983.nc [4123993] -> "/glade/derecho/scratch/bbuchovecky/pml-v2.2/V2.2b/yearly/Ec/PML-V2.2b_Ec_1983.nc" [1]
2026-10-04 11:15:56 URL: ftp://ftp2.tpdc.ac.cn:6201/PML/V2.2b/yearly/Ec/PML-V2.2b_Ec_1984.nc [4131626] -> "/glade/derecho/scratch/bbuchovecky/pml-v2.2/V2.2b/yearly/Ec/PML-V2.2b_Ec_1984.nc" [1]
2026-10-04 11:16:38 URL: ftp://ftp3.tpdc.ac.cn:6201/PML/V2.2b/yearly/Ec/PML-V2.2b_Ec_1985.nc [4108225] -> "/glade/derecho/scratch/bbuchovecky/pml-v2.2/V2.2b/yearly/Ec/PML-V2.2b_Ec_1985.nc" [1]
2026-10-04 11:17:10 URL: ftp://ftp2.tpdc.ac.cn:6201/PML/V2.2b/yearly/Ec/PML-V2.2b_Ec_1986.nc [4105712] -> "/glade/derecho/scratch/bbuchovecky/pml-v2.2/V2.2b/yearly/Ec/PML-V2.2b_Ec_1986.nc" [1]
2026-10-04 11:17:24 URL: ftp://ftp3.tpdc.ac.cn:6201/PML/V2.2b/yearly/Ec/PML-V2.2b_Ec_1987.nc [4094237] -> "/glade/derecho/scratch/bbuchovecky/pml-v2.2/V2.2b/yearly/Ec/PML-V2.2b_Ec_1987.nc" [1]
2026-10-04 11:17:52 URL: ftp://ftp3.tpdc.ac.cn:6201/PML/V2.2b/yearly/Ec/PML-V2.2b_Ec_1991.nc [4127475] -> "/glade/derecho/scratch/bbuchovecky/pml-v2.2/V2.2b/yearly/Ec/PML-V2.2b_Ec_1991.nc" [1]
2026-10-04 11:17:53 URL: ftp://ftp2.tpdc.ac.cn:6201/PML/V2.2b/yearly/Ec/PML-V2.2b_Ec_1988.nc [4122226] -> "/glade/derecho/scratch/bbuchovecky/pml-v2.2/V2.2b/yearly/Ec/PML-V2.2b_Ec_1988.nc" [1]
2026-10-04 11:18:03 URL: ftp://ftp2.tpdc.ac.cn:6201/PML/V2.2b/yearly/Ec/PML-V2.2b_Ec_1990.nc [4125627] -> "/glade/derecho/scratch/bbuchovecky/pml-v2.2/V2.2b/yearly/Ec/PML-V2.2b_Ec_1990.nc" [1]
2026-10-04 11:18:09 URL: ftp://ftp3.tpdc.ac.cn:6201/PML/V2.2b/yearly/Ec/PML-V2.2b_Ec_1989.nc [4108960] -> "/glade/derecho/scratch/bbuchovecky/pml-v2.2/V2.2b/yearly/Ec/PML-V2.2b_Ec_1989.nc" [1]
2026-10-04 11:18:46 URL: ftp://ftp2.tpdc.ac.cn:6201/PML/V2.2b/yearly/Ec/PML-V2.2b_Ec_1992.nc [4095563] -> "/glade/derecho/scratch/bbuchovecky/pml-v2.2/V2.2b/yearly/Ec/PML-V2.2b_Ec_1992.nc" [1]
2026-10-04 11:19:30 URL: ftp://ftp2.tpdc.ac.cn:6201/PML/V2.2b/yearly/Ec/PML-V2.2b_Ec_1994.nc [4125649] -> "/glade/derecho/scratch/bbuchovecky/pml-v2.2/V2.2b/yearly/Ec/PML-V2.2b_Ec_1994.nc" [1]
2026-10-04 11:19:35 URL: ftp://ftp3.tpdc.ac.cn:6201/PML/V2.2b/yearly/Ec/PML-V2.2b_Ec_1993.nc [4103117] -> "/glade/derecho/scratch/bbuchovecky/pml-v2.2/V2.2b/yearly/Ec/PML-V2.2b_Ec_1993.nc" [1]
2026-10-04 11:19:41 URL: ftp://ftp2.tpdc.ac.cn:6201/PML/V2.2b/yearly/Ec/PML-V2.2b_Ec_1996.nc [4102420] -> "/glade/derecho/scratch/bbuchovecky/pml-v2.2/V2.2b/yearly/Ec/PML-V2.2b_Ec_1996.nc" [1]
2026-10-04 11:20:06 URL: ftp://ftp3.tpdc.ac.cn:6201/PML/V2.2b/yearly/Ec/PML-V2.2b_Ec_1995.nc [4118963] -> "/glade/derecho/scratch/bbuchovecky/pml-v2.2/V2.2b/yearly/Ec/PML-V2.2b_Ec_1995.nc" [1]
2026-10-04 11:20:15 URL: ftp://ftp2.tpdc.ac.cn:6201/PML/V2.2b/yearly/Ec/PML-V2.2b_Ec_1998.nc [4120839] -> "/glade/derecho/scratch/bbuchovecky/pml-v2.2/V2.2b/yearly/Ec/PML-V2.2b_Ec_1998.nc" [1]
2026-10-04 11:20:15 URL: ftp://ftp3.tpdc.ac.cn:6201/PML/V2.2b/yearly/Ec/PML-V2.2b_Ec_1997.nc [4112011] -> "/glade/derecho/scratch/bbuchovecky/pml-v2.2/V2.2b/yearly/Ec/PML-V2.2b_Ec_1997.nc" [1]
2026-10-04 11:20:40 URL: ftp://ftp3.tpdc.ac.cn:6201/PML/V2.2b/yearly/Ec/PML-V2.2b_Ec_1999.nc [4107567] -> "/glade/derecho/scratch/bbuchovecky/pml-v2.2/V2.2b/yearly/Ec/PML-V2.2b_Ec_1999.nc" [1]
2026-10-04 11:21:50 URL: ftp://ftp2.tpdc.ac.cn:6201/PML/V2.2b/yearly/Ec/PML-V2.2b_Ec_2002.nc [4121311] -> "/glade/derecho/scratch/bbuchovecky/pml-v2.2/V2.2b/yearly/Ec/PML-V2.2b_Ec_2002.nc" [1]
2026-10-04 11:21:52 URL: ftp://ftp2.tpdc.ac.cn:6201/PML/V2.2b/yearly/Ec/PML-V2.2b_Ec_2000.nc [4121239] -> "/glade/derecho/scratch/bbuchovecky/pml-v2.2/V2.2b/yearly/Ec/PML-V2.2b_Ec_2000.nc" [1]
2026-10-04 11:22:01 URL: ftp://ftp3.tpdc.ac.cn:6201/PML/V2.2b/yearly/Ec/PML-V2.2b_Ec_2001.nc [4127698] -> "/glade/derecho/scratch/bbuchovecky/pml-v2.2/V2.2b/yearly/Ec/PML-V2.2b_Ec_2001.nc" [1]
2026-10-04 11:22:10 URL: ftp://ftp3.tpdc.ac.cn:6201/PML/V2.2b/yearly/Ec/PML-V2.2b_Ec_2005.nc [4102421] -> "/glade/derecho/scratch/bbuchovecky/pml-v2.2/V2.2b/yearly/Ec/PML-V2.2b_Ec_2005.nc" [1]
2026-10-04 11:22:21 URL: ftp://ftp3.tpdc.ac.cn:6201/PML/V2.2b/yearly/Ec/PML-V2.2b_Ec_2003.nc [4117011] -> "/glade/derecho/scratch/bbuchovecky/pml-v2.2/V2.2b/yearly/Ec/PML-V2.2b_Ec_2003.nc" [1]
2026-10-04 11:22:48 URL: ftp://ftp2.tpdc.ac.cn:6201/PML/V2.2b/yearly/Ec/PML-V2.2b_Ec_2004.nc [4095467] -> "/glade/derecho/scratch/bbuchovecky/pml-v2.2/V2.2b/yearly/Ec/PML-V2.2b_Ec_2004.nc" [1]
2026-10-04 11:23:06 URL: ftp://ftp2.tpdc.ac.cn:6201/PML/V2.2b/yearly/Ec/PML-V2.2b_Ec_2006.nc [4121364] -> "/glade/derecho/scratch/bbuchovecky/pml-v2.2/V2.2b/yearly/Ec/PML-V2.2b_Ec_2006.nc" [1]
2026-10-04 11:23:55 URL: ftp://ftp3.tpdc.ac.cn:6201/PML/V2.2b/yearly/Ec/PML-V2.2b_Ec_2007.nc [4124706] -> "/glade/derecho/scratch/bbuchovecky/pml-v2.2/V2.2b/yearly/Ec/PML-V2.2b_Ec_2007.nc" [1]
2026-10-04 11:24:07 URL: ftp://ftp2.tpdc.ac.cn:6201/PML/V2.2b/yearly/Ec/PML-V2.2b_Ec_2008.nc [4106801] -> "/glade/derecho/scratch/bbuchovecky/pml-v2.2/V2.2b/yearly/Ec/PML-V2.2b_Ec_2008.nc" [1]
2026-10-04 11:24:09 URL: ftp://ftp3.tpdc.ac.cn:6201/PML/V2.2b/yearly/Ec/PML-V2.2b_Ec_2009.nc [4111506] -> "/glade/derecho/scratch/bbuchovecky/pml-v2.2/V2.2b/yearly/Ec/PML-V2.2b_Ec_2009.nc" [1]
2026-10-04 11:24:28 URL: ftp://ftp2.tpdc.ac.cn:6201/PML/V2.2b/yearly/Ec/PML-V2.2b_Ec_2010.nc [4135914] -> "/glade/derecho/scratch/bbuchovecky/pml-v2.2/V2.2b/yearly/Ec/PML-V2.2b_Ec_2010.nc" [1]
2026-10-04 11:24:53 URL: ftp://ftp3.tpdc.ac.cn:6201/PML/V2.2b/yearly/Ec/PML-V2.2b_Ec_2011.nc [4138043] -> "/glade/derecho/scratch/bbuchovecky/pml-v2.2/V2.2b/yearly/Ec/PML-V2.2b_Ec_2011.nc" [1]
2026-10-04 11:25:00 URL: ftp://ftp2.tpdc.ac.cn:6201/PML/V2.2b/yearly/Ec/PML-V2.2b_Ec_2012.nc [4148621] -> "/glade/derecho/scratch/bbuchovecky/pml-v2.2/V2.2b/yearly/Ec/PML-V2.2b_Ec_2012.nc" [1]
2026-10-04 11:25:13 URL: ftp://ftp3.tpdc.ac.cn:6201/PML/V2.2b/yearly/Ec/PML-V2.2b_Ec_2013.nc [4138435] -> "/glade/derecho/scratch/bbuchovecky/pml-v2.2/V2.2b/yearly/Ec/PML-V2.2b_Ec_2013.nc" [1]
2026-10-04 11:25:56 URL: ftp://ftp3.tpdc.ac.cn:6201/PML/V2.2b/yearly/Ec/PML-V2.2b_Ec_2015.nc [4118399] -> "/glade/derecho/scratch/bbuchovecky/pml-v2.2/V2.2b/yearly/Ec/PML-V2.2b_Ec_2015.nc" [1]
2026-10-04 11:26:03 URL: ftp://ftp2.tpdc.ac.cn:6201/PML/V2.2b/yearly/Ec/PML-V2.2b_Ec_2014.nc [4116592] -> "/glade/derecho/scratch/bbuchovecky/pml-v2.2/V2.2b/yearly/Ec/PML-V2.2b_Ec_2014.nc" [1]
2026-10-04 11:26:24 URL: ftp://ftp2.tpdc.ac.cn:6201/PML/V2.2b/yearly/Ec/PML-V2.2b_Ec_2016.nc [4150976] -> "/glade/derecho/scratch/bbuchovecky/pml-v2.2/V2.2b/yearly/Ec/PML-V2.2b_Ec_2016.nc" [1]
2026-10-04 11:26:45 URL: ftp://ftp3.tpdc.ac.cn:6201/PML/V2.2b/yearly/Ec/PML-V2.2b_Ec_2017.nc [4124856] -> "/glade/derecho/scratch/bbuchovecky/pml-v2.2/V2.2b/yearly/Ec/PML-V2.2b_Ec_2017.nc" [1]
2026-10-04 11:27:00 URL: ftp://ftp3.tpdc.ac.cn:6201/PML/V2.2b/yearly/Ec/PML-V2.2b_Ec_2019.nc [4137818] -> "/glade/derecho/scratch/bbuchovecky/pml-v2.2/V2.2b/yearly/Ec/PML-V2.2b_Ec_2019.nc" [1]
2026-10-04 11:27:06 URL: ftp://ftp2.tpdc.ac.cn:6201/PML/V2.2b/yearly/Ec/PML-V2.2b_Ec_2018.nc [4123853] -> "/glade/derecho/scratch/bbuchovecky/pml-v2.2/V2.2b/yearly/Ec/PML-V2.2b_Ec_2018.nc" [1]
2026-10-04 11:27:19 URL: ftp://ftp2.tpdc.ac.cn:6201/PML/V2.2b/yearly/Ec/PML-V2.2b_Ec_2020.nc [4150493] -> "/glade/derecho/scratch/bbuchovecky/pml-v2.2/V2.2b/yearly/Ec/PML-V2.2b_Ec_2020.nc" [1]
2026-10-04 11:28:27 URL: ftp://ftp2.tpdc.ac.cn:6201/PML/V2.2b/yearly/Es/PML-V2.2b_Es_1983.nc [4741502] -> "/glade/derecho/scratch/bbuchovecky/pml-v2.2/V2.2b/yearly/Es/PML-V2.2b_Es_1983.nc" [1]
2026-10-04 11:28:30 URL: ftp://ftp3.tpdc.ac.cn:6201/PML/V2.2b/yearly/Es/PML-V2.2b_Es_1982.nc [4758769] -> "/glade/derecho/scratch/bbuchovecky/pml-v2.2/V2.2b/yearly/Es/PML-V2.2b_Es_1982.nc" [1]
2026-10-04 11:28:54 URL: ftp://ftp3.tpdc.ac.cn:6201/PML/V2.2b/yearly/Es/PML-V2.2b_Es_1984.nc [4718095] -> "/glade/derecho/scratch/bbuchovecky/pml-v2.2/V2.2b/yearly/Es/PML-V2.2b_Es_1984.nc" [1]
2026-10-04 11:29:40 URL: ftp://ftp3.tpdc.ac.cn:6201/PML/V2.2b/yearly/Es/PML-V2.2b_Es_1988.nc [4757919] -> "/glade/derecho/scratch/bbuchovecky/pml-v2.2/V2.2b/yearly/Es/PML-V2.2b_Es_1988.nc" [1]
2026-10-04 11:29:45 URL: ftp://ftp3.tpdc.ac.cn:6201/PML/V2.2b/yearly/Es/PML-V2.2b_Es_1986.nc [4739696] -> "/glade/derecho/scratch/bbuchovecky/pml-v2.2/V2.2b/yearly/Es/PML-V2.2b_Es_1986.nc" [1]
2026-10-04 11:29:45 URL: ftp://ftp2.tpdc.ac.cn:6201/PML/V2.2b/yearly/Es/PML-V2.2b_Es_1985.nc [4758598] -> "/glade/derecho/scratch/bbuchovecky/pml-v2.2/V2.2b/yearly/Es/PML-V2.2b_Es_1985.nc" [1]
2026-10-04 11:30:06 URL: ftp://ftp2.tpdc.ac.cn:6201/PML/V2.2b/yearly/Es/PML-V2.2b_Es_1987.nc [4740893] -> "/glade/derecho/scratch/bbuchovecky/pml-v2.2/V2.2b/yearly/Es/PML-V2.2b_Es_1987.nc" [1]
2026-10-04 11:30:58 URL: ftp://ftp2.tpdc.ac.cn:6201/PML/V2.2b/yearly/Es/PML-V2.2b_Es_1989.nc [4764084] -> "/glade/derecho/scratch/bbuchovecky/pml-v2.2/V2.2b/yearly/Es/PML-V2.2b_Es_1989.nc" [1]
2026-10-04 11:31:01 URL: ftp://ftp3.tpdc.ac.cn:6201/PML/V2.2b/yearly/Es/PML-V2.2b_Es_1990.nc [4740631] -> "/glade/derecho/scratch/bbuchovecky/pml-v2.2/V2.2b/yearly/Es/PML-V2.2b_Es_1990.nc" [1]
2026-10-04 11:31:32 URL: ftp://ftp2.tpdc.ac.cn:6201/PML/V2.2b/yearly/Es/PML-V2.2b_Es_1991.nc [4759822] -> "/glade/derecho/scratch/bbuchovecky/pml-v2.2/V2.2b/yearly/Es/PML-V2.2b_Es_1991.nc" [1]
2026-10-04 11:32:06 URL: ftp://ftp3.tpdc.ac.cn:6201/PML/V2.2b/yearly/Es/PML-V2.2b_Es_1992.nc [4751015] -> "/glade/derecho/scratch/bbuchovecky/pml-v2.2/V2.2b/yearly/Es/PML-V2.2b_Es_1992.nc" [1]
2026-10-04 11:32:15 URL: ftp://ftp2.tpdc.ac.cn:6201/PML/V2.2b/yearly/Es/PML-V2.2b_Es_1993.nc [4756335] -> "/glade/derecho/scratch/bbuchovecky/pml-v2.2/V2.2b/yearly/Es/PML-V2.2b_Es_1993.nc" [1]
2026-10-04 11:32:20 URL: ftp://ftp3.tpdc.ac.cn:6201/PML/V2.2b/yearly/Es/PML-V2.2b_Es_1994.nc [4772250] -> "/glade/derecho/scratch/bbuchovecky/pml-v2.2/V2.2b/yearly/Es/PML-V2.2b_Es_1994.nc" [1]
2026-10-04 11:33:10 URL: ftp://ftp2.tpdc.ac.cn:6201/PML/V2.2b/yearly/Es/PML-V2.2b_Es_1995.nc [4761110] -> "/glade/derecho/scratch/bbuchovecky/pml-v2.2/V2.2b/yearly/Es/PML-V2.2b_Es_1995.nc" [1]
2026-10-04 11:33:25 URL: ftp://ftp3.tpdc.ac.cn:6201/PML/V2.2b/yearly/Es/PML-V2.2b_Es_1996.nc [4738878] -> "/glade/derecho/scratch/bbuchovecky/pml-v2.2/V2.2b/yearly/Es/PML-V2.2b_Es_1996.nc" [1]
2026-10-04 11:33:31 URL: ftp://ftp2.tpdc.ac.cn:6201/PML/V2.2b/yearly/Es/PML-V2.2b_Es_1997.nc [4758553] -> "/glade/derecho/scratch/bbuchovecky/pml-v2.2/V2.2b/yearly/Es/PML-V2.2b_Es_1997.nc" [1]
2026-10-04 11:33:55 URL: ftp://ftp3.tpdc.ac.cn:6201/PML/V2.2b/yearly/Es/PML-V2.2b_Es_1998.nc [4755473] -> "/glade/derecho/scratch/bbuchovecky/pml-v2.2/V2.2b/yearly/Es/PML-V2.2b_Es_1998.nc" [1]
2026-10-04 11:34:32 URL: ftp://ftp2.tpdc.ac.cn:6201/PML/V2.2b/yearly/Es/PML-V2.2b_Es_1999.nc [4753409] -> "/glade/derecho/scratch/bbuchovecky/pml-v2.2/V2.2b/yearly/Es/PML-V2.2b_Es_1999.nc" [1]
2026-10-04 11:34:35 URL: ftp://ftp3.tpdc.ac.cn:6201/PML/V2.2b/yearly/Es/PML-V2.2b_Es_2000.nc [4747835] -> "/glade/derecho/scratch/bbuchovecky/pml-v2.2/V2.2b/yearly/Es/PML-V2.2b_Es_2000.nc" [1]
2026-10-04 11:35:16 URL: ftp://ftp2.tpdc.ac.cn:6201/PML/V2.2b/yearly/Es/PML-V2.2b_Es_2001.nc [4730198] -> "/glade/derecho/scratch/bbuchovecky/pml-v2.2/V2.2b/yearly/Es/PML-V2.2b_Es_2001.nc" [1]
2026-10-04 11:35:36 URL: ftp://ftp3.tpdc.ac.cn:6201/PML/V2.2b/yearly/Es/PML-V2.2b_Es_2002.nc [4766082] -> "/glade/derecho/scratch/bbuchovecky/pml-v2.2/V2.2b/yearly/Es/PML-V2.2b_Es_2002.nc" [1]
2026-10-04 11:36:07 URL: ftp://ftp2.tpdc.ac.cn:6201/PML/V2.2b/yearly/Es/PML-V2.2b_Es_2003.nc [4753135] -> "/glade/derecho/scratch/bbuchovecky/pml-v2.2/V2.2b/yearly/Es/PML-V2.2b_Es_2003.nc" [1]
2026-10-04 11:36:10 URL: ftp://ftp3.tpdc.ac.cn:6201/PML/V2.2b/yearly/Es/PML-V2.2b_Es_2004.nc [4757447] -> "/glade/derecho/scratch/bbuchovecky/pml-v2.2/V2.2b/yearly/Es/PML-V2.2b_Es_2004.nc" [1]
2026-10-04 11:36:17 URL: ftp://ftp2.tpdc.ac.cn:6201/PML/V2.2b/yearly/Es/PML-V2.2b_Es_2005.nc [4768806] -> "/glade/derecho/scratch/bbuchovecky/pml-v2.2/V2.2b/yearly/Es/PML-V2.2b_Es_2005.nc" [1]
2026-10-04 11:36:48 URL: ftp://ftp3.tpdc.ac.cn:6201/PML/V2.2b/yearly/Es/PML-V2.2b_Es_2006.nc [4775771] -> "/glade/derecho/scratch/bbuchovecky/pml-v2.2/V2.2b/yearly/Es/PML-V2.2b_Es_2006.nc" [1]
2026-10-04 11:36:59 URL: ftp://ftp2.tpdc.ac.cn:6201/PML/V2.2b/yearly/Es/PML-V2.2b_Es_2007.nc [4759825] -> "/glade/derecho/scratch/bbuchovecky/pml-v2.2/V2.2b/yearly/Es/PML-V2.2b_Es_2007.nc" [1]
2026-10-04 11:37:14 URL: ftp://ftp3.tpdc.ac.cn:6201/PML/V2.2b/yearly/Es/PML-V2.2b_Es_2008.nc [4764175] -> "/glade/derecho/scratch/bbuchovecky/pml-v2.2/V2.2b/yearly/Es/PML-V2.2b_Es_2008.nc" [1]
2026-10-04 11:38:06 URL: ftp://ftp2.tpdc.ac.cn:6201/PML/V2.2b/yearly/Es/PML-V2.2b_Es_2009.nc [4777093] -> "/glade/derecho/scratch/bbuchovecky/pml-v2.2/V2.2b/yearly/Es/PML-V2.2b_Es_2009.nc" [1]
2026-10-04 11:38:34 URL: ftp://ftp3.tpdc.ac.cn:6201/PML/V2.2b/yearly/Es/PML-V2.2b_Es_2010.nc [4761495] -> "/glade/derecho/scratch/bbuchovecky/pml-v2.2/V2.2b/yearly/Es/PML-V2.2b_Es_2010.nc" [1]
2026-10-04 11:38:39 URL: ftp://ftp3.tpdc.ac.cn:6201/PML/V2.2b/yearly/Es/PML-V2.2b_Es_2012.nc [4773416] -> "/glade/derecho/scratch/bbuchovecky/pml-v2.2/V2.2b/yearly/Es/PML-V2.2b_Es_2012.nc" [1]
2026-10-04 11:38:57 URL: ftp://ftp2.tpdc.ac.cn:6201/PML/V2.2b/yearly/Es/PML-V2.2b_Es_2011.nc [4754333] -> "/glade/derecho/scratch/bbuchovecky/pml-v2.2/V2.2b/yearly/Es/PML-V2.2b_Es_2011.nc" [1]
2026-10-04 11:39:07 URL: ftp://ftp2.tpdc.ac.cn:6201/PML/V2.2b/yearly/Es/PML-V2.2b_Es_2013.nc [4766334] -> "/glade/derecho/scratch/bbuchovecky/pml-v2.2/V2.2b/yearly/Es/PML-V2.2b_Es_2013.nc" [1]
2026-10-04 11:39:14 URL: ftp://ftp3.tpdc.ac.cn:6201/PML/V2.2b/yearly/Es/PML-V2.2b_Es_2014.nc [4771029] -> "/glade/derecho/scratch/bbuchovecky/pml-v2.2/V2.2b/yearly/Es/PML-V2.2b_Es_2014.nc" [1]
2026-10-04 11:40:00 URL: ftp://ftp2.tpdc.ac.cn:6201/PML/V2.2b/yearly/Es/PML-V2.2b_Es_2015.nc [4766665] -> "/glade/derecho/scratch/bbuchovecky/pml-v2.2/V2.2b/yearly/Es/PML-V2.2b_Es_2015.nc" [1]
2026-10-04 11:40:38 URL: ftp://ftp3.tpdc.ac.cn:6201/PML/V2.2b/yearly/Es/PML-V2.2b_Es_2016.nc [4767106] -> "/glade/derecho/scratch/bbuchovecky/pml-v2.2/V2.2b/yearly/Es/PML-V2.2b_Es_2016.nc" [1]
2026-10-04 11:41:06 URL: ftp://ftp3.tpdc.ac.cn:6201/PML/V2.2b/yearly/Es/PML-V2.2b_Es_2018.nc [4781611] -> "/glade/derecho/scratch/bbuchovecky/pml-v2.2/V2.2b/yearly/Es/PML-V2.2b_Es_2018.nc" [1]
2026-10-04 11:41:11 URL: ftp://ftp2.tpdc.ac.cn:6201/PML/V2.2b/yearly/Es/PML-V2.2b_Es_2017.nc [4766008] -> "/glade/derecho/scratch/bbuchovecky/pml-v2.2/V2.2b/yearly/Es/PML-V2.2b_Es_2017.nc" [1]
2026-10-04 11:41:16 URL: ftp://ftp2.tpdc.ac.cn:6201/PML/V2.2b/yearly/Ei/PML-V2.2b_Ei_1982.nc [3614960] -> "/glade/derecho/scratch/bbuchovecky/pml-v2.2/V2.2b/yearly/Ei/PML-V2.2b_Ei_1982.nc" [1]
2026-10-04 11:41:36 URL: ftp://ftp2.tpdc.ac.cn:6201/PML/V2.2b/yearly/Es/PML-V2.2b_Es_2019.nc [4776447] -> "/glade/derecho/scratch/bbuchovecky/pml-v2.2/V2.2b/yearly/Es/PML-V2.2b_Es_2019.nc" [1]
2026-10-04 11:41:43 URL: ftp://ftp3.tpdc.ac.cn:6201/PML/V2.2b/yearly/Es/PML-V2.2b_Es_2020.nc [4760922] -> "/glade/derecho/scratch/bbuchovecky/pml-v2.2/V2.2b/yearly/Es/PML-V2.2b_Es_2020.nc" [1]
2026-10-04 11:41:49 URL: ftp://ftp3.tpdc.ac.cn:6201/PML/V2.2b/yearly/Ei/PML-V2.2b_Ei_1983.nc [3616730] -> "/glade/derecho/scratch/bbuchovecky/pml-v2.2/V2.2b/yearly/Ei/PML-V2.2b_Ei_1983.nc" [1]
2026-10-04 11:42:48 URL: ftp://ftp2.tpdc.ac.cn:6201/PML/V2.2b/yearly/Ei/PML-V2.2b_Ei_1984.nc [3605087] -> "/glade/derecho/scratch/bbuchovecky/pml-v2.2/V2.2b/yearly/Ei/PML-V2.2b_Ei_1984.nc" [1]
2026-10-04 11:43:12 URL: ftp://ftp2.tpdc.ac.cn:6201/PML/V2.2b/yearly/Ei/PML-V2.2b_Ei_1986.nc [3595159] -> "/glade/derecho/scratch/bbuchovecky/pml-v2.2/V2.2b/yearly/Ei/PML-V2.2b_Ei_1986.nc" [1]
2026-10-04 11:43:16 URL: ftp://ftp3.tpdc.ac.cn:6201/PML/V2.2b/yearly/Ei/PML-V2.2b_Ei_1987.nc [3606141] -> "/glade/derecho/scratch/bbuchovecky/pml-v2.2/V2.2b/yearly/Ei/PML-V2.2b_Ei_1987.nc" [1]
2026-10-04 11:43:16 URL: ftp://ftp3.tpdc.ac.cn:6201/PML/V2.2b/yearly/Ei/PML-V2.2b_Ei_1985.nc [3601237] -> "/glade/derecho/scratch/bbuchovecky/pml-v2.2/V2.2b/yearly/Ei/PML-V2.2b_Ei_1985.nc" [1]
2026-10-04 11:43:27 URL: ftp://ftp2.tpdc.ac.cn:6201/PML/V2.2b/yearly/Ei/PML-V2.2b_Ei_1988.nc [3603168] -> "/glade/derecho/scratch/bbuchovecky/pml-v2.2/V2.2b/yearly/Ei/PML-V2.2b_Ei_1988.nc" [1]
2026-10-04 11:43:40 URL: ftp://ftp3.tpdc.ac.cn:6201/PML/V2.2b/yearly/Ei/PML-V2.2b_Ei_1989.nc [3615319] -> "/glade/derecho/scratch/bbuchovecky/pml-v2.2/V2.2b/yearly/Ei/PML-V2.2b_Ei_1989.nc" [1]
2026-10-04 11:43:54 URL: ftp://ftp2.tpdc.ac.cn:6201/PML/V2.2b/yearly/Ei/PML-V2.2b_Ei_1990.nc [3609620] -> "/glade/derecho/scratch/bbuchovecky/pml-v2.2/V2.2b/yearly/Ei/PML-V2.2b_Ei_1990.nc" [1]
2026-10-04 11:44:46 URL: ftp://ftp3.tpdc.ac.cn:6201/PML/V2.2b/yearly/Ei/PML-V2.2b_Ei_1991.nc [3605988] -> "/glade/derecho/scratch/bbuchovecky/pml-v2.2/V2.2b/yearly/Ei/PML-V2.2b_Ei_1991.nc" [1]
2026-10-04 11:44:59 URL: ftp://ftp2.tpdc.ac.cn:6201/PML/V2.2b/yearly/Ei/PML-V2.2b_Ei_1992.nc [3602536] -> "/glade/derecho/scratch/bbuchovecky/pml-v2.2/V2.2b/yearly/Ei/PML-V2.2b_Ei_1992.nc" [1]
2026-10-04 11:45:14 URL: ftp://ftp3.tpdc.ac.cn:6201/PML/V2.2b/yearly/Ei/PML-V2.2b_Ei_1993.nc [3617185] -> "/glade/derecho/scratch/bbuchovecky/pml-v2.2/V2.2b/yearly/Ei/PML-V2.2b_Ei_1993.nc" [1]
2026-10-04 11:45:17 URL: ftp://ftp2.tpdc.ac.cn:6201/PML/V2.2b/yearly/Ei/PML-V2.2b_Ei_1994.nc [3615076] -> "/glade/derecho/scratch/bbuchovecky/pml-v2.2/V2.2b/yearly/Ei/PML-V2.2b_Ei_1994.nc" [1]
2026-10-04 11:45:33 URL: ftp://ftp3.tpdc.ac.cn:6201/PML/V2.2b/yearly/Ei/PML-V2.2b_Ei_1995.nc [3622035] -> "/glade/derecho/scratch/bbuchovecky/pml-v2.2/V2.2b/yearly/Ei/PML-V2.2b_Ei_1995.nc" [1]
2026-10-04 11:45:49 URL: ftp://ftp3.tpdc.ac.cn:6201/PML/V2.2b/yearly/Ei/PML-V2.2b_Ei_1997.nc [3626905] -> "/glade/derecho/scratch/bbuchovecky/pml-v2.2/V2.2b/yearly/Ei/PML-V2.2b_Ei_1997.nc" [1]
2026-10-04 11:45:53 URL: ftp://ftp2.tpdc.ac.cn:6201/PML/V2.2b/yearly/Ei/PML-V2.2b_Ei_1996.nc [3603415] -> "/glade/derecho/scratch/bbuchovecky/pml-v2.2/V2.2b/yearly/Ei/PML-V2.2b_Ei_1996.nc" [1]
2026-10-04 11:46:37 URL: ftp://ftp2.tpdc.ac.cn:6201/PML/V2.2b/yearly/Ei/PML-V2.2b_Ei_1998.nc [3629176] -> "/glade/derecho/scratch/bbuchovecky/pml-v2.2/V2.2b/yearly/Ei/PML-V2.2b_Ei_1998.nc" [1]
2026-10-04 11:46:44 URL: ftp://ftp3.tpdc.ac.cn:6201/PML/V2.2b/yearly/Ei/PML-V2.2b_Ei_1999.nc [3616588] -> "/glade/derecho/scratch/bbuchovecky/pml-v2.2/V2.2b/yearly/Ei/PML-V2.2b_Ei_1999.nc" [1]
2026-10-04 11:46:58 URL: ftp://ftp3.tpdc.ac.cn:6201/PML/V2.2b/yearly/Ei/PML-V2.2b_Ei_2001.nc [3613002] -> "/glade/derecho/scratch/bbuchovecky/pml-v2.2/V2.2b/yearly/Ei/PML-V2.2b_Ei_2001.nc" [1]
2026-10-04 11:47:25 URL: ftp://ftp2.tpdc.ac.cn:6201/PML/V2.2b/yearly/Ei/PML-V2.2b_Ei_2000.nc [3617650] -> "/glade/derecho/scratch/bbuchovecky/pml-v2.2/V2.2b/yearly/Ei/PML-V2.2b_Ei_2000.nc" [1]
2026-10-04 11:47:32 URL: ftp://ftp2.tpdc.ac.cn:6201/PML/V2.2b/yearly/Ei/PML-V2.2b_Ei_2002.nc [3601103] -> "/glade/derecho/scratch/bbuchovecky/pml-v2.2/V2.2b/yearly/Ei/PML-V2.2b_Ei_2002.nc" [1]
2026-10-04 11:47:40 URL: ftp://ftp2.tpdc.ac.cn:6201/PML/V2.2b/yearly/Ei/PML-V2.2b_Ei_2004.nc [3605015] -> "/glade/derecho/scratch/bbuchovecky/pml-v2.2/V2.2b/yearly/Ei/PML-V2.2b_Ei_2004.nc" [1]
2026-10-04 11:47:49 URL: ftp://ftp3.tpdc.ac.cn:6201/PML/V2.2b/yearly/Ei/PML-V2.2b_Ei_2003.nc [3612303] -> "/glade/derecho/scratch/bbuchovecky/pml-v2.2/V2.2b/yearly/Ei/PML-V2.2b_Ei_2003.nc" [1]
2026-10-04 11:48:26 URL: ftp://ftp3.tpdc.ac.cn:6201/PML/V2.2b/yearly/Ei/PML-V2.2b_Ei_2005.nc [3606684] -> "/glade/derecho/scratch/bbuchovecky/pml-v2.2/V2.2b/yearly/Ei/PML-V2.2b_Ei_2005.nc" [1]
2026-10-04 11:48:46 URL: ftp://ftp2.tpdc.ac.cn:6201/PML/V2.2b/yearly/Ei/PML-V2.2b_Ei_2006.nc [3629725] -> "/glade/derecho/scratch/bbuchovecky/pml-v2.2/V2.2b/yearly/Ei/PML-V2.2b_Ei_2006.nc" [1]
2026-10-04 11:49:00 URL: ftp://ftp3.tpdc.ac.cn:6201/PML/V2.2b/yearly/Ei/PML-V2.2b_Ei_2007.nc [3621666] -> "/glade/derecho/scratch/bbuchovecky/pml-v2.2/V2.2b/yearly/Ei/PML-V2.2b_Ei_2007.nc" [1]
2026-10-04 11:49:07 URL: ftp://ftp2.tpdc.ac.cn:6201/PML/V2.2b/yearly/Ei/PML-V2.2b_Ei_2008.nc [3593945] -> "/glade/derecho/scratch/bbuchovecky/pml-v2.2/V2.2b/yearly/Ei/PML-V2.2b_Ei_2008.nc" [1]
2026-10-04 11:49:23 URL: ftp://ftp3.tpdc.ac.cn:6201/PML/V2.2b/yearly/Ei/PML-V2.2b_Ei_2009.nc [3618364] -> "/glade/derecho/scratch/bbuchovecky/pml-v2.2/V2.2b/yearly/Ei/PML-V2.2b_Ei_2009.nc" [1]
2026-10-04 11:49:27 URL: ftp://ftp2.tpdc.ac.cn:6201/PML/V2.2b/yearly/Ei/PML-V2.2b_Ei_2010.nc [3649163] -> "/glade/derecho/scratch/bbuchovecky/pml-v2.2/V2.2b/yearly/Ei/PML-V2.2b_Ei_2010.nc" [1]
2026-10-04 11:49:45 URL: ftp://ftp3.tpdc.ac.cn:6201/PML/V2.2b/yearly/Ei/PML-V2.2b_Ei_2011.nc [3662059] -> "/glade/derecho/scratch/bbuchovecky/pml-v2.2/V2.2b/yearly/Ei/PML-V2.2b_Ei_2011.nc" [1]
2026-10-04 11:50:21 URL: ftp://ftp2.tpdc.ac.cn:6201/PML/V2.2b/yearly/Ei/PML-V2.2b_Ei_2012.nc [3650420] -> "/glade/derecho/scratch/bbuchovecky/pml-v2.2/V2.2b/yearly/Ei/PML-V2.2b_Ei_2012.nc" [1]
2026-10-04 11:50:28 URL: ftp://ftp2.tpdc.ac.cn:6201/PML/V2.2b/yearly/Ei/PML-V2.2b_Ei_2016.nc [3675391] -> "/glade/derecho/scratch/bbuchovecky/pml-v2.2/V2.2b/yearly/Ei/PML-V2.2b_Ei_2016.nc" [1]
2026-10-04 11:50:29 URL: ftp://ftp3.tpdc.ac.cn:6201/PML/V2.2b/yearly/Ei/PML-V2.2b_Ei_2017.nc [3662263] -> "/glade/derecho/scratch/bbuchovecky/pml-v2.2/V2.2b/yearly/Ei/PML-V2.2b_Ei_2017.nc" [1]
2026-10-04 11:50:40 URL: ftp://ftp3.tpdc.ac.cn:6201/PML/V2.2b/yearly/Ei/PML-V2.2b_Ei_2013.nc [3640434] -> "/glade/derecho/scratch/bbuchovecky/pml-v2.2/V2.2b/yearly/Ei/PML-V2.2b_Ei_2013.nc" [1]
2026-10-04 11:50:41 URL: ftp://ftp3.tpdc.ac.cn:6201/PML/V2.2b/yearly/Ei/PML-V2.2b_Ei_2015.nc [3656838] -> "/glade/derecho/scratch/bbuchovecky/pml-v2.2/V2.2b/yearly/Ei/PML-V2.2b_Ei_2015.nc" [1]
2026-10-04 11:50:52 URL: ftp://ftp2.tpdc.ac.cn:6201/PML/V2.2b/yearly/Ei/PML-V2.2b_Ei_2014.nc [3643215] -> "/glade/derecho/scratch/bbuchovecky/pml-v2.2/V2.2b/yearly/Ei/PML-V2.2b_Ei_2014.nc" [1]
2026-10-04 11:51:28 URL: ftp://ftp2.tpdc.ac.cn:6201/PML/V2.2b/yearly/Ei/PML-V2.2b_Ei_2018.nc [3656335] -> "/glade/derecho/scratch/bbuchovecky/pml-v2.2/V2.2b/yearly/Ei/PML-V2.2b_Ei_2018.nc" [1]
2026-10-04 11:51:50 URL: ftp://ftp3.tpdc.ac.cn:6201/PML/V2.2b/yearly/Ei/PML-V2.2b_Ei_2019.nc [3645519] -> "/glade/derecho/scratch/bbuchovecky/pml-v2.2/V2.2b/yearly/Ei/PML-V2.2b_Ei_2019.nc" [1]
2026-10-04 11:52:35 URL: ftp://ftp2.tpdc.ac.cn:6201/PML/V2.2b/yearly/Ei/PML-V2.2b_Ei_2020.nc [3662018] -> "/glade/derecho/scratch/bbuchovecky/pml-v2.2/V2.2b/yearly/Ei/PML-V2.2b_Ei_2020.nc" [1]
2026-10-04 11:52:35 URL: ftp://ftp3.tpdc.ac.cn:6201/PML/V2.2b/yearly/E/PML-V2.2b_E_1982.nc [5057287] -> "/glade/derecho/scratch/bbuchovecky/pml-v2.2/V2.2b/yearly/E/PML-V2.2b_E_1982.nc" [1]
2026-10-04 11:53:05 URL: ftp://ftp3.tpdc.ac.cn:6201/PML/V2.2b/yearly/E/PML-V2.2b_E_1984.nc [5017417] -> "/glade/derecho/scratch/bbuchovecky/pml-v2.2/V2.2b/yearly/E/PML-V2.2b_E_1984.nc" [1]
2026-10-04 11:53:18 URL: ftp://ftp3.tpdc.ac.cn:6201/PML/V2.2b/monthly/GPP/PML-V2.2b_GPP_1999.nc [31944481] -> "/glade/derecho/scratch/bbuchovecky/pml-v2.2/V2.2b/monthly/GPP/PML-V2.2b_GPP_1999.nc" [1]
2026-10-04 11:53:20 URL: ftp://ftp2.tpdc.ac.cn:6201/PML/V2.2b/yearly/E/PML-V2.2b_E_1983.nc [5049387] -> "/glade/derecho/scratch/bbuchovecky/pml-v2.2/V2.2b/yearly/E/PML-V2.2b_E_1983.nc" [1]
2026-10-04 11:53:47 URL: ftp://ftp2.tpdc.ac.cn:6201/PML/V2.2b/yearly/E/PML-V2.2b_E_1985.nc [5055542] -> "/glade/derecho/scratch/bbuchovecky/pml-v2.2/V2.2b/yearly/E/PML-V2.2b_E_1985.nc" [1]
2026-10-04 11:53:57 URL: ftp://ftp3.tpdc.ac.cn:6201/PML/V2.2b/yearly/E/PML-V2.2b_E_1986.nc [5050828] -> "/glade/derecho/scratch/bbuchovecky/pml-v2.2/V2.2b/yearly/E/PML-V2.2b_E_1986.nc" [1]
2026-10-04 11:54:42 URL: ftp://ftp2.tpdc.ac.cn:6201/PML/V2.2b/yearly/E/PML-V2.2b_E_1987.nc [5043838] -> "/glade/derecho/scratch/bbuchovecky/pml-v2.2/V2.2b/yearly/E/PML-V2.2b_E_1987.nc" [1]
2026-10-04 11:55:31 URL: ftp://ftp2.tpdc.ac.cn:6201/PML/V2.2b/yearly/E/PML-V2.2b_E_1989.nc [5067209] -> "/glade/derecho/scratch/bbuchovecky/pml-v2.2/V2.2b/yearly/E/PML-V2.2b_E_1989.nc" [1]
2026-10-04 11:55:34 URL: ftp://ftp3.tpdc.ac.cn:6201/PML/V2.2b/yearly/E/PML-V2.2b_E_1988.nc [5074492] -> "/glade/derecho/scratch/bbuchovecky/pml-v2.2/V2.2b/yearly/E/PML-V2.2b_E_1988.nc" [1]
2026-10-04 11:55:52 URL: ftp://ftp2.tpdc.ac.cn:6201/PML/V2.2b/yearly/E/PML-V2.2b_E_1991.nc [5065454] -> "/glade/derecho/scratch/bbuchovecky/pml-v2.2/V2.2b/yearly/E/PML-V2.2b_E_1991.nc" [1]
2026-10-04 11:55:57 URL: ftp://ftp3.tpdc.ac.cn:6201/PML/V2.2b/yearly/E/PML-V2.2b_E_1992.nc [5067033] -> "/glade/derecho/scratch/bbuchovecky/pml-v2.2/V2.2b/yearly/E/PML-V2.2b_E_1992.nc" [1]
2026-10-04 11:55:59 URL: ftp://ftp3.tpdc.ac.cn:6201/PML/V2.2b/yearly/E/PML-V2.2b_E_1990.nc [5042313] -> "/glade/derecho/scratch/bbuchovecky/pml-v2.2/V2.2b/yearly/E/PML-V2.2b_E_1990.nc" [1]
2026-10-04 11:56:09 URL: ftp://ftp3.tpdc.ac.cn:6201/PML/V2.2b/yearly/E/PML-V2.2b_E_1994.nc [5080393] -> "/glade/derecho/scratch/bbuchovecky/pml-v2.2/V2.2b/yearly/E/PML-V2.2b_E_1994.nc" [1]
2026-10-04 11:56:39 URL: ftp://ftp2.tpdc.ac.cn:6201/PML/V2.2b/yearly/E/PML-V2.2b_E_1993.nc [5048438] -> "/glade/derecho/scratch/bbuchovecky/pml-v2.2/V2.2b/yearly/E/PML-V2.2b_E_1993.nc" [1]
2026-10-04 11:57:11 URL: ftp://ftp2.tpdc.ac.cn:6201/PML/V2.2b/yearly/E/PML-V2.2b_E_1995.nc [5072404] -> "/glade/derecho/scratch/bbuchovecky/pml-v2.2/V2.2b/yearly/E/PML-V2.2b_E_1995.nc" [1]
2026-10-04 11:57:41 URL: ftp://ftp2.tpdc.ac.cn:6201/PML/V2.2b/yearly/E/PML-V2.2b_E_1997.nc [5069210] -> "/glade/derecho/scratch/bbuchovecky/pml-v2.2/V2.2b/yearly/E/PML-V2.2b_E_1997.nc" [1]
2026-10-04 11:57:52 URL: ftp://ftp3.tpdc.ac.cn:6201/PML/V2.2b/yearly/E/PML-V2.2b_E_1996.nc [5047677] -> "/glade/derecho/scratch/bbuchovecky/pml-v2.2/V2.2b/yearly/E/PML-V2.2b_E_1996.nc" [1]
2026-10-04 11:58:05 URL: ftp://ftp2.tpdc.ac.cn:6201/PML/V2.2b/yearly/E/PML-V2.2b_E_1999.nc [5065888] -> "/glade/derecho/scratch/bbuchovecky/pml-v2.2/V2.2b/yearly/E/PML-V2.2b_E_1999.nc" [1]
2026-10-04 11:58:10 URL: ftp://ftp3.tpdc.ac.cn:6201/PML/V2.2b/yearly/E/PML-V2.2b_E_1998.nc [5067882] -> "/glade/derecho/scratch/bbuchovecky/pml-v2.2/V2.2b/yearly/E/PML-V2.2b_E_1998.nc" [1]
2026-10-04 11:58:30 URL: ftp://ftp2.tpdc.ac.cn:6201/PML/V2.2b/yearly/E/PML-V2.2b_E_2001.nc [5025153] -> "/glade/derecho/scratch/bbuchovecky/pml-v2.2/V2.2b/yearly/E/PML-V2.2b_E_2001.nc" [1]
2026-10-04 11:58:35 URL: ftp://ftp3.tpdc.ac.cn:6201/PML/V2.2b/yearly/E/PML-V2.2b_E_2000.nc [5035611] -> "/glade/derecho/scratch/bbuchovecky/pml-v2.2/V2.2b/yearly/E/PML-V2.2b_E_2000.nc" [1]
2026-10-04 11:59:01 URL: ftp://ftp3.tpdc.ac.cn:6201/PML/V2.2b/yearly/E/PML-V2.2b_E_2002.nc [5068267] -> "/glade/derecho/scratch/bbuchovecky/pml-v2.2/V2.2b/yearly/E/PML-V2.2b_E_2002.nc" [1]
2026-10-04 11:59:40 URL: ftp://ftp2.tpdc.ac.cn:6201/PML/V2.2b/yearly/E/PML-V2.2b_E_2003.nc [5048313] -> "/glade/derecho/scratch/bbuchovecky/pml-v2.2/V2.2b/yearly/E/PML-V2.2b_E_2003.nc" [1]
2026-10-04 12:00:10 URL: ftp://ftp3.tpdc.ac.cn:6201/PML/V2.2b/yearly/E/PML-V2.2b_E_2004.nc [5040228] -> "/glade/derecho/scratch/bbuchovecky/pml-v2.2/V2.2b/yearly/E/PML-V2.2b_E_2004.nc" [1]
2026-10-04 12:00:11 URL: ftp://ftp2.tpdc.ac.cn:6201/PML/V2.2b/yearly/E/PML-V2.2b_E_2005.nc [5063064] -> "/glade/derecho/scratch/bbuchovecky/pml-v2.2/V2.2b/yearly/E/PML-V2.2b_E_2005.nc" [1]
2026-10-04 12:00:43 URL: ftp://ftp3.tpdc.ac.cn:6201/PML/V2.2b/yearly/E/PML-V2.2b_E_2006.nc [5068805] -> "/glade/derecho/scratch/bbuchovecky/pml-v2.2/V2.2b/yearly/E/PML-V2.2b_E_2006.nc" [1]
2026-10-04 12:00:46 URL: ftp://ftp2.tpdc.ac.cn:6201/PML/V2.2b/yearly/E/PML-V2.2b_E_2009.nc [5075510] -> "/glade/derecho/scratch/bbuchovecky/pml-v2.2/V2.2b/yearly/E/PML-V2.2b_E_2009.nc" [1]
2026-10-04 12:00:59 URL: ftp://ftp2.tpdc.ac.cn:6201/PML/V2.2b/yearly/E/PML-V2.2b_E_2007.nc [5057908] -> "/glade/derecho/scratch/bbuchovecky/pml-v2.2/V2.2b/yearly/E/PML-V2.2b_E_2007.nc" [1]
2026-10-04 12:00:59 URL: ftp://ftp3.tpdc.ac.cn:6201/PML/V2.2b/yearly/E/PML-V2.2b_E_2008.nc [5053188] -> "/glade/derecho/scratch/bbuchovecky/pml-v2.2/V2.2b/yearly/E/PML-V2.2b_E_2008.nc" [1]
2026-10-04 12:01:31 URL: ftp://ftp3.tpdc.ac.cn:6201/PML/V2.2b/yearly/E/PML-V2.2b_E_2010.nc [5065420] -> "/glade/derecho/scratch/bbuchovecky/pml-v2.2/V2.2b/yearly/E/PML-V2.2b_E_2010.nc" [1]
2026-10-04 12:02:18 URL: ftp://ftp2.tpdc.ac.cn:6201/PML/V2.2b/yearly/E/PML-V2.2b_E_2011.nc [5063333] -> "/glade/derecho/scratch/bbuchovecky/pml-v2.2/V2.2b/yearly/E/PML-V2.2b_E_2011.nc" [1]
2026-10-04 12:02:40 URL: ftp://ftp3.tpdc.ac.cn:6201/PML/V2.2b/yearly/E/PML-V2.2b_E_2012.nc [5082353] -> "/glade/derecho/scratch/bbuchovecky/pml-v2.2/V2.2b/yearly/E/PML-V2.2b_E_2012.nc" [1]
2026-10-04 12:02:48 URL: ftp://ftp2.tpdc.ac.cn:6201/PML/V2.2b/yearly/E/PML-V2.2b_E_2013.nc [5064467] -> "/glade/derecho/scratch/bbuchovecky/pml-v2.2/V2.2b/yearly/E/PML-V2.2b_E_2013.nc" [1]
2026-10-04 12:03:15 URL: ftp://ftp2.tpdc.ac.cn:6201/PML/V2.2b/yearly/E/PML-V2.2b_E_2015.nc [5071869] -> "/glade/derecho/scratch/bbuchovecky/pml-v2.2/V2.2b/yearly/E/PML-V2.2b_E_2015.nc" [1]
2026-10-04 12:03:25 URL: ftp://ftp3.tpdc.ac.cn:6201/PML/V2.2b/yearly/E/PML-V2.2b_E_2014.nc [5072743] -> "/glade/derecho/scratch/bbuchovecky/pml-v2.2/V2.2b/yearly/E/PML-V2.2b_E_2014.nc" [1]
2026-10-04 12:03:40 URL: ftp://ftp3.tpdc.ac.cn:6201/PML/V2.2b/yearly/E/PML-V2.2b_E_2016.nc [5074239] -> "/glade/derecho/scratch/bbuchovecky/pml-v2.2/V2.2b/yearly/E/PML-V2.2b_E_2016.nc" [1]
2026-10-04 12:03:46 URL: ftp://ftp2.tpdc.ac.cn:6201/PML/V2.2b/yearly/Ew/PML-V2.2b_Ew_1982.nc [1486896] -> "/glade/derecho/scratch/bbuchovecky/pml-v2.2/V2.2b/yearly/Ew/PML-V2.2b_Ew_1982.nc" [1]
2026-10-04 12:03:52 URL: ftp://ftp3.tpdc.ac.cn:6201/PML/V2.2b/yearly/Ew/PML-V2.2b_Ew_1983.nc [1483667] -> "/glade/derecho/scratch/bbuchovecky/pml-v2.2/V2.2b/yearly/Ew/PML-V2.2b_Ew_1983.nc" [1]
2026-10-04 12:03:56 URL: ftp://ftp3.tpdc.ac.cn:6201/PML/V2.2b/yearly/E/PML-V2.2b_E_2018.nc [5096584] -> "/glade/derecho/scratch/bbuchovecky/pml-v2.2/V2.2b/yearly/E/PML-V2.2b_E_2018.nc" [1]
2026-10-04 12:03:58 URL: ftp://ftp2.tpdc.ac.cn:6201/PML/V2.2b/yearly/E/PML-V2.2b_E_2017.nc [5068893] -> "/glade/derecho/scratch/bbuchovecky/pml-v2.2/V2.2b/yearly/E/PML-V2.2b_E_2017.nc" [1]
2026-10-04 12:04:18 URL: ftp://ftp2.tpdc.ac.cn:6201/PML/V2.2b/yearly/Ew/PML-V2.2b_Ew_1984.nc [1488057] -> "/glade/derecho/scratch/bbuchovecky/pml-v2.2/V2.2b/yearly/Ew/PML-V2.2b_Ew_1984.nc" [1]
2026-10-04 12:04:24 URL: ftp://ftp3.tpdc.ac.cn:6201/PML/V2.2b/yearly/Ew/PML-V2.2b_Ew_1985.nc [1488607] -> "/glade/derecho/scratch/bbuchovecky/pml-v2.2/V2.2b/yearly/Ew/PML-V2.2b_Ew_1985.nc" [1]
2026-10-04 12:04:33 URL: ftp://ftp2.tpdc.ac.cn:6201/PML/V2.2b/yearly/Ew/PML-V2.2b_Ew_1986.nc [1486311] -> "/glade/derecho/scratch/bbuchovecky/pml-v2.2/V2.2b/yearly/Ew/PML-V2.2b_Ew_1986.nc" [1]
2026-10-04 12:04:43 URL: ftp://ftp3.tpdc.ac.cn:6201/PML/V2.2b/yearly/Ew/PML-V2.2b_Ew_1989.nc [1490775] -> "/glade/derecho/scratch/bbuchovecky/pml-v2.2/V2.2b/yearly/Ew/PML-V2.2b_Ew_1989.nc" [1]
2026-10-04 12:04:43 URL: ftp://ftp2.tpdc.ac.cn:6201/PML/V2.2b/yearly/Ew/PML-V2.2b_Ew_1988.nc [1488714] -> "/glade/derecho/scratch/bbuchovecky/pml-v2.2/V2.2b/yearly/Ew/PML-V2.2b_Ew_1988.nc" [1]
2026-10-04 12:04:43 URL: ftp://ftp2.tpdc.ac.cn:6201/PML/V2.2b/yearly/E/PML-V2.2b_E_2019.nc [5083600] -> "/glade/derecho/scratch/bbuchovecky/pml-v2.2/V2.2b/yearly/E/PML-V2.2b_E_2019.nc" [1]
2026-10-04 12:04:46 URL: ftp://ftp3.tpdc.ac.cn:6201/PML/V2.2b/yearly/Ew/PML-V2.2b_Ew_1987.nc [1482266] -> "/glade/derecho/scratch/bbuchovecky/pml-v2.2/V2.2b/yearly/Ew/PML-V2.2b_Ew_1987.nc" [1]
2026-10-04 12:05:07 URL: ftp://ftp2.tpdc.ac.cn:6201/PML/V2.2b/yearly/Ew/PML-V2.2b_Ew_1990.nc [1494012] -> "/glade/derecho/scratch/bbuchovecky/pml-v2.2/V2.2b/yearly/Ew/PML-V2.2b_Ew_1990.nc" [1]
2026-10-04 12:05:15 URL: ftp://ftp3.tpdc.ac.cn:6201/PML/V2.2b/yearly/E/PML-V2.2b_E_2020.nc [5068970] -> "/glade/derecho/scratch/bbuchovecky/pml-v2.2/V2.2b/yearly/E/PML-V2.2b_E_2020.nc" [1]
2026-10-04 12:05:16 URL: ftp://ftp3.tpdc.ac.cn:6201/PML/V2.2b/yearly/Ew/PML-V2.2b_Ew_1991.nc [1493901] -> "/glade/derecho/scratch/bbuchovecky/pml-v2.2/V2.2b/yearly/Ew/PML-V2.2b_Ew_1991.nc" [1]
2026-10-04 12:05:21 URL: ftp://ftp2.tpdc.ac.cn:6201/PML/V2.2b/yearly/Ew/PML-V2.2b_Ew_1992.nc [1482951] -> "/glade/derecho/scratch/bbuchovecky/pml-v2.2/V2.2b/yearly/Ew/PML-V2.2b_Ew_1992.nc" [1]
2026-10-04 12:05:30 URL: ftp://ftp2.tpdc.ac.cn:6201/PML/V2.2b/yearly/Ew/PML-V2.2b_Ew_1996.nc [1488715] -> "/glade/derecho/scratch/bbuchovecky/pml-v2.2/V2.2b/yearly/Ew/PML-V2.2b_Ew_1996.nc" [1]
2026-10-04 12:05:31 URL: ftp://ftp2.tpdc.ac.cn:6201/PML/V2.2b/yearly/Ew/PML-V2.2b_Ew_1994.nc [1491609] -> "/glade/derecho/scratch/bbuchovecky/pml-v2.2/V2.2b/yearly/Ew/PML-V2.2b_Ew_1994.nc" [1]
2026-10-04 12:05:33 URL: ftp://ftp3.tpdc.ac.cn:6201/PML/V2.2b/yearly/Ew/PML-V2.2b_Ew_1993.nc [1489195] -> "/glade/derecho/scratch/bbuchovecky/pml-v2.2/V2.2b/yearly/Ew/PML-V2.2b_Ew_1993.nc" [1]
2026-10-04 12:05:35 URL: ftp://ftp3.tpdc.ac.cn:6201/PML/V2.2b/yearly/Ew/PML-V2.2b_Ew_1995.nc [1495366] -> "/glade/derecho/scratch/bbuchovecky/pml-v2.2/V2.2b/yearly/Ew/PML-V2.2b_Ew_1995.nc" [1]
2026-10-04 12:05:56 URL: ftp://ftp3.tpdc.ac.cn:6201/PML/V2.2b/yearly/Ew/PML-V2.2b_Ew_1997.nc [1491726] -> "/glade/derecho/scratch/bbuchovecky/pml-v2.2/V2.2b/yearly/Ew/PML-V2.2b_Ew_1997.nc" [1]
2026-10-04 12:05:58 URL: ftp://ftp2.tpdc.ac.cn:6201/PML/V2.2b/yearly/Ew/PML-V2.2b_Ew_1998.nc [1494373] -> "/glade/derecho/scratch/bbuchovecky/pml-v2.2/V2.2b/yearly/Ew/PML-V2.2b_Ew_1998.nc" [1]
2026-10-04 12:06:05 URL: ftp://ftp3.tpdc.ac.cn:6201/PML/V2.2b/yearly/Ew/PML-V2.2b_Ew_1999.nc [1487576] -> "/glade/derecho/scratch/bbuchovecky/pml-v2.2/V2.2b/yearly/Ew/PML-V2.2b_Ew_1999.nc" [1]
2026-10-04 12:06:12 URL: ftp://ftp2.tpdc.ac.cn:6201/PML/V2.2b/yearly/Ew/PML-V2.2b_Ew_2002.nc [1494502] -> "/glade/derecho/scratch/bbuchovecky/pml-v2.2/V2.2b/yearly/Ew/PML-V2.2b_Ew_2002.nc" [1]
2026-10-04 12:06:13 URL: ftp://ftp3.tpdc.ac.cn:6201/PML/V2.2b/yearly/Ew/PML-V2.2b_Ew_2003.nc [1499099] -> "/glade/derecho/scratch/bbuchovecky/pml-v2.2/V2.2b/yearly/Ew/PML-V2.2b_Ew_2003.nc" [1]
2026-10-04 12:06:16 URL: ftp://ftp2.tpdc.ac.cn:6201/PML/V2.2b/yearly/Ew/PML-V2.2b_Ew_2000.nc [1493626] -> "/glade/derecho/scratch/bbuchovecky/pml-v2.2/V2.2b/yearly/Ew/PML-V2.2b_Ew_2000.nc" [1]
2026-10-04 12:06:19 URL: ftp://ftp3.tpdc.ac.cn:6201/PML/V2.2b/yearly/Ew/PML-V2.2b_Ew_2001.nc [1498397] -> "/glade/derecho/scratch/bbuchovecky/pml-v2.2/V2.2b/yearly/Ew/PML-V2.2b_Ew_2001.nc" [1]
2026-10-04 12:06:37 URL: ftp://ftp3.tpdc.ac.cn:6201/PML/V2.2b/yearly/Ew/PML-V2.2b_Ew_2005.nc [1495279] -> "/glade/derecho/scratch/bbuchovecky/pml-v2.2/V2.2b/yearly/Ew/PML-V2.2b_Ew_2005.nc" [1]
2026-10-04 12:06:38 URL: ftp://ftp2.tpdc.ac.cn:6201/PML/V2.2b/yearly/Ew/PML-V2.2b_Ew_2004.nc [1491186] -> "/glade/derecho/scratch/bbuchovecky/pml-v2.2/V2.2b/yearly/Ew/PML-V2.2b_Ew_2004.nc" [1]
2026-10-04 12:06:42 URL: ftp://ftp2.tpdc.ac.cn:6201/PML/V2.2b/yearly/Ew/PML-V2.2b_Ew_2006.nc [1495857] -> "/glade/derecho/scratch/bbuchovecky/pml-v2.2/V2.2b/yearly/Ew/PML-V2.2b_Ew_2006.nc" [1]
2026-10-04 12:06:51 URL: ftp://ftp3.tpdc.ac.cn:6201/PML/V2.2b/yearly/Ew/PML-V2.2b_Ew_2007.nc [1497275] -> "/glade/derecho/scratch/bbuchovecky/pml-v2.2/V2.2b/yearly/Ew/PML-V2.2b_Ew_2007.nc" [1]
2026-10-04 12:06:54 URL: ftp://ftp3.tpdc.ac.cn:6201/PML/V2.2b/yearly/Ew/PML-V2.2b_Ew_2009.nc [1492405] -> "/glade/derecho/scratch/bbuchovecky/pml-v2.2/V2.2b/yearly/Ew/PML-V2.2b_Ew_2009.nc" [1]
2026-10-04 12:07:01 URL: ftp://ftp2.tpdc.ac.cn:6201/PML/V2.2b/yearly/Ew/PML-V2.2b_Ew_2008.nc [1494204] -> "/glade/derecho/scratch/bbuchovecky/pml-v2.2/V2.2b/yearly/Ew/PML-V2.2b_Ew_2008.nc" [1]
2026-10-04 12:07:03 URL: ftp://ftp3.tpdc.ac.cn:6201/PML/V2.2b/yearly/Ew/PML-V2.2b_Ew_2011.nc [1500812] -> "/glade/derecho/scratch/bbuchovecky/pml-v2.2/V2.2b/yearly/Ew/PML-V2.2b_Ew_2011.nc" [1]
2026-10-04 12:07:17 URL: ftp://ftp2.tpdc.ac.cn:6201/PML/V2.2b/yearly/Ew/PML-V2.2b_Ew_2014.nc [1494832] -> "/glade/derecho/scratch/bbuchovecky/pml-v2.2/V2.2b/yearly/Ew/PML-V2.2b_Ew_2014.nc" [1]
2026-10-04 12:07:17 URL: ftp://ftp2.tpdc.ac.cn:6201/PML/V2.2b/yearly/Ew/PML-V2.2b_Ew_2010.nc [1499427] -> "/glade/derecho/scratch/bbuchovecky/pml-v2.2/V2.2b/yearly/Ew/PML-V2.2b_Ew_2010.nc" [1]
2026-10-04 12:07:20 URL: ftp://ftp3.tpdc.ac.cn:6201/PML/V2.2b/yearly/Ew/PML-V2.2b_Ew_2013.nc [1496218] -> "/glade/derecho/scratch/bbuchovecky/pml-v2.2/V2.2b/yearly/Ew/PML-V2.2b_Ew_2013.nc" [1]
2026-10-04 12:07:31 URL: ftp://ftp2.tpdc.ac.cn:6201/PML/V2.2b/yearly/Ew/PML-V2.2b_Ew_2012.nc [1499203] -> "/glade/derecho/scratch/bbuchovecky/pml-v2.2/V2.2b/yearly/Ew/PML-V2.2b_Ew_2012.nc" [1]
2026-10-04 12:07:33 URL: ftp://ftp3.tpdc.ac.cn:6201/PML/V2.2b/yearly/Ew/PML-V2.2b_Ew_2015.nc [1493907] -> "/glade/derecho/scratch/bbuchovecky/pml-v2.2/V2.2b/yearly/Ew/PML-V2.2b_Ew_2015.nc" [1]
2026-10-04 12:07:46 URL: ftp://ftp2.tpdc.ac.cn:6201/PML/V2.2b/yearly/Ew/PML-V2.2b_Ew_2016.nc [1499615] -> "/glade/derecho/scratch/bbuchovecky/pml-v2.2/V2.2b/yearly/Ew/PML-V2.2b_Ew_2016.nc" [1]
2026-10-04 12:07:50 URL: ftp://ftp2.tpdc.ac.cn:6201/PML/V2.2b/yearly/Ew/PML-V2.2b_Ew_2020.nc [1498804] -> "/glade/derecho/scratch/bbuchovecky/pml-v2.2/V2.2b/yearly/Ew/PML-V2.2b_Ew_2020.nc" [1]
2026-10-04 12:07:54 URL: ftp://ftp2.tpdc.ac.cn:6201/PML/V2.2b/yearly/Ew/PML-V2.2b_Ew_2018.nc [1495589] -> "/glade/derecho/scratch/bbuchovecky/pml-v2.2/V2.2b/yearly/Ew/PML-V2.2b_Ew_2018.nc" [1]
2026-10-04 12:08:00 URL: ftp://ftp3.tpdc.ac.cn:6201/PML/V2.2b/yearly/Ew/PML-V2.2b_Ew_2017.nc [1495924] -> "/glade/derecho/scratch/bbuchovecky/pml-v2.2/V2.2b/yearly/Ew/PML-V2.2b_Ew_2017.nc" [1]
2026-10-04 12:08:00 URL: ftp://ftp3.tpdc.ac.cn:6201/PML/V2.2b/yearly/Ew/PML-V2.2b_Ew_2019.nc [1500468] -> "/glade/derecho/scratch/bbuchovecky/pml-v2.2/V2.2b/yearly/Ew/PML-V2.2b_Ew_2019.nc" [1]
2026-10-04 12:09:41 URL: ftp://ftp3.tpdc.ac.cn:6201/PML/V2.2b/yearly/PET/PML-V2.2b_PET_1982.nc [5163850] -> "/glade/derecho/scratch/bbuchovecky/pml-v2.2/V2.2b/yearly/PET/PML-V2.2b_PET_1982.nc" [1]
2026-10-04 12:10:21 URL: ftp://ftp2.tpdc.ac.cn:6201/PML/V2.2b/yearly/PET/PML-V2.2b_PET_1983.nc [5165105] -> "/glade/derecho/scratch/bbuchovecky/pml-v2.2/V2.2b/yearly/PET/PML-V2.2b_PET_1983.nc" [1]
2026-10-04 12:10:22 URL: ftp://ftp3.tpdc.ac.cn:6201/PML/V2.2b/yearly/PET/PML-V2.2b_PET_1984.nc [5166493] -> "/glade/derecho/scratch/bbuchovecky/pml-v2.2/V2.2b/yearly/PET/PML-V2.2b_PET_1984.nc" [1]
2026-10-04 12:10:38 URL: ftp://ftp2.tpdc.ac.cn:6201/PML/V2.2b/yearly/PET/PML-V2.2b_PET_1989.nc [5172839] -> "/glade/derecho/scratch/bbuchovecky/pml-v2.2/V2.2b/yearly/PET/PML-V2.2b_PET_1989.nc" [1]
2026-10-04 12:10:47 URL: ftp://ftp2.tpdc.ac.cn:6201/PML/V2.2b/yearly/PET/PML-V2.2b_PET_1985.nc [5156391] -> "/glade/derecho/scratch/bbuchovecky/pml-v2.2/V2.2b/yearly/PET/PML-V2.2b_PET_1985.nc" [1]
2026-10-04 12:10:49 URL: ftp://ftp2.tpdc.ac.cn:6201/PML/V2.2b/yearly/PET/PML-V2.2b_PET_1987.nc [5162856] -> "/glade/derecho/scratch/bbuchovecky/pml-v2.2/V2.2b/yearly/PET/PML-V2.2b_PET_1987.nc" [1]
2026-10-04 12:10:49 URL: ftp://ftp3.tpdc.ac.cn:6201/PML/V2.2b/yearly/PET/PML-V2.2b_PET_1986.nc [5161821] -> "/glade/derecho/scratch/bbuchovecky/pml-v2.2/V2.2b/yearly/PET/PML-V2.2b_PET_1986.nc" [1]
2026-10-04 12:11:02 URL: ftp://ftp3.tpdc.ac.cn:6201/PML/V2.2b/yearly/PET/PML-V2.2b_PET_1988.nc [5178201] -> "/glade/derecho/scratch/bbuchovecky/pml-v2.2/V2.2b/yearly/PET/PML-V2.2b_PET_1988.nc" [1]
2026-10-04 12:12:32 URL: ftp://ftp3.tpdc.ac.cn:6201/PML/V2.2b/yearly/PET/PML-V2.2b_PET_1990.nc [5177643] -> "/glade/derecho/scratch/bbuchovecky/pml-v2.2/V2.2b/yearly/PET/PML-V2.2b_PET_1990.nc" [1]
2026-10-04 12:12:53 URL: ftp://ftp2.tpdc.ac.cn:6201/PML/V2.2b/yearly/PET/PML-V2.2b_PET_1991.nc [5169637] -> "/glade/derecho/scratch/bbuchovecky/pml-v2.2/V2.2b/yearly/PET/PML-V2.2b_PET_1991.nc" [1]
2026-10-04 12:13:17 URL: ftp://ftp2.tpdc.ac.cn:6201/PML/V2.2b/yearly/PET/PML-V2.2b_PET_1993.nc [5165485] -> "/glade/derecho/scratch/bbuchovecky/pml-v2.2/V2.2b/yearly/PET/PML-V2.2b_PET_1993.nc" [1]
2026-10-04 12:13:18 URL: ftp://ftp3.tpdc.ac.cn:6201/PML/V2.2b/yearly/PET/PML-V2.2b_PET_1992.nc [5159949] -> "/glade/derecho/scratch/bbuchovecky/pml-v2.2/V2.2b/yearly/PET/PML-V2.2b_PET_1992.nc" [1]
2026-10-04 12:13:19 URL: ftp://ftp3.tpdc.ac.cn:6201/PML/V2.2b/yearly/PET/PML-V2.2b_PET_1996.nc [5163985] -> "/glade/derecho/scratch/bbuchovecky/pml-v2.2/V2.2b/yearly/PET/PML-V2.2b_PET_1996.nc" [1]
2026-10-04 12:13:35 URL: ftp://ftp2.tpdc.ac.cn:6201/PML/V2.2b/yearly/PET/PML-V2.2b_PET_1995.nc [5176768] -> "/glade/derecho/scratch/bbuchovecky/pml-v2.2/V2.2b/yearly/PET/PML-V2.2b_PET_1995.nc" [1]
2026-10-04 12:13:44 URL: ftp://ftp3.tpdc.ac.cn:6201/PML/V2.2b/yearly/PET/PML-V2.2b_PET_1994.nc [5174930] -> "/glade/derecho/scratch/bbuchovecky/pml-v2.2/V2.2b/yearly/PET/PML-V2.2b_PET_1994.nc" [1]
2026-10-04 12:13:54 URL: ftp://ftp2.tpdc.ac.cn:6201/PML/V2.2b/yearly/PET/PML-V2.2b_PET_1997.nc [5172342] -> "/glade/derecho/scratch/bbuchovecky/pml-v2.2/V2.2b/yearly/PET/PML-V2.2b_PET_1997.nc" [1]
2026-10-04 12:15:15 URL: ftp://ftp3.tpdc.ac.cn:6201/PML/V2.2b/yearly/PET/PML-V2.2b_PET_1998.nc [5166521] -> "/glade/derecho/scratch/bbuchovecky/pml-v2.2/V2.2b/yearly/PET/PML-V2.2b_PET_1998.nc" [1]
2026-10-04 12:15:38 URL: ftp://ftp2.tpdc.ac.cn:6201/PML/V2.2b/yearly/PET/PML-V2.2b_PET_1999.nc [5169505] -> "/glade/derecho/scratch/bbuchovecky/pml-v2.2/V2.2b/yearly/PET/PML-V2.2b_PET_1999.nc" [1]
2026-10-04 12:15:50 URL: ftp://ftp3.tpdc.ac.cn:6201/PML/V2.2b/yearly/PET/PML-V2.2b_PET_2000.nc [5156502] -> "/glade/derecho/scratch/bbuchovecky/pml-v2.2/V2.2b/yearly/PET/PML-V2.2b_PET_2000.nc" [1]
2026-10-04 12:16:04 URL: ftp://ftp3.tpdc.ac.cn:6201/PML/V2.2b/yearly/PET/PML-V2.2b_PET_2002.nc [5168814] -> "/glade/derecho/scratch/bbuchovecky/pml-v2.2/V2.2b/yearly/PET/PML-V2.2b_PET_2002.nc" [1]
2026-10-04 12:16:14 URL: ftp://ftp3.tpdc.ac.cn:6201/PML/V2.2b/yearly/PET/PML-V2.2b_PET_2004.nc [5168297] -> "/glade/derecho/scratch/bbuchovecky/pml-v2.2/V2.2b/yearly/PET/PML-V2.2b_PET_2004.nc" [1]
2026-10-04 12:16:28 URL: ftp://ftp2.tpdc.ac.cn:6201/PML/V2.2b/yearly/PET/PML-V2.2b_PET_2003.nc [5160146] -> "/glade/derecho/scratch/bbuchovecky/pml-v2.2/V2.2b/yearly/PET/PML-V2.2b_PET_2003.nc" [1]
2026-10-04 12:16:40 URL: ftp://ftp2.tpdc.ac.cn:6201/PML/V2.2b/yearly/PET/PML-V2.2b_PET_2005.nc [5167277] -> "/glade/derecho/scratch/bbuchovecky/pml-v2.2/V2.2b/yearly/PET/PML-V2.2b_PET_2005.nc" [1]
2026-10-04 12:16:50 URL: ftp://ftp2.tpdc.ac.cn:6201/PML/V2.2b/yearly/PET/PML-V2.2b_PET_2001.nc [5164843] -> "/glade/derecho/scratch/bbuchovecky/pml-v2.2/V2.2b/yearly/PET/PML-V2.2b_PET_2001.nc" [1]
2026-10-04 12:17:42 URL: ftp://ftp3.tpdc.ac.cn:6201/PML/V2.2b/yearly/PET/PML-V2.2b_PET_2006.nc [5171203] -> "/glade/derecho/scratch/bbuchovecky/pml-v2.2/V2.2b/yearly/PET/PML-V2.2b_PET_2006.nc" [1]
2026-10-04 12:18:21 URL: ftp://ftp3.tpdc.ac.cn:6201/PML/V2.2b/yearly/PET/PML-V2.2b_PET_2008.nc [5163098] -> "/glade/derecho/scratch/bbuchovecky/pml-v2.2/V2.2b/yearly/PET/PML-V2.2b_PET_2008.nc" [1]
2026-10-04 12:18:24 URL: ftp://ftp2.tpdc.ac.cn:6201/PML/V2.2b/yearly/PET/PML-V2.2b_PET_2007.nc [5175630] -> "/glade/derecho/scratch/bbuchovecky/pml-v2.2/V2.2b/yearly/PET/PML-V2.2b_PET_2007.nc" [1]
2026-10-04 12:18:44 URL: ftp://ftp3.tpdc.ac.cn:6201/PML/V2.2b/yearly/PET/PML-V2.2b_PET_2010.nc [5182510] -> "/glade/derecho/scratch/bbuchovecky/pml-v2.2/V2.2b/yearly/PET/PML-V2.2b_PET_2010.nc" [1]
2026-10-04 12:19:02 URL: ftp://ftp2.tpdc.ac.cn:6201/PML/V2.2b/yearly/PET/PML-V2.2b_PET_2011.nc [5173559] -> "/glade/derecho/scratch/bbuchovecky/pml-v2.2/V2.2b/yearly/PET/PML-V2.2b_PET_2011.nc" [1]
2026-10-04 12:19:08 URL: ftp://ftp2.tpdc.ac.cn:6201/PML/V2.2b/yearly/PET/PML-V2.2b_PET_2009.nc [5166543] -> "/glade/derecho/scratch/bbuchovecky/pml-v2.2/V2.2b/yearly/PET/PML-V2.2b_PET_2009.nc" [1]
2026-10-04 12:19:35 URL: ftp://ftp3.tpdc.ac.cn:6201/PML/V2.2b/yearly/PET/PML-V2.2b_PET_2012.nc [5179516] -> "/glade/derecho/scratch/bbuchovecky/pml-v2.2/V2.2b/yearly/PET/PML-V2.2b_PET_2012.nc" [1]
2026-10-04 12:19:39 URL: ftp://ftp2.tpdc.ac.cn:6201/PML/V2.2b/yearly/PET/PML-V2.2b_PET_2013.nc [5179588] -> "/glade/derecho/scratch/bbuchovecky/pml-v2.2/V2.2b/yearly/PET/PML-V2.2b_PET_2013.nc" [1]
2026-10-04 12:20:49 URL: ftp://ftp3.tpdc.ac.cn:6201/PML/V2.2b/yearly/PET/PML-V2.2b_PET_2014.nc [5173752] -> "/glade/derecho/scratch/bbuchovecky/pml-v2.2/V2.2b/yearly/PET/PML-V2.2b_PET_2014.nc" [1]
2026-10-04 12:20:57 URL: ftp://ftp2.tpdc.ac.cn:6201/PML/V2.2b/yearly/PET/PML-V2.2b_PET_2015.nc [5167983] -> "/glade/derecho/scratch/bbuchovecky/pml-v2.2/V2.2b/yearly/PET/PML-V2.2b_PET_2015.nc" [1]
2026-10-04 12:21:10 URL: ftp://ftp3.tpdc.ac.cn:6201/PML/V2.2b/yearly/PET/PML-V2.2b_PET_2016.nc [5179047] -> "/glade/derecho/scratch/bbuchovecky/pml-v2.2/V2.2b/yearly/PET/PML-V2.2b_PET_2016.nc" [1]
2026-10-04 12:21:40 URL: ftp://ftp2.tpdc.ac.cn:6201/PML/V2.2b/yearly/PET/PML-V2.2b_PET_2017.nc [5168391] -> "/glade/derecho/scratch/bbuchovecky/pml-v2.2/V2.2b/yearly/PET/PML-V2.2b_PET_2017.nc" [1]
2026-10-04 12:21:56 URL: ftp://ftp2.tpdc.ac.cn:6201/PML/V2.2b/yearly/PET/PML-V2.2b_PET_2019.nc [5173910] -> "/glade/derecho/scratch/bbuchovecky/pml-v2.2/V2.2b/yearly/PET/PML-V2.2b_PET_2019.nc" [1]
2026-10-04 12:22:02 URL: ftp://ftp3.tpdc.ac.cn:6201/PML/V2.2b/yearly/PET/PML-V2.2b_PET_2018.nc [5175573] -> "/glade/derecho/scratch/bbuchovecky/pml-v2.2/V2.2b/yearly/PET/PML-V2.2b_PET_2018.nc" [1]
2026-10-04 12:22:03 URL: ftp://ftp2.tpdc.ac.cn:6201/PML/V2.2b/yearly/GPP/PML-V2.2b_GPP_1982.nc [4437611] -> "/glade/derecho/scratch/bbuchovecky/pml-v2.2/V2.2b/yearly/GPP/PML-V2.2b_GPP_1982.nc" [1]
2026-10-04 12:22:20 URL: ftp://ftp3.tpdc.ac.cn:6201/PML/V2.2b/yearly/PET/PML-V2.2b_PET_2020.nc [5179264] -> "/glade/derecho/scratch/bbuchovecky/pml-v2.2/V2.2b/yearly/PET/PML-V2.2b_PET_2020.nc" [1]
2026-10-04 12:23:09 URL: ftp://ftp3.tpdc.ac.cn:6201/PML/V2.2b/yearly/GPP/PML-V2.2b_GPP_1983.nc [4438107] -> "/glade/derecho/scratch/bbuchovecky/pml-v2.2/V2.2b/yearly/GPP/PML-V2.2b_GPP_1983.nc" [1]
2026-10-04 12:23:20 URL: ftp://ftp3.tpdc.ac.cn:6201/PML/V2.2b/yearly/GPP/PML-V2.2b_GPP_1985.nc [4428643] -> "/glade/derecho/scratch/bbuchovecky/pml-v2.2/V2.2b/yearly/GPP/PML-V2.2b_GPP_1985.nc" [1]
2026-10-04 12:23:23 URL: ftp://ftp2.tpdc.ac.cn:6201/PML/V2.2b/yearly/GPP/PML-V2.2b_GPP_1984.nc [4438243] -> "/glade/derecho/scratch/bbuchovecky/pml-v2.2/V2.2b/yearly/GPP/PML-V2.2b_GPP_1984.nc" [1]
2026-10-04 12:23:44 URL: ftp://ftp2.tpdc.ac.cn:6201/PML/V2.2b/yearly/GPP/PML-V2.2b_GPP_1986.nc [4427313] -> "/glade/derecho/scratch/bbuchovecky/pml-v2.2/V2.2b/yearly/GPP/PML-V2.2b_GPP_1986.nc" [1]
2026-10-04 12:24:08 URL: ftp://ftp3.tpdc.ac.cn:6201/PML/V2.2b/yearly/GPP/PML-V2.2b_GPP_1987.nc [4428778] -> "/glade/derecho/scratch/bbuchovecky/pml-v2.2/V2.2b/yearly/GPP/PML-V2.2b_GPP_1987.nc" [1]
2026-10-04 12:24:14 URL: ftp://ftp2.tpdc.ac.cn:6201/PML/V2.2b/yearly/GPP/PML-V2.2b_GPP_1988.nc [4433171] -> "/glade/derecho/scratch/bbuchovecky/pml-v2.2/V2.2b/yearly/GPP/PML-V2.2b_GPP_1988.nc" [1]
2026-10-04 12:24:30 URL: ftp://ftp3.tpdc.ac.cn:6201/PML/V2.2b/yearly/GPP/PML-V2.2b_GPP_1989.nc [4433423] -> "/glade/derecho/scratch/bbuchovecky/pml-v2.2/V2.2b/yearly/GPP/PML-V2.2b_GPP_1989.nc" [1]
2026-10-04 12:24:36 URL: ftp://ftp2.tpdc.ac.cn:6201/PML/V2.2b/yearly/GPP/PML-V2.2b_GPP_1990.nc [4435094] -> "/glade/derecho/scratch/bbuchovecky/pml-v2.2/V2.2b/yearly/GPP/PML-V2.2b_GPP_1990.nc" [1]
2026-10-04 12:25:33 URL: ftp://ftp3.tpdc.ac.cn:6201/PML/V2.2b/yearly/GPP/PML-V2.2b_GPP_1993.nc [4434517] -> "/glade/derecho/scratch/bbuchovecky/pml-v2.2/V2.2b/yearly/GPP/PML-V2.2b_GPP_1993.nc" [1]
2026-10-04 12:25:39 URL: ftp://ftp2.tpdc.ac.cn:6201/PML/V2.2b/yearly/GPP/PML-V2.2b_GPP_1992.nc [4431097] -> "/glade/derecho/scratch/bbuchovecky/pml-v2.2/V2.2b/yearly/GPP/PML-V2.2b_GPP_1992.nc" [1]
2026-10-04 12:25:59 URL: ftp://ftp3.tpdc.ac.cn:6201/PML/V2.2b/yearly/GPP/PML-V2.2b_GPP_1991.nc [4430745] -> "/glade/derecho/scratch/bbuchovecky/pml-v2.2/V2.2b/yearly/GPP/PML-V2.2b_GPP_1991.nc" [1]
2026-10-04 12:26:19 URL: ftp://ftp2.tpdc.ac.cn:6201/PML/V2.2b/yearly/GPP/PML-V2.2b_GPP_1994.nc [4437311] -> "/glade/derecho/scratch/bbuchovecky/pml-v2.2/V2.2b/yearly/GPP/PML-V2.2b_GPP_1994.nc" [1]
2026-10-04 12:26:34 URL: ftp://ftp3.tpdc.ac.cn:6201/PML/V2.2b/yearly/GPP/PML-V2.2b_GPP_1995.nc [4439129] -> "/glade/derecho/scratch/bbuchovecky/pml-v2.2/V2.2b/yearly/GPP/PML-V2.2b_GPP_1995.nc" [1]
2026-10-04 12:26:59 URL: ftp://ftp2.tpdc.ac.cn:6201/PML/V2.2b/yearly/GPP/PML-V2.2b_GPP_1996.nc [4433659] -> "/glade/derecho/scratch/bbuchovecky/pml-v2.2/V2.2b/yearly/GPP/PML-V2.2b_GPP_1996.nc" [1]
2026-10-04 12:27:07 URL: ftp://ftp3.tpdc.ac.cn:6201/PML/V2.2b/yearly/GPP/PML-V2.2b_GPP_1997.nc [4438303] -> "/glade/derecho/scratch/bbuchovecky/pml-v2.2/V2.2b/yearly/GPP/PML-V2.2b_GPP_1997.nc" [1]
2026-10-04 12:27:16 URL: ftp://ftp2.tpdc.ac.cn:6201/PML/V2.2b/yearly/GPP/PML-V2.2b_GPP_1998.nc [4438522] -> "/glade/derecho/scratch/bbuchovecky/pml-v2.2/V2.2b/yearly/GPP/PML-V2.2b_GPP_1998.nc" [1]
2026-10-04 12:27:54 URL: ftp://ftp3.tpdc.ac.cn:6201/PML/V2.2b/yearly/GPP/PML-V2.2b_GPP_1999.nc [4437272] -> "/glade/derecho/scratch/bbuchovecky/pml-v2.2/V2.2b/yearly/GPP/PML-V2.2b_GPP_1999.nc" [1]
2026-10-04 12:28:08 URL: ftp://ftp2.tpdc.ac.cn:6201/PML/V2.2b/yearly/GPP/PML-V2.2b_GPP_2000.nc [4439291] -> "/glade/derecho/scratch/bbuchovecky/pml-v2.2/V2.2b/yearly/GPP/PML-V2.2b_GPP_2000.nc" [1]
2026-10-04 12:28:24 URL: ftp://ftp3.tpdc.ac.cn:6201/PML/V2.2b/yearly/GPP/PML-V2.2b_GPP_2001.nc [4438455] -> "/glade/derecho/scratch/bbuchovecky/pml-v2.2/V2.2b/yearly/GPP/PML-V2.2b_GPP_2001.nc" [1]
2026-10-04 12:28:37 URL: ftp://ftp2.tpdc.ac.cn:6201/PML/V2.2b/yearly/GPP/PML-V2.2b_GPP_2002.nc [4437083] -> "/glade/derecho/scratch/bbuchovecky/pml-v2.2/V2.2b/yearly/GPP/PML-V2.2b_GPP_2002.nc" [1]
2026-10-04 12:28:46 URL: ftp://ftp3.tpdc.ac.cn:6201/PML/V2.2b/yearly/GPP/PML-V2.2b_GPP_2003.nc [4435921] -> "/glade/derecho/scratch/bbuchovecky/pml-v2.2/V2.2b/yearly/GPP/PML-V2.2b_GPP_2003.nc" [1]
2026-10-04 12:28:55 URL: ftp://ftp2.tpdc.ac.cn:6201/PML/V2.2b/yearly/GPP/PML-V2.2b_GPP_2004.nc [4431002] -> "/glade/derecho/scratch/bbuchovecky/pml-v2.2/V2.2b/yearly/GPP/PML-V2.2b_GPP_2004.nc" [1]
2026-10-04 12:29:11 URL: ftp://ftp3.tpdc.ac.cn:6201/PML/V2.2b/yearly/GPP/PML-V2.2b_GPP_2005.nc [4431392] -> "/glade/derecho/scratch/bbuchovecky/pml-v2.2/V2.2b/yearly/GPP/PML-V2.2b_GPP_2005.nc" [1]
2026-10-04 12:29:44 URL: ftp://ftp2.tpdc.ac.cn:6201/PML/V2.2b/yearly/GPP/PML-V2.2b_GPP_2006.nc [4435096] -> "/glade/derecho/scratch/bbuchovecky/pml-v2.2/V2.2b/yearly/GPP/PML-V2.2b_GPP_2006.nc" [1]
2026-10-04 12:30:26 URL: ftp://ftp3.tpdc.ac.cn:6201/PML/V2.2b/yearly/GPP/PML-V2.2b_GPP_2007.nc [4440711] -> "/glade/derecho/scratch/bbuchovecky/pml-v2.2/V2.2b/yearly/GPP/PML-V2.2b_GPP_2007.nc" [1]
2026-10-04 12:30:26 URL: ftp://ftp2.tpdc.ac.cn:6201/PML/V2.2b/yearly/GPP/PML-V2.2b_GPP_2008.nc [4429738] -> "/glade/derecho/scratch/bbuchovecky/pml-v2.2/V2.2b/yearly/GPP/PML-V2.2b_GPP_2008.nc" [1]
2026-10-04 12:30:55 URL: ftp://ftp2.tpdc.ac.cn:6201/PML/V2.2b/yearly/GPP/PML-V2.2b_GPP_2010.nc [4441109] -> "/glade/derecho/scratch/bbuchovecky/pml-v2.2/V2.2b/yearly/GPP/PML-V2.2b_GPP_2010.nc" [1]
2026-10-04 12:30:55 URL: ftp://ftp3.tpdc.ac.cn:6201/PML/V2.2b/yearly/GPP/PML-V2.2b_GPP_2009.nc [4431699] -> "/glade/derecho/scratch/bbuchovecky/pml-v2.2/V2.2b/yearly/GPP/PML-V2.2b_GPP_2009.nc" [1]
2026-10-04 12:31:07 URL: ftp://ftp3.tpdc.ac.cn:6201/PML/V2.2b/yearly/GPP/PML-V2.2b_GPP_2011.nc [4443024] -> "/glade/derecho/scratch/bbuchovecky/pml-v2.2/V2.2b/yearly/GPP/PML-V2.2b_GPP_2011.nc" [1]
2026-10-04 12:31:37 URL: ftp://ftp2.tpdc.ac.cn:6201/PML/V2.2b/yearly/GPP/PML-V2.2b_GPP_2012.nc [4448136] -> "/glade/derecho/scratch/bbuchovecky/pml-v2.2/V2.2b/yearly/GPP/PML-V2.2b_GPP_2012.nc" [1]
2026-10-04 12:32:00 URL: ftp://ftp3.tpdc.ac.cn:6201/PML/V2.2b/yearly/GPP/PML-V2.2b_GPP_2013.nc [4442151] -> "/glade/derecho/scratch/bbuchovecky/pml-v2.2/V2.2b/yearly/GPP/PML-V2.2b_GPP_2013.nc" [1]
2026-10-04 12:32:28 URL: ftp://ftp2.tpdc.ac.cn:6201/PML/V2.2b/yearly/GPP/PML-V2.2b_GPP_2014.nc [4442116] -> "/glade/derecho/scratch/bbuchovecky/pml-v2.2/V2.2b/yearly/GPP/PML-V2.2b_GPP_2014.nc" [1]
2026-10-04 12:33:01 URL: ftp://ftp3.tpdc.ac.cn:6201/PML/V2.2b/yearly/GPP/PML-V2.2b_GPP_2015.nc [4441888] -> "/glade/derecho/scratch/bbuchovecky/pml-v2.2/V2.2b/yearly/GPP/PML-V2.2b_GPP_2015.nc" [1]
2026-10-04 12:33:02 URL: ftp://ftp2.tpdc.ac.cn:6201/PML/V2.2b/yearly/GPP/PML-V2.2b_GPP_2016.nc [4448374] -> "/glade/derecho/scratch/bbuchovecky/pml-v2.2/V2.2b/yearly/GPP/PML-V2.2b_GPP_2016.nc" [1]
2026-10-04 12:33:20 URL: ftp://ftp2.tpdc.ac.cn:6201/PML/V2.2b/yearly/GPP/PML-V2.2b_GPP_2018.nc [4441443] -> "/glade/derecho/scratch/bbuchovecky/pml-v2.2/V2.2b/yearly/GPP/PML-V2.2b_GPP_2018.nc" [1]
2026-10-04 12:33:30 URL: ftp://ftp3.tpdc.ac.cn:6201/PML/V2.2b/yearly/GPP/PML-V2.2b_GPP_2017.nc [4442276] -> "/glade/derecho/scratch/bbuchovecky/pml-v2.2/V2.2b/yearly/GPP/PML-V2.2b_GPP_2017.nc" [1]
2026-10-04 12:33:41 URL: ftp://ftp3.tpdc.ac.cn:6201/PML/V2.2b/yearly/GPP/PML-V2.2b_GPP_2019.nc [4445465] -> "/glade/derecho/scratch/bbuchovecky/pml-v2.2/V2.2b/yearly/GPP/PML-V2.2b_GPP_2019.nc" [1]
2026-10-04 12:33:59 URL: ftp://ftp2.tpdc.ac.cn:6201/PML/V2.2b/yearly/GPP/PML-V2.2b_GPP_2020.nc [4449676] -> "/glade/derecho/scratch/bbuchovecky/pml-v2.2/V2.2b/yearly/GPP/PML-V2.2b_GPP_2020.nc" [1]
2026-10-04 12:48:10 URL: ftp://ftp3.tpdc.ac.cn:6201/PML/V2.2c/half-month/ET/PML-V2.2c_ET_1982.nc [44582276] -> "/glade/derecho/scratch/bbuchovecky/pml-v2.2/V2.2c/half-month/ET/PML-V2.2c_ET_1982.nc" [1]
2026-10-04 12:55:56 URL: ftp://ftp3.tpdc.ac.cn:6201/PML/V2.2c/half-month/ET/PML-V2.2c_ET_1984.nc [43853345] -> "/glade/derecho/scratch/bbuchovecky/pml-v2.2/V2.2c/half-month/ET/PML-V2.2c_ET_1984.nc" [1]
2026-10-04 12:56:22 URL: ftp://ftp3.tpdc.ac.cn:6201/PML/V2.2c/half-month/ET/PML-V2.2c_ET_1986.nc [44255370] -> "/glade/derecho/scratch/bbuchovecky/pml-v2.2/V2.2c/half-month/ET/PML-V2.2c_ET_1986.nc" [1]
2026-10-04 12:56:37 URL: ftp://ftp3.tpdc.ac.cn:6201/PML/V2.2c/half-month/ET/PML-V2.2c_ET_1988.nc [44427102] -> "/glade/derecho/scratch/bbuchovecky/pml-v2.2/V2.2c/half-month/ET/PML-V2.2c_ET_1988.nc" [1]
Error in server response. Closing.
Error in server response. Closing.
Error in server response. Closing.
Error in server response. Closing.
Error in server response. Closing.
WARNING: V2.2c/half-month/ET/PML-V2.2c_ET_1993.nc failed on ftp2.tpdc.ac.cn
2026-10-04 12:57:03 URL: ftp://ftp2.tpdc.ac.cn:6201/PML/V2.2c/half-month/ET/PML-V2.2c_ET_1983.nc [44377365] -> "/glade/derecho/scratch/bbuchovecky/pml-v2.2/V2.2c/half-month/ET/PML-V2.2c_ET_1983.nc" [1]
2026-10-04 12:57:12 URL: ftp://ftp2.tpdc.ac.cn:6201/PML/V2.2c/half-month/ET/PML-V2.2c_ET_1987.nc [44288742] -> "/glade/derecho/scratch/bbuchovecky/pml-v2.2/V2.2c/half-month/ET/PML-V2.2c_ET_1987.nc" [1]
2026-10-04 12:57:31 URL: ftp://ftp2.tpdc.ac.cn:6201/PML/V2.2c/half-month/ET/PML-V2.2c_ET_1985.nc [44194052] -> "/glade/derecho/scratch/bbuchovecky/pml-v2.2/V2.2c/half-month/ET/PML-V2.2c_ET_1985.nc" [1]
2026-10-04 12:58:11 URL: ftp://ftp2.tpdc.ac.cn:6201/PML/V2.2c/half-month/ET/PML-V2.2c_ET_1989.nc [44549744] -> "/glade/derecho/scratch/bbuchovecky/pml-v2.2/V2.2c/half-month/ET/PML-V2.2c_ET_1989.nc" [1]
2026-10-04 13:10:58 URL: ftp://ftp3.tpdc.ac.cn:6201/PML/V2.2c/half-month/ET/PML-V2.2c_ET_1990.nc [44320262] -> "/glade/derecho/scratch/bbuchovecky/pml-v2.2/V2.2c/half-month/ET/PML-V2.2c_ET_1990.nc" [1]
2026-10-04 13:18:41 URL: ftp://ftp3.tpdc.ac.cn:6201/PML/V2.2c/half-month/ET/PML-V2.2c_ET_1992.nc [44458825] -> "/glade/derecho/scratch/bbuchovecky/pml-v2.2/V2.2c/half-month/ET/PML-V2.2c_ET_1992.nc" [1]
2026-10-04 13:19:18 URL: ftp://ftp2.tpdc.ac.cn:6201/PML/V2.2c/half-month/ET/PML-V2.2c_ET_1991.nc [44535578] -> "/glade/derecho/scratch/bbuchovecky/pml-v2.2/V2.2c/half-month/ET/PML-V2.2c_ET_1991.nc" [1]
2026-10-04 13:19:34 URL: ftp://ftp3.tpdc.ac.cn:6201/PML/V2.2c/half-month/ET/PML-V2.2c_ET_1994.nc [44584993] -> "/glade/derecho/scratch/bbuchovecky/pml-v2.2/V2.2c/half-month/ET/PML-V2.2c_ET_1994.nc" [1]
2026-10-04 13:20:04 URL: ftp://ftp3.tpdc.ac.cn:6201/PML/V2.2c/half-month/ET/PML-V2.2c_ET_1993.nc [44408432] -> "/glade/derecho/scratch/bbuchovecky/pml-v2.2/V2.2c/half-month/ET/PML-V2.2c_ET_1993.nc" [1]
2026-10-04 13:21:04 URL: ftp://ftp2.tpdc.ac.cn:6201/PML/V2.2c/half-month/ET/PML-V2.2c_ET_1995.nc [44513328] -> "/glade/derecho/scratch/bbuchovecky/pml-v2.2/V2.2c/half-month/ET/PML-V2.2c_ET_1995.nc" [1]
2026-10-04 13:21:04 URL: ftp://ftp2.tpdc.ac.cn:6201/PML/V2.2c/half-month/ET/PML-V2.2c_ET_1997.nc [44572143] -> "/glade/derecho/scratch/bbuchovecky/pml-v2.2/V2.2c/half-month/ET/PML-V2.2c_ET_1997.nc" [1]
2026-10-04 13:21:06 URL: ftp://ftp3.tpdc.ac.cn:6201/PML/V2.2c/half-month/ET/PML-V2.2c_ET_1996.nc [44027087] -> "/glade/derecho/scratch/bbuchovecky/pml-v2.2/V2.2c/half-month/ET/PML-V2.2c_ET_1996.nc" [1]
2026-10-04 13:33:36 URL: ftp://ftp3.tpdc.ac.cn:6201/PML/V2.2c/half-month/ET/PML-V2.2c_ET_1998.nc [44470656] -> "/glade/derecho/scratch/bbuchovecky/pml-v2.2/V2.2c/half-month/ET/PML-V2.2c_ET_1998.nc" [1]
2026-10-04 13:40:00 URL: ftp://ftp3.tpdc.ac.cn:6201/PML/V2.2c/half-month/ET/PML-V2.2c_ET_2000.nc [42620968] -> "/glade/derecho/scratch/bbuchovecky/pml-v2.2/V2.2c/half-month/ET/PML-V2.2c_ET_2000.nc" [1]
2026-10-04 13:40:32 URL: ftp://ftp2.tpdc.ac.cn:6201/PML/V2.2c/half-month/ET/PML-V2.2c_ET_1999.nc [44109606] -> "/glade/derecho/scratch/bbuchovecky/pml-v2.2/V2.2c/half-month/ET/PML-V2.2c_ET_1999.nc" [1]
2026-10-04 13:40:46 URL: ftp://ftp2.tpdc.ac.cn:6201/PML/V2.2c/half-month/ET/PML-V2.2c_ET_2001.nc [42460023] -> "/glade/derecho/scratch/bbuchovecky/pml-v2.2/V2.2c/half-month/ET/PML-V2.2c_ET_2001.nc" [1]
2026-10-04 13:42:00 URL: ftp://ftp3.tpdc.ac.cn:6201/PML/V2.2c/half-month/ET/PML-V2.2c_ET_2002.nc [42772478] -> "/glade/derecho/scratch/bbuchovecky/pml-v2.2/V2.2c/half-month/ET/PML-V2.2c_ET_2002.nc" [1]
2026-10-04 13:42:46 URL: ftp://ftp3.tpdc.ac.cn:6201/PML/V2.2c/half-month/ET/PML-V2.2c_ET_2004.nc [42535721] -> "/glade/derecho/scratch/bbuchovecky/pml-v2.2/V2.2c/half-month/ET/PML-V2.2c_ET_2004.nc" [1]
2026-10-04 13:42:49 URL: ftp://ftp2.tpdc.ac.cn:6201/PML/V2.2c/half-month/ET/PML-V2.2c_ET_2003.nc [42782141] -> "/glade/derecho/scratch/bbuchovecky/pml-v2.2/V2.2c/half-month/ET/PML-V2.2c_ET_2003.nc" [1]
2026-10-04 13:42:50 URL: ftp://ftp2.tpdc.ac.cn:6201/PML/V2.2c/half-month/ET/PML-V2.2c_ET_2005.nc [42825436] -> "/glade/derecho/scratch/bbuchovecky/pml-v2.2/V2.2c/half-month/ET/PML-V2.2c_ET_2005.nc" [1]
2026-10-04 13:54:43 URL: ftp://ftp3.tpdc.ac.cn:6201/PML/V2.2c/half-month/ET/PML-V2.2c_ET_2006.nc [42891422] -> "/glade/derecho/scratch/bbuchovecky/pml-v2.2/V2.2c/half-month/ET/PML-V2.2c_ET_2006.nc" [1]
2026-10-04 14:00:14 URL: ftp://ftp2.tpdc.ac.cn:6201/PML/V2.2c/half-month/ET/PML-V2.2c_ET_2007.nc [42529945] -> "/glade/derecho/scratch/bbuchovecky/pml-v2.2/V2.2c/half-month/ET/PML-V2.2c_ET_2007.nc" [1]
2026-10-04 14:00:32 URL: ftp://ftp2.tpdc.ac.cn:6201/PML/V2.2c/half-month/ET/PML-V2.2c_ET_2009.nc [42792644] -> "/glade/derecho/scratch/bbuchovecky/pml-v2.2/V2.2c/half-month/ET/PML-V2.2c_ET_2009.nc" [1]
2026-10-04 14:00:53 URL: ftp://ftp3.tpdc.ac.cn:6201/PML/V2.2c/half-month/ET/PML-V2.2c_ET_2008.nc [42359928] -> "/glade/derecho/scratch/bbuchovecky/pml-v2.2/V2.2c/half-month/ET/PML-V2.2c_ET_2008.nc" [1]
2026-10-04 14:00:56 URL: ftp://ftp2.tpdc.ac.cn:6201/PML/V2.2c/half-month/ET/PML-V2.2c_ET_2011.nc [42636943] -> "/glade/derecho/scratch/bbuchovecky/pml-v2.2/V2.2c/half-month/ET/PML-V2.2c_ET_2011.nc" [1]
2026-10-04 14:01:05 URL: ftp://ftp3.tpdc.ac.cn:6201/PML/V2.2c/half-month/ET/PML-V2.2c_ET_2010.nc [42572517] -> "/glade/derecho/scratch/bbuchovecky/pml-v2.2/V2.2c/half-month/ET/PML-V2.2c_ET_2010.nc" [1]
2026-10-04 14:01:37 URL: ftp://ftp2.tpdc.ac.cn:6201/PML/V2.2c/half-month/ET/PML-V2.2c_ET_2013.nc [42664736] -> "/glade/derecho/scratch/bbuchovecky/pml-v2.2/V2.2c/half-month/ET/PML-V2.2c_ET_2013.nc" [1]
2026-10-04 14:01:45 URL: ftp://ftp3.tpdc.ac.cn:6201/PML/V2.2c/half-month/ET/PML-V2.2c_ET_2012.nc [42718790] -> "/glade/derecho/scratch/bbuchovecky/pml-v2.2/V2.2c/half-month/ET/PML-V2.2c_ET_2012.nc" [1]
2026-10-04 14:11:25 URL: ftp://ftp3.tpdc.ac.cn:6201/PML/V2.2c/half-month/ET/PML-V2.2c_ET_2014.nc [42716908] -> "/glade/derecho/scratch/bbuchovecky/pml-v2.2/V2.2c/half-month/ET/PML-V2.2c_ET_2014.nc" [1]
2026-10-04 14:15:15 URL: ftp://ftp2.tpdc.ac.cn:6201/PML/V2.2c/half-month/ET/PML-V2.2c_ET_2015.nc [43013470] -> "/glade/derecho/scratch/bbuchovecky/pml-v2.2/V2.2c/half-month/ET/PML-V2.2c_ET_2015.nc" [1]
2026-10-04 14:15:50 URL: ftp://ftp3.tpdc.ac.cn:6201/PML/V2.2c/half-month/ET/PML-V2.2c_ET_2016.nc [42977626] -> "/glade/derecho/scratch/bbuchovecky/pml-v2.2/V2.2c/half-month/ET/PML-V2.2c_ET_2016.nc" [1]
2026-10-04 14:16:35 URL: ftp://ftp3.tpdc.ac.cn:6201/PML/V2.2c/half-month/ET/PML-V2.2c_ET_2020.nc [42861137] -> "/glade/derecho/scratch/bbuchovecky/pml-v2.2/V2.2c/half-month/ET/PML-V2.2c_ET_2020.nc" [1]
2026-10-04 14:18:05 URL: ftp://ftp3.tpdc.ac.cn:6201/PML/V2.2c/half-month/ET/PML-V2.2c_ET_2018.nc [42994980] -> "/glade/derecho/scratch/bbuchovecky/pml-v2.2/V2.2c/half-month/ET/PML-V2.2c_ET_2018.nc" [1]
2026-10-04 14:19:28 URL: ftp://ftp2.tpdc.ac.cn:6201/PML/V2.2c/half-month/ET/PML-V2.2c_ET_2017.nc [42788519] -> "/glade/derecho/scratch/bbuchovecky/pml-v2.2/V2.2c/half-month/ET/PML-V2.2c_ET_2017.nc" [1]
2026-10-04 14:19:40 URL: ftp://ftp2.tpdc.ac.cn:6201/PML/V2.2c/half-month/ET/PML-V2.2c_ET_2019.nc [42897958] -> "/glade/derecho/scratch/bbuchovecky/pml-v2.2/V2.2c/half-month/ET/PML-V2.2c_ET_2019.nc" [1]
2026-10-04 14:20:00 URL: ftp://ftp2.tpdc.ac.cn:6201/PML/V2.2c/half-month/ET/PML-V2.2c_ET_2021.nc [42963317] -> "/glade/derecho/scratch/bbuchovecky/pml-v2.2/V2.2c/half-month/ET/PML-V2.2c_ET_2021.nc" [1]
2026-10-04 14:32:25 URL: ftp://ftp3.tpdc.ac.cn:6201/PML/V2.2c/half-month/ET/PML-V2.2c_ET_2022.nc [42984169] -> "/glade/derecho/scratch/bbuchovecky/pml-v2.2/V2.2c/half-month/ET/PML-V2.2c_ET_2022.nc" [1]
2026-10-04 14:37:31 URL: ftp://ftp3.tpdc.ac.cn:6201/PML/V2.2c/half-month/Ec/PML-V2.2c_Ec_1982.nc [38578869] -> "/glade/derecho/scratch/bbuchovecky/pml-v2.2/V2.2c/half-month/Ec/PML-V2.2c_Ec_1982.nc" [1]
2026-10-04 14:38:04 URL: ftp://ftp2.tpdc.ac.cn:6201/PML/V2.2c/half-month/ET/PML-V2.2c_ET_2023.nc [43401095] -> "/glade/derecho/scratch/bbuchovecky/pml-v2.2/V2.2c/half-month/ET/PML-V2.2c_ET_2023.nc" [1]
2026-10-04 14:38:14 URL: ftp://ftp3.tpdc.ac.cn:6201/PML/V2.2c/half-month/Ec/PML-V2.2c_Ec_1984.nc [38241261] -> "/glade/derecho/scratch/bbuchovecky/pml-v2.2/V2.2c/half-month/Ec/PML-V2.2c_Ec_1984.nc" [1]
2026-10-04 14:38:34 URL: ftp://ftp3.tpdc.ac.cn:6201/PML/V2.2c/half-month/ET/PML-V2.2c_ET_2024.nc [43453416] -> "/glade/derecho/scratch/bbuchovecky/pml-v2.2/V2.2c/half-month/ET/PML-V2.2c_ET_2024.nc" [1]
2026-10-04 14:38:35 URL: ftp://ftp2.tpdc.ac.cn:6201/PML/V2.2c/half-month/ET/PML-V2.2c_ET_2025.nc [43434217] -> "/glade/derecho/scratch/bbuchovecky/pml-v2.2/V2.2c/half-month/ET/PML-V2.2c_ET_2025.nc" [1]
2026-10-04 14:39:46 URL: ftp://ftp2.tpdc.ac.cn:6201/PML/V2.2c/half-month/Ec/PML-V2.2c_Ec_1983.nc [39855056] -> "/glade/derecho/scratch/bbuchovecky/pml-v2.2/V2.2c/half-month/Ec/PML-V2.2c_Ec_1983.nc" [1]
2026-10-04 14:40:16 URL: ftp://ftp2.tpdc.ac.cn:6201/PML/V2.2c/half-month/Ec/PML-V2.2c_Ec_1985.nc [38194925] -> "/glade/derecho/scratch/bbuchovecky/pml-v2.2/V2.2c/half-month/Ec/PML-V2.2c_Ec_1985.nc" [1]
2026-10-04 14:51:13 URL: ftp://ftp3.tpdc.ac.cn:6201/PML/V2.2c/half-month/Ec/PML-V2.2c_Ec_1986.nc [38427676] -> "/glade/derecho/scratch/bbuchovecky/pml-v2.2/V2.2c/half-month/Ec/PML-V2.2c_Ec_1986.nc" [1]
2026-10-04 14:56:31 URL: ftp://ftp2.tpdc.ac.cn:6201/PML/V2.2c/half-month/Ec/PML-V2.2c_Ec_1987.nc [38422329] -> "/glade/derecho/scratch/bbuchovecky/pml-v2.2/V2.2c/half-month/Ec/PML-V2.2c_Ec_1987.nc" [1]
2026-10-04 14:56:36 URL: ftp://ftp3.tpdc.ac.cn:6201/PML/V2.2c/half-month/Ec/PML-V2.2c_Ec_1988.nc [38560724] -> "/glade/derecho/scratch/bbuchovecky/pml-v2.2/V2.2c/half-month/Ec/PML-V2.2c_Ec_1988.nc" [1]
2026-10-04 14:58:15 URL: ftp://ftp3.tpdc.ac.cn:6201/PML/V2.2c/half-month/Ec/PML-V2.2c_Ec_1990.nc [38798691] -> "/glade/derecho/scratch/bbuchovecky/pml-v2.2/V2.2c/half-month/Ec/PML-V2.2c_Ec_1990.nc" [1]
2026-10-04 14:58:18 URL: ftp://ftp2.tpdc.ac.cn:6201/PML/V2.2c/half-month/Ec/PML-V2.2c_Ec_1989.nc [38663721] -> "/glade/derecho/scratch/bbuchovecky/pml-v2.2/V2.2c/half-month/Ec/PML-V2.2c_Ec_1989.nc" [1]
2026-10-04 14:59:05 URL: ftp://ftp3.tpdc.ac.cn:6201/PML/V2.2c/half-month/Ec/PML-V2.2c_Ec_1992.nc [38370874] -> "/glade/derecho/scratch/bbuchovecky/pml-v2.2/V2.2c/half-month/Ec/PML-V2.2c_Ec_1992.nc" [1]
2026-10-04 14:59:51 URL: ftp://ftp2.tpdc.ac.cn:6201/PML/V2.2c/half-month/Ec/PML-V2.2c_Ec_1993.nc [38388713] -> "/glade/derecho/scratch/bbuchovecky/pml-v2.2/V2.2c/half-month/Ec/PML-V2.2c_Ec_1993.nc" [1]
2026-10-04 14:59:57 URL: ftp://ftp2.tpdc.ac.cn:6201/PML/V2.2c/half-month/Ec/PML-V2.2c_Ec_1991.nc [38623804] -> "/glade/derecho/scratch/bbuchovecky/pml-v2.2/V2.2c/half-month/Ec/PML-V2.2c_Ec_1991.nc" [1]
2026-10-04 15:10:39 URL: ftp://ftp3.tpdc.ac.cn:6201/PML/V2.2c/half-month/Ec/PML-V2.2c_Ec_1994.nc [38581656] -> "/glade/derecho/scratch/bbuchovecky/pml-v2.2/V2.2c/half-month/Ec/PML-V2.2c_Ec_1994.nc" [1]
2026-10-04 15:14:48 URL: ftp://ftp3.tpdc.ac.cn:6201/PML/V2.2c/half-month/Ec/PML-V2.2c_Ec_1996.nc [38171147] -> "/glade/derecho/scratch/bbuchovecky/pml-v2.2/V2.2c/half-month/Ec/PML-V2.2c_Ec_1996.nc" [1]
2026-10-04 15:16:35 URL: ftp://ftp2.tpdc.ac.cn:6201/PML/V2.2c/half-month/Ec/PML-V2.2c_Ec_1995.nc [38719013] -> "/glade/derecho/scratch/bbuchovecky/pml-v2.2/V2.2c/half-month/Ec/PML-V2.2c_Ec_1995.nc" [1]
2026-10-04 15:16:45 URL: ftp://ftp3.tpdc.ac.cn:6201/PML/V2.2c/half-month/Ec/PML-V2.2c_Ec_1998.nc [38510852] -> "/glade/derecho/scratch/bbuchovecky/pml-v2.2/V2.2c/half-month/Ec/PML-V2.2c_Ec_1998.nc" [1]
2026-10-04 15:17:34 URL: ftp://ftp3.tpdc.ac.cn:6201/PML/V2.2c/half-month/Ec/PML-V2.2c_Ec_2000.nc [37110640] -> "/glade/derecho/scratch/bbuchovecky/pml-v2.2/V2.2c/half-month/Ec/PML-V2.2c_Ec_2000.nc" [1]
2026-10-04 15:17:44 URL: ftp://ftp2.tpdc.ac.cn:6201/PML/V2.2c/half-month/Ec/PML-V2.2c_Ec_2001.nc [37148284] -> "/glade/derecho/scratch/bbuchovecky/pml-v2.2/V2.2c/half-month/Ec/PML-V2.2c_Ec_2001.nc" [1]
2026-10-04 15:18:08 URL: ftp://ftp2.tpdc.ac.cn:6201/PML/V2.2c/half-month/Ec/PML-V2.2c_Ec_1997.nc [38642902] -> "/glade/derecho/scratch/bbuchovecky/pml-v2.2/V2.2c/half-month/Ec/PML-V2.2c_Ec_1997.nc" [1]
2026-10-04 15:18:55 URL: ftp://ftp2.tpdc.ac.cn:6201/PML/V2.2c/half-month/Ec/PML-V2.2c_Ec_1999.nc [38469367] -> "/glade/derecho/scratch/bbuchovecky/pml-v2.2/V2.2c/half-month/Ec/PML-V2.2c_Ec_1999.nc" [1]
2026-10-04 15:28:17 URL: ftp://ftp3.tpdc.ac.cn:6201/PML/V2.2c/half-month/Ec/PML-V2.2c_Ec_2002.nc [37099487] -> "/glade/derecho/scratch/bbuchovecky/pml-v2.2/V2.2c/half-month/Ec/PML-V2.2c_Ec_2002.nc" [1]
2026-10-04 15:33:43 URL: ftp://ftp2.tpdc.ac.cn:6201/PML/V2.2c/half-month/Ec/PML-V2.2c_Ec_2003.nc [37019831] -> "/glade/derecho/scratch/bbuchovecky/pml-v2.2/V2.2c/half-month/Ec/PML-V2.2c_Ec_2003.nc" [1]
2026-10-04 15:34:57 URL: ftp://ftp3.tpdc.ac.cn:6201/PML/V2.2c/half-month/Ec/PML-V2.2c_Ec_2004.nc [37000000] -> "/glade/derecho/scratch/bbuchovecky/pml-v2.2/V2.2c/half-month/Ec/PML-V2.2c_Ec_2004.nc" [1]
2026-10-04 15:34:59 URL: ftp://ftp3.tpdc.ac.cn:6201/PML/V2.2c/half-month/Ec/PML-V2.2c_Ec_2006.nc [37161825] -> "/glade/derecho/scratch/bbuchovecky/pml-v2.2/V2.2c/half-month/Ec/PML-V2.2c_Ec_2006.nc" [1]
2026-10-04 15:36:02 URL: ftp://ftp3.tpdc.ac.cn:6201/PML/V2.2c/half-month/Ec/PML-V2.2c_Ec_2008.nc [36900600] -> "/glade/derecho/scratch/bbuchovecky/pml-v2.2/V2.2c/half-month/Ec/PML-V2.2c_Ec_2008.nc" [1]
2026-10-04 15:36:11 URL: ftp://ftp2.tpdc.ac.cn:6201/PML/V2.2c/half-month/Ec/PML-V2.2c_Ec_2005.nc [37138267] -> "/glade/derecho/scratch/bbuchovecky/pml-v2.2/V2.2c/half-month/Ec/PML-V2.2c_Ec_2005.nc" [1]
2026-10-04 15:36:25 URL: ftp://ftp2.tpdc.ac.cn:6201/PML/V2.2c/half-month/Ec/PML-V2.2c_Ec_2007.nc [37251076] -> "/glade/derecho/scratch/bbuchovecky/pml-v2.2/V2.2c/half-month/Ec/PML-V2.2c_Ec_2007.nc" [1]
2026-10-04 15:39:46 URL: ftp://ftp2.tpdc.ac.cn:6201/PML/V2.2c/half-month/Ec/PML-V2.2c_Ec_2009.nc [36948355] -> "/glade/derecho/scratch/bbuchovecky/pml-v2.2/V2.2c/half-month/Ec/PML-V2.2c_Ec_2009.nc" [1]
2026-10-04 15:45:41 URL: ftp://ftp3.tpdc.ac.cn:6201/PML/V2.2c/half-month/Ec/PML-V2.2c_Ec_2010.nc [37088899] -> "/glade/derecho/scratch/bbuchovecky/pml-v2.2/V2.2c/half-month/Ec/PML-V2.2c_Ec_2010.nc" [1]
2026-10-04 15:52:49 URL: ftp://ftp2.tpdc.ac.cn:6201/PML/V2.2c/half-month/Ec/PML-V2.2c_Ec_2011.nc [37219323] -> "/glade/derecho/scratch/bbuchovecky/pml-v2.2/V2.2c/half-month/Ec/PML-V2.2c_Ec_2011.nc" [1]
2026-10-04 15:53:27 URL: ftp://ftp3.tpdc.ac.cn:6201/PML/V2.2c/half-month/Ec/PML-V2.2c_Ec_2012.nc [37232525] -> "/glade/derecho/scratch/bbuchovecky/pml-v2.2/V2.2c/half-month/Ec/PML-V2.2c_Ec_2012.nc" [1]
2026-10-04 15:53:58 URL: ftp://ftp2.tpdc.ac.cn:6201/PML/V2.2c/half-month/Ec/PML-V2.2c_Ec_2013.nc [37025186] -> "/glade/derecho/scratch/bbuchovecky/pml-v2.2/V2.2c/half-month/Ec/PML-V2.2c_Ec_2013.nc" [1]
2026-10-04 15:54:06 URL: ftp://ftp2.tpdc.ac.cn:6201/PML/V2.2c/half-month/Ec/PML-V2.2c_Ec_2015.nc [37366856] -> "/glade/derecho/scratch/bbuchovecky/pml-v2.2/V2.2c/half-month/Ec/PML-V2.2c_Ec_2015.nc" [1]
2026-10-04 15:54:10 URL: ftp://ftp3.tpdc.ac.cn:6201/PML/V2.2c/half-month/Ec/PML-V2.2c_Ec_2014.nc [37203476] -> "/glade/derecho/scratch/bbuchovecky/pml-v2.2/V2.2c/half-month/Ec/PML-V2.2c_Ec_2014.nc" [1]
2026-10-04 15:54:43 URL: ftp://ftp3.tpdc.ac.cn:6201/PML/V2.2c/half-month/Ec/PML-V2.2c_Ec_2016.nc [37537500] -> "/glade/derecho/scratch/bbuchovecky/pml-v2.2/V2.2c/half-month/Ec/PML-V2.2c_Ec_2016.nc" [1]
2026-10-04 15:57:58 URL: ftp://ftp2.tpdc.ac.cn:6201/PML/V2.2c/half-month/Ec/PML-V2.2c_Ec_2017.nc [37223240] -> "/glade/derecho/scratch/bbuchovecky/pml-v2.2/V2.2c/half-month/Ec/PML-V2.2c_Ec_2017.nc" [1]
2026-10-04 16:03:44 URL: ftp://ftp3.tpdc.ac.cn:6201/PML/V2.2c/half-month/Ec/PML-V2.2c_Ec_2018.nc [37126507] -> "/glade/derecho/scratch/bbuchovecky/pml-v2.2/V2.2c/half-month/Ec/PML-V2.2c_Ec_2018.nc" [1]
2026-10-04 16:12:17 URL: ftp://ftp2.tpdc.ac.cn:6201/PML/V2.2c/half-month/Ec/PML-V2.2c_Ec_2019.nc [37237065] -> "/glade/derecho/scratch/bbuchovecky/pml-v2.2/V2.2c/half-month/Ec/PML-V2.2c_Ec_2019.nc" [1]
2026-10-04 16:12:53 URL: ftp://ftp3.tpdc.ac.cn:6201/PML/V2.2c/half-month/Ec/PML-V2.2c_Ec_2020.nc [37531489] -> "/glade/derecho/scratch/bbuchovecky/pml-v2.2/V2.2c/half-month/Ec/PML-V2.2c_Ec_2020.nc" [1]
2026-10-04 16:13:11 URL: ftp://ftp3.tpdc.ac.cn:6201/PML/V2.2c/half-month/Ec/PML-V2.2c_Ec_2022.nc [37209930] -> "/glade/derecho/scratch/bbuchovecky/pml-v2.2/V2.2c/half-month/Ec/PML-V2.2c_Ec_2022.nc" [1]
2026-10-04 16:13:34 URL: ftp://ftp3.tpdc.ac.cn:6201/PML/V2.2c/half-month/Ec/PML-V2.2c_Ec_2024.nc [37561225] -> "/glade/derecho/scratch/bbuchovecky/pml-v2.2/V2.2c/half-month/Ec/PML-V2.2c_Ec_2024.nc" [1]
2026-10-04 16:13:55 URL: ftp://ftp2.tpdc.ac.cn:6201/PML/V2.2c/half-month/Ec/PML-V2.2c_Ec_2021.nc [37375389] -> "/glade/derecho/scratch/bbuchovecky/pml-v2.2/V2.2c/half-month/Ec/PML-V2.2c_Ec_2021.nc" [1]
2026-10-04 16:14:27 URL: ftp://ftp2.tpdc.ac.cn:6201/PML/V2.2c/half-month/Ec/PML-V2.2c_Ec_2023.nc [37608793] -> "/glade/derecho/scratch/bbuchovecky/pml-v2.2/V2.2c/half-month/Ec/PML-V2.2c_Ec_2023.nc" [1]
2026-10-04 16:17:18 URL: ftp://ftp2.tpdc.ac.cn:6201/PML/V2.2c/half-month/Ec/PML-V2.2c_Ec_2025.nc [37466133] -> "/glade/derecho/scratch/bbuchovecky/pml-v2.2/V2.2c/half-month/Ec/PML-V2.2c_Ec_2025.nc" [1]
2026-10-04 16:23:17 URL: ftp://ftp3.tpdc.ac.cn:6201/PML/V2.2c/half-month/Es/PML-V2.2c_Es_1982.nc [38764306] -> "/glade/derecho/scratch/bbuchovecky/pml-v2.2/V2.2c/half-month/Es/PML-V2.2c_Es_1982.nc" [1]
2026-10-04 16:31:42 URL: ftp://ftp2.tpdc.ac.cn:6201/PML/V2.2c/half-month/Es/PML-V2.2c_Es_1985.nc [38361916] -> "/glade/derecho/scratch/bbuchovecky/pml-v2.2/V2.2c/half-month/Es/PML-V2.2c_Es_1985.nc" [1]
2026-10-04 16:31:46 URL: ftp://ftp3.tpdc.ac.cn:6201/PML/V2.2c/half-month/Es/PML-V2.2c_Es_1986.nc [38230259] -> "/glade/derecho/scratch/bbuchovecky/pml-v2.2/V2.2c/half-month/Es/PML-V2.2c_Es_1986.nc" [1]
2026-10-04 16:31:52 URL: ftp://ftp3.tpdc.ac.cn:6201/PML/V2.2c/half-month/Es/PML-V2.2c_Es_1984.nc [38062872] -> "/glade/derecho/scratch/bbuchovecky/pml-v2.2/V2.2c/half-month/Es/PML-V2.2c_Es_1984.nc" [1]
2026-10-04 16:31:57 URL: ftp://ftp2.tpdc.ac.cn:6201/PML/V2.2c/half-month/Es/PML-V2.2c_Es_1983.nc [38808444] -> "/glade/derecho/scratch/bbuchovecky/pml-v2.2/V2.2c/half-month/Es/PML-V2.2c_Es_1983.nc" [1]
2026-10-04 16:32:29 URL: ftp://ftp2.tpdc.ac.cn:6201/PML/V2.2c/half-month/Es/PML-V2.2c_Es_1987.nc [38196137] -> "/glade/derecho/scratch/bbuchovecky/pml-v2.2/V2.2c/half-month/Es/PML-V2.2c_Es_1987.nc" [1]
2026-10-04 16:32:51 URL: ftp://ftp3.tpdc.ac.cn:6201/PML/V2.2c/half-month/Es/PML-V2.2c_Es_1988.nc [38330363] -> "/glade/derecho/scratch/bbuchovecky/pml-v2.2/V2.2c/half-month/Es/PML-V2.2c_Es_1988.nc" [1]
2026-10-04 16:36:16 URL: ftp://ftp2.tpdc.ac.cn:6201/PML/V2.2c/half-month/Es/PML-V2.2c_Es_1989.nc [38522270] -> "/glade/derecho/scratch/bbuchovecky/pml-v2.2/V2.2c/half-month/Es/PML-V2.2c_Es_1989.nc" [1]
2026-10-04 16:42:32 URL: ftp://ftp3.tpdc.ac.cn:6201/PML/V2.2c/half-month/Es/PML-V2.2c_Es_1990.nc [38386618] -> "/glade/derecho/scratch/bbuchovecky/pml-v2.2/V2.2c/half-month/Es/PML-V2.2c_Es_1990.nc" [1]
2026-10-04 16:50:47 URL: ftp://ftp3.tpdc.ac.cn:6201/PML/V2.2c/half-month/Es/PML-V2.2c_Es_1992.nc [38477223] -> "/glade/derecho/scratch/bbuchovecky/pml-v2.2/V2.2c/half-month/Es/PML-V2.2c_Es_1992.nc" [1]
2026-10-04 16:51:04 URL: ftp://ftp3.tpdc.ac.cn:6201/PML/V2.2c/half-month/Es/PML-V2.2c_Es_1994.nc [38207954] -> "/glade/derecho/scratch/bbuchovecky/pml-v2.2/V2.2c/half-month/Es/PML-V2.2c_Es_1994.nc" [1]
2026-10-04 16:51:19 URL: ftp://ftp2.tpdc.ac.cn:6201/PML/V2.2c/half-month/Es/PML-V2.2c_Es_1995.nc [38308839] -> "/glade/derecho/scratch/bbuchovecky/pml-v2.2/V2.2c/half-month/Es/PML-V2.2c_Es_1995.nc" [1]
2026-10-04 16:51:31 URL: ftp://ftp2.tpdc.ac.cn:6201/PML/V2.2c/half-month/Es/PML-V2.2c_Es_1993.nc [38668031] -> "/glade/derecho/scratch/bbuchovecky/pml-v2.2/V2.2c/half-month/Es/PML-V2.2c_Es_1993.nc" [1]
2026-10-04 16:51:47 URL: ftp://ftp2.tpdc.ac.cn:6201/PML/V2.2c/half-month/Es/PML-V2.2c_Es_1991.nc [38378181] -> "/glade/derecho/scratch/bbuchovecky/pml-v2.2/V2.2c/half-month/Es/PML-V2.2c_Es_1991.nc" [1]
2026-10-04 16:52:13 URL: ftp://ftp3.tpdc.ac.cn:6201/PML/V2.2c/half-month/Es/PML-V2.2c_Es_1996.nc [37983965] -> "/glade/derecho/scratch/bbuchovecky/pml-v2.2/V2.2c/half-month/Es/PML-V2.2c_Es_1996.nc" [1]
2026-10-04 16:55:15 URL: ftp://ftp2.tpdc.ac.cn:6201/PML/V2.2c/half-month/Es/PML-V2.2c_Es_1997.nc [38604000] -> "/glade/derecho/scratch/bbuchovecky/pml-v2.2/V2.2c/half-month/Es/PML-V2.2c_Es_1997.nc" [1]
2026-10-04 17:02:07 URL: ftp://ftp3.tpdc.ac.cn:6201/PML/V2.2c/half-month/Es/PML-V2.2c_Es_1998.nc [38261703] -> "/glade/derecho/scratch/bbuchovecky/pml-v2.2/V2.2c/half-month/Es/PML-V2.2c_Es_1998.nc" [1]
2026-10-04 17:09:07 URL: ftp://ftp3.tpdc.ac.cn:6201/PML/V2.2c/half-month/Es/PML-V2.2c_Es_2002.nc [36858482] -> "/glade/derecho/scratch/bbuchovecky/pml-v2.2/V2.2c/half-month/Es/PML-V2.2c_Es_2002.nc" [1]
2026-10-04 17:09:38 URL: ftp://ftp2.tpdc.ac.cn:6201/PML/V2.2c/half-month/Es/PML-V2.2c_Es_1999.nc [37813355] -> "/glade/derecho/scratch/bbuchovecky/pml-v2.2/V2.2c/half-month/Es/PML-V2.2c_Es_1999.nc" [1]
2026-10-04 17:10:01 URL: ftp://ftp3.tpdc.ac.cn:6201/PML/V2.2c/half-month/Es/PML-V2.2c_Es_2000.nc [36834169] -> "/glade/derecho/scratch/bbuchovecky/pml-v2.2/V2.2c/half-month/Es/PML-V2.2c_Es_2000.nc" [1]
2026-10-04 17:10:21 URL: ftp://ftp3.tpdc.ac.cn:6201/PML/V2.2c/half-month/Es/PML-V2.2c_Es_2004.nc [36690827] -> "/glade/derecho/scratch/bbuchovecky/pml-v2.2/V2.2c/half-month/Es/PML-V2.2c_Es_2004.nc" [1]
2026-10-04 17:10:29 URL: ftp://ftp2.tpdc.ac.cn:6201/PML/V2.2c/half-month/Es/PML-V2.2c_Es_2003.nc [37004447] -> "/glade/derecho/scratch/bbuchovecky/pml-v2.2/V2.2c/half-month/Es/PML-V2.2c_Es_2003.nc" [1]
2026-10-04 17:10:46 URL: ftp://ftp2.tpdc.ac.cn:6201/PML/V2.2c/half-month/Es/PML-V2.2c_Es_2001.nc [36700241] -> "/glade/derecho/scratch/bbuchovecky/pml-v2.2/V2.2c/half-month/Es/PML-V2.2c_Es_2001.nc" [1]
2026-10-04 17:13:37 URL: ftp://ftp2.tpdc.ac.cn:6201/PML/V2.2c/half-month/Es/PML-V2.2c_Es_2005.nc [36919204] -> "/glade/derecho/scratch/bbuchovecky/pml-v2.2/V2.2c/half-month/Es/PML-V2.2c_Es_2005.nc" [1]
2026-10-04 17:18:30 URL: ftp://ftp3.tpdc.ac.cn:6201/PML/V2.2c/half-month/Es/PML-V2.2c_Es_2006.nc [37018550] -> "/glade/derecho/scratch/bbuchovecky/pml-v2.2/V2.2c/half-month/Es/PML-V2.2c_Es_2006.nc" [1]
2026-10-04 17:24:47 URL: ftp://ftp3.tpdc.ac.cn:6201/PML/V2.2c/half-month/Es/PML-V2.2c_Es_2008.nc [36414705] -> "/glade/derecho/scratch/bbuchovecky/pml-v2.2/V2.2c/half-month/Es/PML-V2.2c_Es_2008.nc" [1]
2026-10-04 17:25:25 URL: ftp://ftp2.tpdc.ac.cn:6201/PML/V2.2c/half-month/Es/PML-V2.2c_Es_2007.nc [36512562] -> "/glade/derecho/scratch/bbuchovecky/pml-v2.2/V2.2c/half-month/Es/PML-V2.2c_Es_2007.nc" [1]
2026-10-04 17:25:40 URL: ftp://ftp3.tpdc.ac.cn:6201/PML/V2.2c/half-month/Es/PML-V2.2c_Es_2012.nc [36761623] -> "/glade/derecho/scratch/bbuchovecky/pml-v2.2/V2.2c/half-month/Es/PML-V2.2c_Es_2012.nc" [1]
2026-10-04 17:26:06 URL: ftp://ftp3.tpdc.ac.cn:6201/PML/V2.2c/half-month/Es/PML-V2.2c_Es_2010.nc [36977569] -> "/glade/derecho/scratch/bbuchovecky/pml-v2.2/V2.2c/half-month/Es/PML-V2.2c_Es_2010.nc" [1]
2026-10-04 17:26:27 URL: ftp://ftp2.tpdc.ac.cn:6201/PML/V2.2c/half-month/Es/PML-V2.2c_Es_2009.nc [37087057] -> "/glade/derecho/scratch/bbuchovecky/pml-v2.2/V2.2c/half-month/Es/PML-V2.2c_Es_2009.nc" [1]
2026-10-04 17:27:14 URL: ftp://ftp2.tpdc.ac.cn:6201/PML/V2.2c/half-month/Es/PML-V2.2c_Es_2011.nc [36624480] -> "/glade/derecho/scratch/bbuchovecky/pml-v2.2/V2.2c/half-month/Es/PML-V2.2c_Es_2011.nc" [1]
2026-10-04 17:30:20 URL: ftp://ftp2.tpdc.ac.cn:6201/PML/V2.2c/half-month/Es/PML-V2.2c_Es_2013.nc [36872161] -> "/glade/derecho/scratch/bbuchovecky/pml-v2.2/V2.2c/half-month/Es/PML-V2.2c_Es_2013.nc" [1]
2026-10-04 17:36:28 URL: ftp://ftp3.tpdc.ac.cn:6201/PML/V2.2c/half-month/Es/PML-V2.2c_Es_2014.nc [37180273] -> "/glade/derecho/scratch/bbuchovecky/pml-v2.2/V2.2c/half-month/Es/PML-V2.2c_Es_2014.nc" [1]
2026-10-04 17:43:12 URL: ftp://ftp3.tpdc.ac.cn:6201/PML/V2.2c/half-month/Es/PML-V2.2c_Es_2016.nc [37366747] -> "/glade/derecho/scratch/bbuchovecky/pml-v2.2/V2.2c/half-month/Es/PML-V2.2c_Es_2016.nc" [1]
2026-10-04 17:44:12 URL: ftp://ftp2.tpdc.ac.cn:6201/PML/V2.2c/half-month/Es/PML-V2.2c_Es_2015.nc [37423755] -> "/glade/derecho/scratch/bbuchovecky/pml-v2.2/V2.2c/half-month/Es/PML-V2.2c_Es_2015.nc" [1]
2026-10-04 17:44:37 URL: ftp://ftp3.tpdc.ac.cn:6201/PML/V2.2c/half-month/Es/PML-V2.2c_Es_2018.nc [37174471] -> "/glade/derecho/scratch/bbuchovecky/pml-v2.2/V2.2c/half-month/Es/PML-V2.2c_Es_2018.nc" [1]
2026-10-04 17:44:38 URL: ftp://ftp2.tpdc.ac.cn:6201/PML/V2.2c/half-month/Es/PML-V2.2c_Es_2017.nc [36830531] -> "/glade/derecho/scratch/bbuchovecky/pml-v2.2/V2.2c/half-month/Es/PML-V2.2c_Es_2017.nc" [1]
2026-10-04 17:44:52 URL: ftp://ftp2.tpdc.ac.cn:6201/PML/V2.2c/half-month/Es/PML-V2.2c_Es_2019.nc [36877738] -> "/glade/derecho/scratch/bbuchovecky/pml-v2.2/V2.2c/half-month/Es/PML-V2.2c_Es_2019.nc" [1]
2026-10-04 17:46:25 URL: ftp://ftp3.tpdc.ac.cn:6201/PML/V2.2c/half-month/Es/PML-V2.2c_Es_2020.nc [36707984] -> "/glade/derecho/scratch/bbuchovecky/pml-v2.2/V2.2c/half-month/Es/PML-V2.2c_Es_2020.nc" [1]
2026-10-04 17:48:56 URL: ftp://ftp2.tpdc.ac.cn:6201/PML/V2.2c/half-month/Es/PML-V2.2c_Es_2021.nc [37027378] -> "/glade/derecho/scratch/bbuchovecky/pml-v2.2/V2.2c/half-month/Es/PML-V2.2c_Es_2021.nc" [1]
2026-10-04 17:55:05 URL: ftp://ftp3.tpdc.ac.cn:6201/PML/V2.2c/half-month/Es/PML-V2.2c_Es_2022.nc [37277942] -> "/glade/derecho/scratch/bbuchovecky/pml-v2.2/V2.2c/half-month/Es/PML-V2.2c_Es_2022.nc" [1]
2026-10-04 17:55:59 URL: ftp://ftp3.tpdc.ac.cn:6201/PML/V2.2c/half-month/Ei/PML-V2.2c_Ei_1982.nc [23682681] -> "/glade/derecho/scratch/bbuchovecky/pml-v2.2/V2.2c/half-month/Ei/PML-V2.2c_Ei_1982.nc" [1]
2026-10-04 17:56:58 URL: ftp://ftp2.tpdc.ac.cn:6201/PML/V2.2c/half-month/Ei/PML-V2.2c_Ei_1983.nc [23589052] -> "/glade/derecho/scratch/bbuchovecky/pml-v2.2/V2.2c/half-month/Ei/PML-V2.2c_Ei_1983.nc" [1]
2026-10-04 17:57:39 URL: ftp://ftp3.tpdc.ac.cn:6201/PML/V2.2c/half-month/Ei/PML-V2.2c_Ei_1984.nc [23489579] -> "/glade/derecho/scratch/bbuchovecky/pml-v2.2/V2.2c/half-month/Ei/PML-V2.2c_Ei_1984.nc" [1]
2026-10-04 18:00:07 URL: ftp://ftp2.tpdc.ac.cn:6201/PML/V2.2c/half-month/Ei/PML-V2.2c_Ei_1985.nc [23492084] -> "/glade/derecho/scratch/bbuchovecky/pml-v2.2/V2.2c/half-month/Ei/PML-V2.2c_Ei_1985.nc" [1]
2026-10-04 18:01:16 URL: ftp://ftp2.tpdc.ac.cn:6201/PML/V2.2c/half-month/Es/PML-V2.2c_Es_2023.nc [37195597] -> "/glade/derecho/scratch/bbuchovecky/pml-v2.2/V2.2c/half-month/Es/PML-V2.2c_Es_2023.nc" [1]
2026-10-04 18:02:00 URL: ftp://ftp3.tpdc.ac.cn:6201/PML/V2.2c/half-month/Es/PML-V2.2c_Es_2024.nc [37237986] -> "/glade/derecho/scratch/bbuchovecky/pml-v2.2/V2.2c/half-month/Es/PML-V2.2c_Es_2024.nc" [1]
2026-10-04 18:03:08 URL: ftp://ftp2.tpdc.ac.cn:6201/PML/V2.2c/half-month/Es/PML-V2.2c_Es_2025.nc [37292273] -> "/glade/derecho/scratch/bbuchovecky/pml-v2.2/V2.2c/half-month/Es/PML-V2.2c_Es_2025.nc" [1]
2026-10-04 18:06:21 URL: ftp://ftp3.tpdc.ac.cn:6201/PML/V2.2c/half-month/Ei/PML-V2.2c_Ei_1986.nc [23438359] -> "/glade/derecho/scratch/bbuchovecky/pml-v2.2/V2.2c/half-month/Ei/PML-V2.2c_Ei_1986.nc" [1]
2026-10-04 18:07:35 URL: ftp://ftp2.tpdc.ac.cn:6201/PML/V2.2c/half-month/Ei/PML-V2.2c_Ei_1987.nc [23441898] -> "/glade/derecho/scratch/bbuchovecky/pml-v2.2/V2.2c/half-month/Ei/PML-V2.2c_Ei_1987.nc" [1]
2026-10-04 18:08:24 URL: ftp://ftp3.tpdc.ac.cn:6201/PML/V2.2c/half-month/Ei/PML-V2.2c_Ei_1988.nc [23472754] -> "/glade/derecho/scratch/bbuchovecky/pml-v2.2/V2.2c/half-month/Ei/PML-V2.2c_Ei_1988.nc" [1]
2026-10-04 18:08:33 URL: ftp://ftp2.tpdc.ac.cn:6201/PML/V2.2c/half-month/Ei/PML-V2.2c_Ei_1989.nc [23705311] -> "/glade/derecho/scratch/bbuchovecky/pml-v2.2/V2.2c/half-month/Ei/PML-V2.2c_Ei_1989.nc" [1]
2026-10-04 18:10:58 URL: ftp://ftp3.tpdc.ac.cn:6201/PML/V2.2c/half-month/Ei/PML-V2.2c_Ei_1990.nc [23797661] -> "/glade/derecho/scratch/bbuchovecky/pml-v2.2/V2.2c/half-month/Ei/PML-V2.2c_Ei_1990.nc" [1]
2026-10-04 18:12:58 URL: ftp://ftp2.tpdc.ac.cn:6201/PML/V2.2c/half-month/Ei/PML-V2.2c_Ei_1991.nc [23419468] -> "/glade/derecho/scratch/bbuchovecky/pml-v2.2/V2.2c/half-month/Ei/PML-V2.2c_Ei_1991.nc" [1]
2026-10-04 18:13:03 URL: ftp://ftp3.tpdc.ac.cn:6201/PML/V2.2c/half-month/Ei/PML-V2.2c_Ei_1992.nc [23593874] -> "/glade/derecho/scratch/bbuchovecky/pml-v2.2/V2.2c/half-month/Ei/PML-V2.2c_Ei_1992.nc" [1]
2026-10-04 18:14:32 URL: ftp://ftp2.tpdc.ac.cn:6201/PML/V2.2c/half-month/Ei/PML-V2.2c_Ei_1993.nc [23616065] -> "/glade/derecho/scratch/bbuchovecky/pml-v2.2/V2.2c/half-month/Ei/PML-V2.2c_Ei_1993.nc" [1]
2026-10-04 18:17:30 URL: ftp://ftp3.tpdc.ac.cn:6201/PML/V2.2c/half-month/Ei/PML-V2.2c_Ei_1994.nc [23635000] -> "/glade/derecho/scratch/bbuchovecky/pml-v2.2/V2.2c/half-month/Ei/PML-V2.2c_Ei_1994.nc" [1]
2026-10-04 18:18:54 URL: ftp://ftp2.tpdc.ac.cn:6201/PML/V2.2c/half-month/Ei/PML-V2.2c_Ei_1995.nc [23593389] -> "/glade/derecho/scratch/bbuchovecky/pml-v2.2/V2.2c/half-month/Ei/PML-V2.2c_Ei_1995.nc" [1]
2026-10-04 18:19:46 URL: ftp://ftp3.tpdc.ac.cn:6201/PML/V2.2c/half-month/Ei/PML-V2.2c_Ei_1996.nc [23434905] -> "/glade/derecho/scratch/bbuchovecky/pml-v2.2/V2.2c/half-month/Ei/PML-V2.2c_Ei_1996.nc" [1]
2026-10-04 18:19:57 URL: ftp://ftp2.tpdc.ac.cn:6201/PML/V2.2c/half-month/Ei/PML-V2.2c_Ei_1997.nc [23778007] -> "/glade/derecho/scratch/bbuchovecky/pml-v2.2/V2.2c/half-month/Ei/PML-V2.2c_Ei_1997.nc" [1]
2026-10-04 18:21:54 URL: ftp://ftp3.tpdc.ac.cn:6201/PML/V2.2c/half-month/Ei/PML-V2.2c_Ei_1998.nc [23665359] -> "/glade/derecho/scratch/bbuchovecky/pml-v2.2/V2.2c/half-month/Ei/PML-V2.2c_Ei_1998.nc" [1]
2026-10-04 18:24:02 URL: ftp://ftp3.tpdc.ac.cn:6201/PML/V2.2c/half-month/Ei/PML-V2.2c_Ei_2000.nc [23084891] -> "/glade/derecho/scratch/bbuchovecky/pml-v2.2/V2.2c/half-month/Ei/PML-V2.2c_Ei_2000.nc" [1]
2026-10-04 18:24:36 URL: ftp://ftp2.tpdc.ac.cn:6201/PML/V2.2c/half-month/Ei/PML-V2.2c_Ei_2001.nc [22928681] -> "/glade/derecho/scratch/bbuchovecky/pml-v2.2/V2.2c/half-month/Ei/PML-V2.2c_Ei_2001.nc" [1]
2026-10-04 18:25:04 URL: ftp://ftp2.tpdc.ac.cn:6201/PML/V2.2c/half-month/Ei/PML-V2.2c_Ei_1999.nc [23644338] -> "/glade/derecho/scratch/bbuchovecky/pml-v2.2/V2.2c/half-month/Ei/PML-V2.2c_Ei_1999.nc" [1]
2026-10-04 18:27:47 URL: ftp://ftp3.tpdc.ac.cn:6201/PML/V2.2c/half-month/Ei/PML-V2.2c_Ei_2002.nc [22753685] -> "/glade/derecho/scratch/bbuchovecky/pml-v2.2/V2.2c/half-month/Ei/PML-V2.2c_Ei_2002.nc" [1]
2026-10-04 18:29:29 URL: ftp://ftp2.tpdc.ac.cn:6201/PML/V2.2c/half-month/Ei/PML-V2.2c_Ei_2003.nc [22646293] -> "/glade/derecho/scratch/bbuchovecky/pml-v2.2/V2.2c/half-month/Ei/PML-V2.2c_Ei_2003.nc" [1]
2026-10-04 18:30:08 URL: ftp://ftp2.tpdc.ac.cn:6201/PML/V2.2c/half-month/Ei/PML-V2.2c_Ei_2005.nc [22738103] -> "/glade/derecho/scratch/bbuchovecky/pml-v2.2/V2.2c/half-month/Ei/PML-V2.2c_Ei_2005.nc" [1]
2026-10-04 18:30:19 URL: ftp://ftp3.tpdc.ac.cn:6201/PML/V2.2c/half-month/Ei/PML-V2.2c_Ei_2004.nc [22857000] -> "/glade/derecho/scratch/bbuchovecky/pml-v2.2/V2.2c/half-month/Ei/PML-V2.2c_Ei_2004.nc" [1]
2026-10-04 18:32:14 URL: ftp://ftp3.tpdc.ac.cn:6201/PML/V2.2c/half-month/Ei/PML-V2.2c_Ei_2006.nc [22863646] -> "/glade/derecho/scratch/bbuchovecky/pml-v2.2/V2.2c/half-month/Ei/PML-V2.2c_Ei_2006.nc" [1]
2026-10-04 18:34:48 URL: ftp://ftp2.tpdc.ac.cn:6201/PML/V2.2c/half-month/Ei/PML-V2.2c_Ei_2007.nc [22850650] -> "/glade/derecho/scratch/bbuchovecky/pml-v2.2/V2.2c/half-month/Ei/PML-V2.2c_Ei_2007.nc" [1]
2026-10-04 18:35:13 URL: ftp://ftp3.tpdc.ac.cn:6201/PML/V2.2c/half-month/Ei/PML-V2.2c_Ei_2008.nc [22657863] -> "/glade/derecho/scratch/bbuchovecky/pml-v2.2/V2.2c/half-month/Ei/PML-V2.2c_Ei_2008.nc" [1]
2026-10-04 18:36:38 URL: ftp://ftp2.tpdc.ac.cn:6201/PML/V2.2c/half-month/Ei/PML-V2.2c_Ei_2009.nc [22940045] -> "/glade/derecho/scratch/bbuchovecky/pml-v2.2/V2.2c/half-month/Ei/PML-V2.2c_Ei_2009.nc" [1]
2026-10-04 18:38:49 URL: ftp://ftp3.tpdc.ac.cn:6201/PML/V2.2c/half-month/Ei/PML-V2.2c_Ei_2010.nc [23208178] -> "/glade/derecho/scratch/bbuchovecky/pml-v2.2/V2.2c/half-month/Ei/PML-V2.2c_Ei_2010.nc" [1]
2026-10-04 18:40:47 URL: ftp://ftp2.tpdc.ac.cn:6201/PML/V2.2c/half-month/Ei/PML-V2.2c_Ei_2011.nc [23081870] -> "/glade/derecho/scratch/bbuchovecky/pml-v2.2/V2.2c/half-month/Ei/PML-V2.2c_Ei_2011.nc" [1]
2026-10-04 18:41:24 URL: ftp://ftp3.tpdc.ac.cn:6201/PML/V2.2c/half-month/Ei/PML-V2.2c_Ei_2012.nc [23082602] -> "/glade/derecho/scratch/bbuchovecky/pml-v2.2/V2.2c/half-month/Ei/PML-V2.2c_Ei_2012.nc" [1]
2026-10-04 18:41:27 URL: ftp://ftp2.tpdc.ac.cn:6201/PML/V2.2c/half-month/Ei/PML-V2.2c_Ei_2013.nc [23221172] -> "/glade/derecho/scratch/bbuchovecky/pml-v2.2/V2.2c/half-month/Ei/PML-V2.2c_Ei_2013.nc" [1]
2026-10-04 18:42:52 URL: ftp://ftp3.tpdc.ac.cn:6201/PML/V2.2c/half-month/Ei/PML-V2.2c_Ei_2014.nc [23313145] -> "/glade/derecho/scratch/bbuchovecky/pml-v2.2/V2.2c/half-month/Ei/PML-V2.2c_Ei_2014.nc" [1]
2026-10-04 18:45:49 URL: ftp://ftp2.tpdc.ac.cn:6201/PML/V2.2c/half-month/Ei/PML-V2.2c_Ei_2015.nc [23496740] -> "/glade/derecho/scratch/bbuchovecky/pml-v2.2/V2.2c/half-month/Ei/PML-V2.2c_Ei_2015.nc" [1]
2026-10-04 18:45:59 URL: ftp://ftp3.tpdc.ac.cn:6201/PML/V2.2c/half-month/Ei/PML-V2.2c_Ei_2016.nc [23592290] -> "/glade/derecho/scratch/bbuchovecky/pml-v2.2/V2.2c/half-month/Ei/PML-V2.2c_Ei_2016.nc" [1]
2026-10-04 18:48:34 URL: ftp://ftp2.tpdc.ac.cn:6201/PML/V2.2c/half-month/Ei/PML-V2.2c_Ei_2017.nc [23329661] -> "/glade/derecho/scratch/bbuchovecky/pml-v2.2/V2.2c/half-month/Ei/PML-V2.2c_Ei_2017.nc" [1]
2026-10-04 18:49:42 URL: ftp://ftp3.tpdc.ac.cn:6201/PML/V2.2c/half-month/Ei/PML-V2.2c_Ei_2018.nc [23266746] -> "/glade/derecho/scratch/bbuchovecky/pml-v2.2/V2.2c/half-month/Ei/PML-V2.2c_Ei_2018.nc" [1]
2026-10-04 18:52:14 URL: ftp://ftp3.tpdc.ac.cn:6201/PML/V2.2c/half-month/Ei/PML-V2.2c_Ei_2020.nc [23237267] -> "/glade/derecho/scratch/bbuchovecky/pml-v2.2/V2.2c/half-month/Ei/PML-V2.2c_Ei_2020.nc" [1]
2026-10-04 18:52:25 URL: ftp://ftp2.tpdc.ac.cn:6201/PML/V2.2c/half-month/Ei/PML-V2.2c_Ei_2019.nc [23168698] -> "/glade/derecho/scratch/bbuchovecky/pml-v2.2/V2.2c/half-month/Ei/PML-V2.2c_Ei_2019.nc" [1]
2026-10-04 18:53:12 URL: ftp://ftp3.tpdc.ac.cn:6201/PML/V2.2c/half-month/Ei/PML-V2.2c_Ei_2022.nc [23359691] -> "/glade/derecho/scratch/bbuchovecky/pml-v2.2/V2.2c/half-month/Ei/PML-V2.2c_Ei_2022.nc" [1]
2026-10-04 18:53:57 URL: ftp://ftp2.tpdc.ac.cn:6201/PML/V2.2c/half-month/Ei/PML-V2.2c_Ei_2021.nc [23551807] -> "/glade/derecho/scratch/bbuchovecky/pml-v2.2/V2.2c/half-month/Ei/PML-V2.2c_Ei_2021.nc" [1]
2026-10-04 18:57:22 URL: ftp://ftp3.tpdc.ac.cn:6201/PML/V2.2c/half-month/Ei/PML-V2.2c_Ei_2024.nc [23413450] -> "/glade/derecho/scratch/bbuchovecky/pml-v2.2/V2.2c/half-month/Ei/PML-V2.2c_Ei_2024.nc" [1]
2026-10-04 18:57:57 URL: ftp://ftp2.tpdc.ac.cn:6201/PML/V2.2c/half-month/Ei/PML-V2.2c_Ei_2023.nc [23448767] -> "/glade/derecho/scratch/bbuchovecky/pml-v2.2/V2.2c/half-month/Ei/PML-V2.2c_Ei_2023.nc" [1]
2026-10-04 19:01:30 URL: ftp://ftp2.tpdc.ac.cn:6201/PML/V2.2c/half-month/Ei/PML-V2.2c_Ei_2025.nc [23779434] -> "/glade/derecho/scratch/bbuchovecky/pml-v2.2/V2.2c/half-month/Ei/PML-V2.2c_Ei_2025.nc" [1]
2026-10-04 19:14:30 URL: ftp://ftp3.tpdc.ac.cn:6201/PML/V2.2c/half-month/E/PML-V2.2c_E_1982.nc [49857008] -> "/glade/derecho/scratch/bbuchovecky/pml-v2.2/V2.2c/half-month/E/PML-V2.2c_E_1982.nc" [1]
2026-10-04 19:15:35 URL: ftp://ftp3.tpdc.ac.cn:6201/PML/V2.2c/half-month/E/PML-V2.2c_E_1984.nc [46906132] -> "/glade/derecho/scratch/bbuchovecky/pml-v2.2/V2.2c/half-month/E/PML-V2.2c_E_1984.nc" [1]
2026-10-04 19:17:02 URL: ftp://ftp2.tpdc.ac.cn:6201/PML/V2.2c/half-month/E/PML-V2.2c_E_1983.nc [47387522] -> "/glade/derecho/scratch/bbuchovecky/pml-v2.2/V2.2c/half-month/E/PML-V2.2c_E_1983.nc" [1]
2026-10-04 19:17:12 URL: ftp://ftp2.tpdc.ac.cn:6201/PML/V2.2c/half-month/E/PML-V2.2c_E_1985.nc [47288392] -> "/glade/derecho/scratch/bbuchovecky/pml-v2.2/V2.2c/half-month/E/PML-V2.2c_E_1985.nc" [1]
2026-10-04 19:17:23 URL: ftp://ftp3.tpdc.ac.cn:6201/PML/V2.2c/half-month/E/PML-V2.2c_E_1986.nc [47291511] -> "/glade/derecho/scratch/bbuchovecky/pml-v2.2/V2.2c/half-month/E/PML-V2.2c_E_1986.nc" [1]
2026-10-04 19:21:28 URL: ftp://ftp2.tpdc.ac.cn:6201/PML/V2.2c/half-month/E/PML-V2.2c_E_1987.nc [47343127] -> "/glade/derecho/scratch/bbuchovecky/pml-v2.2/V2.2c/half-month/E/PML-V2.2c_E_1987.nc" [1]
2026-10-04 19:21:44 URL: ftp://ftp3.tpdc.ac.cn:6201/PML/V2.2c/half-month/E/PML-V2.2c_E_1988.nc [47573609] -> "/glade/derecho/scratch/bbuchovecky/pml-v2.2/V2.2c/half-month/E/PML-V2.2c_E_1988.nc" [1]
2026-10-04 19:25:27 URL: ftp://ftp2.tpdc.ac.cn:6201/PML/V2.2c/half-month/E/PML-V2.2c_E_1989.nc [47549967] -> "/glade/derecho/scratch/bbuchovecky/pml-v2.2/V2.2c/half-month/E/PML-V2.2c_E_1989.nc" [1]
2026-10-04 19:37:53 URL: ftp://ftp3.tpdc.ac.cn:6201/PML/V2.2c/half-month/E/PML-V2.2c_E_1990.nc [47382945] -> "/glade/derecho/scratch/bbuchovecky/pml-v2.2/V2.2c/half-month/E/PML-V2.2c_E_1990.nc" [1]
2026-10-04 19:41:39 URL: ftp://ftp2.tpdc.ac.cn:6201/PML/V2.2c/half-month/E/PML-V2.2c_E_1991.nc [47583456] -> "/glade/derecho/scratch/bbuchovecky/pml-v2.2/V2.2c/half-month/E/PML-V2.2c_E_1991.nc" [1]
2026-10-04 19:42:01 URL: ftp://ftp3.tpdc.ac.cn:6201/PML/V2.2c/half-month/E/PML-V2.2c_E_1992.nc [47487168] -> "/glade/derecho/scratch/bbuchovecky/pml-v2.2/V2.2c/half-month/E/PML-V2.2c_E_1992.nc" [1]
2026-10-04 19:42:09 URL: ftp://ftp2.tpdc.ac.cn:6201/PML/V2.2c/half-month/E/PML-V2.2c_E_1993.nc [47504697] -> "/glade/derecho/scratch/bbuchovecky/pml-v2.2/V2.2c/half-month/E/PML-V2.2c_E_1993.nc" [1]
2026-10-04 19:42:22 URL: ftp://ftp3.tpdc.ac.cn:6201/PML/V2.2c/half-month/E/PML-V2.2c_E_1994.nc [47667096] -> "/glade/derecho/scratch/bbuchovecky/pml-v2.2/V2.2c/half-month/E/PML-V2.2c_E_1994.nc" [1]
2026-10-04 19:45:35 URL: ftp://ftp3.tpdc.ac.cn:6201/PML/V2.2c/half-month/E/PML-V2.2c_E_1996.nc [47216449] -> "/glade/derecho/scratch/bbuchovecky/pml-v2.2/V2.2c/half-month/E/PML-V2.2c_E_1996.nc" [1]
2026-10-04 19:47:54 URL: ftp://ftp2.tpdc.ac.cn:6201/PML/V2.2c/half-month/E/PML-V2.2c_E_1995.nc [47704057] -> "/glade/derecho/scratch/bbuchovecky/pml-v2.2/V2.2c/half-month/E/PML-V2.2c_E_1995.nc" [1]
2026-10-04 19:50:22 URL: ftp://ftp2.tpdc.ac.cn:6201/PML/V2.2c/half-month/E/PML-V2.2c_E_1997.nc [47693536] -> "/glade/derecho/scratch/bbuchovecky/pml-v2.2/V2.2c/half-month/E/PML-V2.2c_E_1997.nc" [1]
2026-10-04 20:03:32 URL: ftp://ftp3.tpdc.ac.cn:6201/PML/V2.2c/half-month/E/PML-V2.2c_E_1998.nc [47618188] -> "/glade/derecho/scratch/bbuchovecky/pml-v2.2/V2.2c/half-month/E/PML-V2.2c_E_1998.nc" [1]
2026-10-04 20:06:12 URL: ftp://ftp2.tpdc.ac.cn:6201/PML/V2.2c/half-month/E/PML-V2.2c_E_2001.nc [45716511] -> "/glade/derecho/scratch/bbuchovecky/pml-v2.2/V2.2c/half-month/E/PML-V2.2c_E_2001.nc" [1]
2026-10-04 20:06:36 URL: ftp://ftp3.tpdc.ac.cn:6201/PML/V2.2c/half-month/E/PML-V2.2c_E_2002.nc [46000960] -> "/glade/derecho/scratch/bbuchovecky/pml-v2.2/V2.2c/half-month/E/PML-V2.2c_E_2002.nc" [1]
2026-10-04 20:06:45 URL: ftp://ftp3.tpdc.ac.cn:6201/PML/V2.2c/half-month/E/PML-V2.2c_E_2000.nc [45831516] -> "/glade/derecho/scratch/bbuchovecky/pml-v2.2/V2.2c/half-month/E/PML-V2.2c_E_2000.nc" [1]
2026-10-04 20:07:10 URL: ftp://ftp2.tpdc.ac.cn:6201/PML/V2.2c/half-month/E/PML-V2.2c_E_1999.nc [47181038] -> "/glade/derecho/scratch/bbuchovecky/pml-v2.2/V2.2c/half-month/E/PML-V2.2c_E_1999.nc" [1]
2026-10-04 20:10:26 URL: ftp://ftp2.tpdc.ac.cn:6201/PML/V2.2c/half-month/E/PML-V2.2c_E_2003.nc [46034968] -> "/glade/derecho/scratch/bbuchovecky/pml-v2.2/V2.2c/half-month/E/PML-V2.2c_E_2003.nc" [1]
2026-10-04 20:11:10 URL: ftp://ftp3.tpdc.ac.cn:6201/PML/V2.2c/half-month/E/PML-V2.2c_E_2004.nc [45722997] -> "/glade/derecho/scratch/bbuchovecky/pml-v2.2/V2.2c/half-month/E/PML-V2.2c_E_2004.nc" [1]
2026-10-04 20:15:11 URL: ftp://ftp2.tpdc.ac.cn:6201/PML/V2.2c/half-month/E/PML-V2.2c_E_2005.nc [46161347] -> "/glade/derecho/scratch/bbuchovecky/pml-v2.2/V2.2c/half-month/E/PML-V2.2c_E_2005.nc" [1]
2026-10-04 20:28:03 URL: ftp://ftp3.tpdc.ac.cn:6201/PML/V2.2c/half-month/E/PML-V2.2c_E_2006.nc [46167224] -> "/glade/derecho/scratch/bbuchovecky/pml-v2.2/V2.2c/half-month/E/PML-V2.2c_E_2006.nc" [1]
2026-10-04 20:29:31 URL: ftp://ftp3.tpdc.ac.cn:6201/PML/V2.2c/half-month/E/PML-V2.2c_E_2008.nc [45642224] -> "/glade/derecho/scratch/bbuchovecky/pml-v2.2/V2.2c/half-month/E/PML-V2.2c_E_2008.nc" [1]
2026-10-04 20:30:29 URL: ftp://ftp2.tpdc.ac.cn:6201/PML/V2.2c/half-month/E/PML-V2.2c_E_2007.nc [45877231] -> "/glade/derecho/scratch/bbuchovecky/pml-v2.2/V2.2c/half-month/E/PML-V2.2c_E_2007.nc" [1]
2026-10-04 20:31:00 URL: ftp://ftp2.tpdc.ac.cn:6201/PML/V2.2c/half-month/E/PML-V2.2c_E_2009.nc [46054485] -> "/glade/derecho/scratch/bbuchovecky/pml-v2.2/V2.2c/half-month/E/PML-V2.2c_E_2009.nc" [1]
2026-10-04 20:31:06 URL: ftp://ftp3.tpdc.ac.cn:6201/PML/V2.2c/half-month/E/PML-V2.2c_E_2010.nc [45966518] -> "/glade/derecho/scratch/bbuchovecky/pml-v2.2/V2.2c/half-month/E/PML-V2.2c_E_2010.nc" [1]
2026-10-04 20:34:36 URL: ftp://ftp2.tpdc.ac.cn:6201/PML/V2.2c/half-month/E/PML-V2.2c_E_2011.nc [45973668] -> "/glade/derecho/scratch/bbuchovecky/pml-v2.2/V2.2c/half-month/E/PML-V2.2c_E_2011.nc" [1]
2026-10-04 20:34:47 URL: ftp://ftp3.tpdc.ac.cn:6201/PML/V2.2c/half-month/E/PML-V2.2c_E_2012.nc [46003433] -> "/glade/derecho/scratch/bbuchovecky/pml-v2.2/V2.2c/half-month/E/PML-V2.2c_E_2012.nc" [1]
2026-10-04 20:41:36 URL: ftp://ftp2.tpdc.ac.cn:6201/PML/V2.2c/half-month/E/PML-V2.2c_E_2013.nc [45834646] -> "/glade/derecho/scratch/bbuchovecky/pml-v2.2/V2.2c/half-month/E/PML-V2.2c_E_2013.nc" [1]
2026-10-04 20:53:05 URL: ftp://ftp3.tpdc.ac.cn:6201/PML/V2.2c/half-month/E/PML-V2.2c_E_2014.nc [45985990] -> "/glade/derecho/scratch/bbuchovecky/pml-v2.2/V2.2c/half-month/E/PML-V2.2c_E_2014.nc" [1]
2026-10-04 20:54:19 URL: ftp://ftp2.tpdc.ac.cn:6201/PML/V2.2c/half-month/E/PML-V2.2c_E_2015.nc [46265297] -> "/glade/derecho/scratch/bbuchovecky/pml-v2.2/V2.2c/half-month/E/PML-V2.2c_E_2015.nc" [1]
2026-10-04 20:55:20 URL: ftp://ftp3.tpdc.ac.cn:6201/PML/V2.2c/half-month/E/PML-V2.2c_E_2016.nc [46289772] -> "/glade/derecho/scratch/bbuchovecky/pml-v2.2/V2.2c/half-month/E/PML-V2.2c_E_2016.nc" [1]
2026-10-04 20:55:23 URL: ftp://ftp3.tpdc.ac.cn:6201/PML/V2.2c/half-month/E/PML-V2.2c_E_2018.nc [46258196] -> "/glade/derecho/scratch/bbuchovecky/pml-v2.2/V2.2c/half-month/E/PML-V2.2c_E_2018.nc" [1]
2026-10-04 20:56:24 URL: ftp://ftp2.tpdc.ac.cn:6201/PML/V2.2c/half-month/E/PML-V2.2c_E_2017.nc [46086847] -> "/glade/derecho/scratch/bbuchovecky/pml-v2.2/V2.2c/half-month/E/PML-V2.2c_E_2017.nc" [1]
2026-10-04 20:59:42 URL: ftp://ftp3.tpdc.ac.cn:6201/PML/V2.2c/half-month/E/PML-V2.2c_E_2020.nc [46253449] -> "/glade/derecho/scratch/bbuchovecky/pml-v2.2/V2.2c/half-month/E/PML-V2.2c_E_2020.nc" [1]
2026-10-04 21:00:20 URL: ftp://ftp2.tpdc.ac.cn:6201/PML/V2.2c/half-month/E/PML-V2.2c_E_2019.nc [46261397] -> "/glade/derecho/scratch/bbuchovecky/pml-v2.2/V2.2c/half-month/E/PML-V2.2c_E_2019.nc" [1]
2026-10-04 21:02:12 URL: ftp://ftp3.tpdc.ac.cn:6201/PML/V2.2c/half-month/Ew/PML-V2.2c_Ew_1982.nc [11902234] -> "/glade/derecho/scratch/bbuchovecky/pml-v2.2/V2.2c/half-month/Ew/PML-V2.2c_Ew_1982.nc" [1]
2026-10-04 21:05:53 URL: ftp://ftp2.tpdc.ac.cn:6201/PML/V2.2c/half-month/Ew/PML-V2.2c_Ew_1983.nc [11898952] -> "/glade/derecho/scratch/bbuchovecky/pml-v2.2/V2.2c/half-month/Ew/PML-V2.2c_Ew_1983.nc" [1]
2026-10-04 21:06:25 URL: ftp://ftp2.tpdc.ac.cn:6201/PML/V2.2c/half-month/E/PML-V2.2c_E_2021.nc [46215562] -> "/glade/derecho/scratch/bbuchovecky/pml-v2.2/V2.2c/half-month/E/PML-V2.2c_E_2021.nc" [1]
2026-10-04 21:06:53 URL: ftp://ftp3.tpdc.ac.cn:6201/PML/V2.2c/half-month/Ew/PML-V2.2c_Ew_1984.nc [11914305] -> "/glade/derecho/scratch/bbuchovecky/pml-v2.2/V2.2c/half-month/Ew/PML-V2.2c_Ew_1984.nc" [1]
2026-10-04 21:08:55 URL: ftp://ftp2.tpdc.ac.cn:6201/PML/V2.2c/half-month/Ew/PML-V2.2c_Ew_1985.nc [12010086] -> "/glade/derecho/scratch/bbuchovecky/pml-v2.2/V2.2c/half-month/Ew/PML-V2.2c_Ew_1985.nc" [1]
2026-10-04 21:12:33 URL: ftp://ftp3.tpdc.ac.cn:6201/PML/V2.2c/half-month/Ew/PML-V2.2c_Ew_1986.nc [11922261] -> "/glade/derecho/scratch/bbuchovecky/pml-v2.2/V2.2c/half-month/Ew/PML-V2.2c_Ew_1986.nc" [1]
2026-10-04 21:12:35 URL: ftp://ftp2.tpdc.ac.cn:6201/PML/V2.2c/half-month/Ew/PML-V2.2c_Ew_1987.nc [11928923] -> "/glade/derecho/scratch/bbuchovecky/pml-v2.2/V2.2c/half-month/Ew/PML-V2.2c_Ew_1987.nc" [1]
2026-10-04 21:13:19 URL: ftp://ftp3.tpdc.ac.cn:6201/PML/V2.2c/half-month/Ew/PML-V2.2c_Ew_1988.nc [12003425] -> "/glade/derecho/scratch/bbuchovecky/pml-v2.2/V2.2c/half-month/Ew/PML-V2.2c_Ew_1988.nc" [1]
2026-10-04 21:15:41 URL: ftp://ftp2.tpdc.ac.cn:6201/PML/V2.2c/half-month/Ew/PML-V2.2c_Ew_1989.nc [11970742] -> "/glade/derecho/scratch/bbuchovecky/pml-v2.2/V2.2c/half-month/Ew/PML-V2.2c_Ew_1989.nc" [1]
2026-10-04 21:17:49 URL: ftp://ftp3.tpdc.ac.cn:6201/PML/V2.2c/half-month/E/PML-V2.2c_E_2022.nc [46261151] -> "/glade/derecho/scratch/bbuchovecky/pml-v2.2/V2.2c/half-month/E/PML-V2.2c_E_2022.nc" [1]
2026-10-04 21:18:46 URL: ftp://ftp2.tpdc.ac.cn:6201/PML/V2.2c/half-month/Ew/PML-V2.2c_Ew_1991.nc [11989730] -> "/glade/derecho/scratch/bbuchovecky/pml-v2.2/V2.2c/half-month/Ew/PML-V2.2c_Ew_1991.nc" [1]
2026-10-04 21:19:05 URL: ftp://ftp3.tpdc.ac.cn:6201/PML/V2.2c/half-month/Ew/PML-V2.2c_Ew_1990.nc [12019478] -> "/glade/derecho/scratch/bbuchovecky/pml-v2.2/V2.2c/half-month/Ew/PML-V2.2c_Ew_1990.nc" [1]
2026-10-04 21:19:29 URL: ftp://ftp2.tpdc.ac.cn:6201/PML/V2.2c/half-month/E/PML-V2.2c_E_2023.nc [46587842] -> "/glade/derecho/scratch/bbuchovecky/pml-v2.2/V2.2c/half-month/E/PML-V2.2c_E_2023.nc" [1]
2026-10-04 21:19:32 URL: ftp://ftp3.tpdc.ac.cn:6201/PML/V2.2c/half-month/E/PML-V2.2c_E_2024.nc [46624380] -> "/glade/derecho/scratch/bbuchovecky/pml-v2.2/V2.2c/half-month/E/PML-V2.2c_E_2024.nc" [1]
2026-10-04 21:19:40 URL: ftp://ftp2.tpdc.ac.cn:6201/PML/V2.2c/half-month/E/PML-V2.2c_E_2025.nc [46657337] -> "/glade/derecho/scratch/bbuchovecky/pml-v2.2/V2.2c/half-month/E/PML-V2.2c_E_2025.nc" [1]
2026-10-04 21:19:46 URL: ftp://ftp3.tpdc.ac.cn:6201/PML/V2.2c/half-month/Ew/PML-V2.2c_Ew_1992.nc [11880085] -> "/glade/derecho/scratch/bbuchovecky/pml-v2.2/V2.2c/half-month/Ew/PML-V2.2c_Ew_1992.nc" [1]
2026-10-04 21:21:50 URL: ftp://ftp2.tpdc.ac.cn:6201/PML/V2.2c/half-month/Ew/PML-V2.2c_Ew_1993.nc [11939076] -> "/glade/derecho/scratch/bbuchovecky/pml-v2.2/V2.2c/half-month/Ew/PML-V2.2c_Ew_1993.nc" [1]
2026-10-04 21:24:16 URL: ftp://ftp3.tpdc.ac.cn:6201/PML/V2.2c/half-month/Ew/PML-V2.2c_Ew_1994.nc [12010566] -> "/glade/derecho/scratch/bbuchovecky/pml-v2.2/V2.2c/half-month/Ew/PML-V2.2c_Ew_1994.nc" [1]
2026-10-04 21:25:38 URL: ftp://ftp2.tpdc.ac.cn:6201/PML/V2.2c/half-month/Ew/PML-V2.2c_Ew_1995.nc [12115606] -> "/glade/derecho/scratch/bbuchovecky/pml-v2.2/V2.2c/half-month/Ew/PML-V2.2c_Ew_1995.nc" [1]
2026-10-04 21:25:55 URL: ftp://ftp3.tpdc.ac.cn:6201/PML/V2.2c/half-month/Ew/PML-V2.2c_Ew_1998.nc [12087400] -> "/glade/derecho/scratch/bbuchovecky/pml-v2.2/V2.2c/half-month/Ew/PML-V2.2c_Ew_1998.nc" [1]
2026-10-04 21:26:05 URL: ftp://ftp3.tpdc.ac.cn:6201/PML/V2.2c/half-month/Ew/PML-V2.2c_Ew_1996.nc [12080397] -> "/glade/derecho/scratch/bbuchovecky/pml-v2.2/V2.2c/half-month/Ew/PML-V2.2c_Ew_1996.nc" [1]
2026-10-04 21:26:08 URL: ftp://ftp3.tpdc.ac.cn:6201/PML/V2.2c/half-month/Ew/PML-V2.2c_Ew_2000.nc [12015071] -> "/glade/derecho/scratch/bbuchovecky/pml-v2.2/V2.2c/half-month/Ew/PML-V2.2c_Ew_2000.nc" [1]
2026-10-04 21:26:41 URL: ftp://ftp2.tpdc.ac.cn:6201/PML/V2.2c/half-month/Ew/PML-V2.2c_Ew_1997.nc [12044286] -> "/glade/derecho/scratch/bbuchovecky/pml-v2.2/V2.2c/half-month/Ew/PML-V2.2c_Ew_1997.nc" [1]
2026-10-04 21:26:44 URL: ftp://ftp2.tpdc.ac.cn:6201/PML/V2.2c/half-month/Ew/PML-V2.2c_Ew_1999.nc [11988290] -> "/glade/derecho/scratch/bbuchovecky/pml-v2.2/V2.2c/half-month/Ew/PML-V2.2c_Ew_1999.nc" [1]
2026-10-04 21:28:17 URL: ftp://ftp2.tpdc.ac.cn:6201/PML/V2.2c/half-month/Ew/PML-V2.2c_Ew_2001.nc [12038373] -> "/glade/derecho/scratch/bbuchovecky/pml-v2.2/V2.2c/half-month/Ew/PML-V2.2c_Ew_2001.nc" [1]
2026-10-04 21:31:11 URL: ftp://ftp3.tpdc.ac.cn:6201/PML/V2.2c/half-month/Ew/PML-V2.2c_Ew_2002.nc [12010196] -> "/glade/derecho/scratch/bbuchovecky/pml-v2.2/V2.2c/half-month/Ew/PML-V2.2c_Ew_2002.nc" [1]
2026-10-04 21:32:05 URL: ftp://ftp3.tpdc.ac.cn:6201/PML/V2.2c/half-month/Ew/PML-V2.2c_Ew_2004.nc [11970275] -> "/glade/derecho/scratch/bbuchovecky/pml-v2.2/V2.2c/half-month/Ew/PML-V2.2c_Ew_2004.nc" [1]
2026-10-04 21:32:25 URL: ftp://ftp2.tpdc.ac.cn:6201/PML/V2.2c/half-month/Ew/PML-V2.2c_Ew_2003.nc [12063186] -> "/glade/derecho/scratch/bbuchovecky/pml-v2.2/V2.2c/half-month/Ew/PML-V2.2c_Ew_2003.nc" [1]
2026-10-04 21:32:47 URL: ftp://ftp2.tpdc.ac.cn:6201/PML/V2.2c/half-month/Ew/PML-V2.2c_Ew_2005.nc [12132581] -> "/glade/derecho/scratch/bbuchovecky/pml-v2.2/V2.2c/half-month/Ew/PML-V2.2c_Ew_2005.nc" [1]
2026-10-04 21:32:55 URL: ftp://ftp3.tpdc.ac.cn:6201/PML/V2.2c/half-month/Ew/PML-V2.2c_Ew_2006.nc [12093705] -> "/glade/derecho/scratch/bbuchovecky/pml-v2.2/V2.2c/half-month/Ew/PML-V2.2c_Ew_2006.nc" [1]
2026-10-04 21:33:22 URL: ftp://ftp3.tpdc.ac.cn:6201/PML/V2.2c/half-month/Ew/PML-V2.2c_Ew_2008.nc [12029119] -> "/glade/derecho/scratch/bbuchovecky/pml-v2.2/V2.2c/half-month/Ew/PML-V2.2c_Ew_2008.nc" [1]
2026-10-04 21:33:27 URL: ftp://ftp2.tpdc.ac.cn:6201/PML/V2.2c/half-month/Ew/PML-V2.2c_Ew_2007.nc [12077652] -> "/glade/derecho/scratch/bbuchovecky/pml-v2.2/V2.2c/half-month/Ew/PML-V2.2c_Ew_2007.nc" [1]
2026-10-04 21:34:51 URL: ftp://ftp2.tpdc.ac.cn:6201/PML/V2.2c/half-month/Ew/PML-V2.2c_Ew_2009.nc [12002588] -> "/glade/derecho/scratch/bbuchovecky/pml-v2.2/V2.2c/half-month/Ew/PML-V2.2c_Ew_2009.nc" [1]
2026-10-04 21:37:21 URL: ftp://ftp3.tpdc.ac.cn:6201/PML/V2.2c/half-month/Ew/PML-V2.2c_Ew_2010.nc [12151591] -> "/glade/derecho/scratch/bbuchovecky/pml-v2.2/V2.2c/half-month/Ew/PML-V2.2c_Ew_2010.nc" [1]
2026-10-04 21:38:25 URL: ftp://ftp2.tpdc.ac.cn:6201/PML/V2.2c/half-month/Ew/PML-V2.2c_Ew_2011.nc [12076292] -> "/glade/derecho/scratch/bbuchovecky/pml-v2.2/V2.2c/half-month/Ew/PML-V2.2c_Ew_2011.nc" [1]
2026-10-04 21:38:57 URL: ftp://ftp3.tpdc.ac.cn:6201/PML/V2.2c/half-month/Ew/PML-V2.2c_Ew_2016.nc [12139874] -> "/glade/derecho/scratch/bbuchovecky/pml-v2.2/V2.2c/half-month/Ew/PML-V2.2c_Ew_2016.nc" [1]
2026-10-04 21:38:59 URL: ftp://ftp3.tpdc.ac.cn:6201/PML/V2.2c/half-month/Ew/PML-V2.2c_Ew_2012.nc [12093856] -> "/glade/derecho/scratch/bbuchovecky/pml-v2.2/V2.2c/half-month/Ew/PML-V2.2c_Ew_2012.nc" [1]
2026-10-04 21:39:24 URL: ftp://ftp2.tpdc.ac.cn:6201/PML/V2.2c/half-month/Ew/PML-V2.2c_Ew_2013.nc [11971234] -> "/glade/derecho/scratch/bbuchovecky/pml-v2.2/V2.2c/half-month/Ew/PML-V2.2c_Ew_2013.nc" [1]
2026-10-04 21:39:50 URL: ftp://ftp3.tpdc.ac.cn:6201/PML/V2.2c/half-month/Ew/PML-V2.2c_Ew_2014.nc [12030842] -> "/glade/derecho/scratch/bbuchovecky/pml-v2.2/V2.2c/half-month/Ew/PML-V2.2c_Ew_2014.nc" [1]
2026-10-04 21:40:10 URL: ftp://ftp2.tpdc.ac.cn:6201/PML/V2.2c/half-month/Ew/PML-V2.2c_Ew_2015.nc [12018234] -> "/glade/derecho/scratch/bbuchovecky/pml-v2.2/V2.2c/half-month/Ew/PML-V2.2c_Ew_2015.nc" [1]
2026-10-04 21:41:16 URL: ftp://ftp2.tpdc.ac.cn:6201/PML/V2.2c/half-month/Ew/PML-V2.2c_Ew_2017.nc [12067491] -> "/glade/derecho/scratch/bbuchovecky/pml-v2.2/V2.2c/half-month/Ew/PML-V2.2c_Ew_2017.nc" [1]
2026-10-04 21:43:08 URL: ftp://ftp3.tpdc.ac.cn:6201/PML/V2.2c/half-month/Ew/PML-V2.2c_Ew_2018.nc [12033380] -> "/glade/derecho/scratch/bbuchovecky/pml-v2.2/V2.2c/half-month/Ew/PML-V2.2c_Ew_2018.nc" [1]
2026-10-04 21:45:00 URL: ftp://ftp3.tpdc.ac.cn:6201/PML/V2.2c/half-month/Ew/PML-V2.2c_Ew_2020.nc [12171341] -> "/glade/derecho/scratch/bbuchovecky/pml-v2.2/V2.2c/half-month/Ew/PML-V2.2c_Ew_2020.nc" [1]
2026-10-04 21:45:24 URL: ftp://ftp3.tpdc.ac.cn:6201/PML/V2.2c/half-month/Ew/PML-V2.2c_Ew_2022.nc [12108469] -> "/glade/derecho/scratch/bbuchovecky/pml-v2.2/V2.2c/half-month/Ew/PML-V2.2c_Ew_2022.nc" [1]
2026-10-04 21:45:28 URL: ftp://ftp2.tpdc.ac.cn:6201/PML/V2.2c/half-month/Ew/PML-V2.2c_Ew_2019.nc [12159789] -> "/glade/derecho/scratch/bbuchovecky/pml-v2.2/V2.2c/half-month/Ew/PML-V2.2c_Ew_2019.nc" [1]
2026-10-04 21:45:31 URL: ftp://ftp2.tpdc.ac.cn:6201/PML/V2.2c/half-month/Ew/PML-V2.2c_Ew_2021.nc [12144830] -> "/glade/derecho/scratch/bbuchovecky/pml-v2.2/V2.2c/half-month/Ew/PML-V2.2c_Ew_2021.nc" [1]
2026-10-04 21:46:08 URL: ftp://ftp2.tpdc.ac.cn:6201/PML/V2.2c/half-month/Ew/PML-V2.2c_Ew_2023.nc [12071562] -> "/glade/derecho/scratch/bbuchovecky/pml-v2.2/V2.2c/half-month/Ew/PML-V2.2c_Ew_2023.nc" [1]
2026-10-04 21:46:09 URL: ftp://ftp3.tpdc.ac.cn:6201/PML/V2.2c/half-month/Ew/PML-V2.2c_Ew_2024.nc [12060291] -> "/glade/derecho/scratch/bbuchovecky/pml-v2.2/V2.2c/half-month/Ew/PML-V2.2c_Ew_2024.nc" [1]
2026-10-04 21:48:10 URL: ftp://ftp2.tpdc.ac.cn:6201/PML/V2.2c/half-month/Ew/PML-V2.2c_Ew_2025.nc [12086440] -> "/glade/derecho/scratch/bbuchovecky/pml-v2.2/V2.2c/half-month/Ew/PML-V2.2c_Ew_2025.nc" [1]
2026-10-04 22:12:31 URL: ftp://ftp3.tpdc.ac.cn:6201/PML/V2.2c/half-month/PET/PML-V2.2c_PET_1982.nc [54347807] -> "/glade/derecho/scratch/bbuchovecky/pml-v2.2/V2.2c/half-month/PET/PML-V2.2c_PET_1982.nc" [1]
2026-10-04 22:13:36 URL: ftp://ftp3.tpdc.ac.cn:6201/PML/V2.2c/half-month/PET/PML-V2.2c_PET_1984.nc [54629021] -> "/glade/derecho/scratch/bbuchovecky/pml-v2.2/V2.2c/half-month/PET/PML-V2.2c_PET_1984.nc" [1]
2026-10-04 22:13:44 URL: ftp://ftp3.tpdc.ac.cn:6201/PML/V2.2c/half-month/PET/PML-V2.2c_PET_1986.nc [54477707] -> "/glade/derecho/scratch/bbuchovecky/pml-v2.2/V2.2c/half-month/PET/PML-V2.2c_PET_1986.nc" [1]
2026-10-04 22:13:46 URL: ftp://ftp2.tpdc.ac.cn:6201/PML/V2.2c/half-month/PET/PML-V2.2c_PET_1985.nc [54333288] -> "/glade/derecho/scratch/bbuchovecky/pml-v2.2/V2.2c/half-month/PET/PML-V2.2c_PET_1985.nc" [1]
2026-10-04 22:15:03 URL: ftp://ftp2.tpdc.ac.cn:6201/PML/V2.2c/half-month/PET/PML-V2.2c_PET_1983.nc [54795190] -> "/glade/derecho/scratch/bbuchovecky/pml-v2.2/V2.2c/half-month/PET/PML-V2.2c_PET_1983.nc" [1]
2026-10-04 22:15:09 URL: ftp://ftp3.tpdc.ac.cn:6201/PML/V2.2c/half-month/PET/PML-V2.2c_PET_1988.nc [55157026] -> "/glade/derecho/scratch/bbuchovecky/pml-v2.2/V2.2c/half-month/PET/PML-V2.2c_PET_1988.nc" [1]
2026-10-04 22:15:11 URL: ftp://ftp2.tpdc.ac.cn:6201/PML/V2.2c/half-month/PET/PML-V2.2c_PET_1987.nc [54688373] -> "/glade/derecho/scratch/bbuchovecky/pml-v2.2/V2.2c/half-month/PET/PML-V2.2c_PET_1987.nc" [1]
2026-10-04 22:16:42 URL: ftp://ftp2.tpdc.ac.cn:6201/PML/V2.2c/half-month/PET/PML-V2.2c_PET_1989.nc [54644763] -> "/glade/derecho/scratch/bbuchovecky/pml-v2.2/V2.2c/half-month/PET/PML-V2.2c_PET_1989.nc" [1]
2026-10-04 22:41:37 URL: ftp://ftp3.tpdc.ac.cn:6201/PML/V2.2c/half-month/PET/PML-V2.2c_PET_1990.nc [54846012] -> "/glade/derecho/scratch/bbuchovecky/pml-v2.2/V2.2c/half-month/PET/PML-V2.2c_PET_1990.nc" [1]
2026-10-04 22:42:48 URL: ftp://ftp3.tpdc.ac.cn:6201/PML/V2.2c/half-month/PET/PML-V2.2c_PET_1992.nc [54613363] -> "/glade/derecho/scratch/bbuchovecky/pml-v2.2/V2.2c/half-month/PET/PML-V2.2c_PET_1992.nc" [1]
2026-10-04 22:42:59 URL: ftp://ftp2.tpdc.ac.cn:6201/PML/V2.2c/half-month/PET/PML-V2.2c_PET_1991.nc [54698503] -> "/glade/derecho/scratch/bbuchovecky/pml-v2.2/V2.2c/half-month/PET/PML-V2.2c_PET_1991.nc" [1]
2026-10-04 22:43:43 URL: ftp://ftp3.tpdc.ac.cn:6201/PML/V2.2c/half-month/PET/PML-V2.2c_PET_1996.nc [54706403] -> "/glade/derecho/scratch/bbuchovecky/pml-v2.2/V2.2c/half-month/PET/PML-V2.2c_PET_1996.nc" [1]
2026-10-04 22:43:50 URL: ftp://ftp2.tpdc.ac.cn:6201/PML/V2.2c/half-month/PET/PML-V2.2c_PET_1993.nc [54985895] -> "/glade/derecho/scratch/bbuchovecky/pml-v2.2/V2.2c/half-month/PET/PML-V2.2c_PET_1993.nc" [1]
2026-10-04 22:44:09 URL: ftp://ftp3.tpdc.ac.cn:6201/PML/V2.2c/half-month/PET/PML-V2.2c_PET_1994.nc [55000213] -> "/glade/derecho/scratch/bbuchovecky/pml-v2.2/V2.2c/half-month/PET/PML-V2.2c_PET_1994.nc" [1]
2026-10-04 22:44:40 URL: ftp://ftp2.tpdc.ac.cn:6201/PML/V2.2c/half-month/PET/PML-V2.2c_PET_1997.nc [54673213] -> "/glade/derecho/scratch/bbuchovecky/pml-v2.2/V2.2c/half-month/PET/PML-V2.2c_PET_1997.nc" [1]
2026-10-04 22:45:08 URL: ftp://ftp2.tpdc.ac.cn:6201/PML/V2.2c/half-month/PET/PML-V2.2c_PET_1995.nc [54941218] -> "/glade/derecho/scratch/bbuchovecky/pml-v2.2/V2.2c/half-month/PET/PML-V2.2c_PET_1995.nc" [1]
2026-10-04 23:08:40 URL: ftp://ftp3.tpdc.ac.cn:6201/PML/V2.2c/half-month/PET/PML-V2.2c_PET_2000.nc [51758632] -> "/glade/derecho/scratch/bbuchovecky/pml-v2.2/V2.2c/half-month/PET/PML-V2.2c_PET_2000.nc" [1]
2026-10-04 23:09:29 URL: ftp://ftp3.tpdc.ac.cn:6201/PML/V2.2c/half-month/PET/PML-V2.2c_PET_2002.nc [51759924] -> "/glade/derecho/scratch/bbuchovecky/pml-v2.2/V2.2c/half-month/PET/PML-V2.2c_PET_2002.nc" [1]
2026-10-04 23:09:39 URL: ftp://ftp3.tpdc.ac.cn:6201/PML/V2.2c/half-month/PET/PML-V2.2c_PET_1998.nc [54821756] -> "/glade/derecho/scratch/bbuchovecky/pml-v2.2/V2.2c/half-month/PET/PML-V2.2c_PET_1998.nc" [1]
2026-10-04 23:09:53 URL: ftp://ftp3.tpdc.ac.cn:6201/PML/V2.2c/half-month/PET/PML-V2.2c_PET_2004.nc [51647136] -> "/glade/derecho/scratch/bbuchovecky/pml-v2.2/V2.2c/half-month/PET/PML-V2.2c_PET_2004.nc" [1]
Error in server response. Closing.
Error in server response. Closing.
Error in server response. Closing.
Error in server response. Closing.
Error in server response. Closing.
WARNING: V2.2c/half-month/PET/PML-V2.2c_PET_2009.nc failed on ftp2.tpdc.ac.cn
2026-10-04 23:10:41 URL: ftp://ftp2.tpdc.ac.cn:6201/PML/V2.2c/half-month/PET/PML-V2.2c_PET_1999.nc [54728901] -> "/glade/derecho/scratch/bbuchovecky/pml-v2.2/V2.2c/half-month/PET/PML-V2.2c_PET_1999.nc" [1]
2026-10-04 23:11:07 URL: ftp://ftp2.tpdc.ac.cn:6201/PML/V2.2c/half-month/PET/PML-V2.2c_PET_2001.nc [51559396] -> "/glade/derecho/scratch/bbuchovecky/pml-v2.2/V2.2c/half-month/PET/PML-V2.2c_PET_2001.nc" [1]
2026-10-04 23:11:53 URL: ftp://ftp2.tpdc.ac.cn:6201/PML/V2.2c/half-month/PET/PML-V2.2c_PET_2005.nc [51942359] -> "/glade/derecho/scratch/bbuchovecky/pml-v2.2/V2.2c/half-month/PET/PML-V2.2c_PET_2005.nc" [1]
2026-10-04 23:12:56 URL: ftp://ftp2.tpdc.ac.cn:6201/PML/V2.2c/half-month/PET/PML-V2.2c_PET_2003.nc [51759614] -> "/glade/derecho/scratch/bbuchovecky/pml-v2.2/V2.2c/half-month/PET/PML-V2.2c_PET_2003.nc" [1]
2026-10-04 23:34:39 URL: ftp://ftp3.tpdc.ac.cn:6201/PML/V2.2c/half-month/PET/PML-V2.2c_PET_2006.nc [51815973] -> "/glade/derecho/scratch/bbuchovecky/pml-v2.2/V2.2c/half-month/PET/PML-V2.2c_PET_2006.nc" [1]
2026-10-04 23:36:37 URL: ftp://ftp3.tpdc.ac.cn:6201/PML/V2.2c/half-month/PET/PML-V2.2c_PET_2009.nc [51719712] -> "/glade/derecho/scratch/bbuchovecky/pml-v2.2/V2.2c/half-month/PET/PML-V2.2c_PET_2009.nc" [1]
2026-10-04 23:37:33 URL: ftp://ftp3.tpdc.ac.cn:6201/PML/V2.2c/half-month/PET/PML-V2.2c_PET_2008.nc [51843316] -> "/glade/derecho/scratch/bbuchovecky/pml-v2.2/V2.2c/half-month/PET/PML-V2.2c_PET_2008.nc" [1]
2026-10-04 23:37:40 URL: ftp://ftp3.tpdc.ac.cn:6201/PML/V2.2c/half-month/PET/PML-V2.2c_PET_2010.nc [51896180] -> "/glade/derecho/scratch/bbuchovecky/pml-v2.2/V2.2c/half-month/PET/PML-V2.2c_PET_2010.nc" [1]
2026-10-04 23:37:46 URL: ftp://ftp2.tpdc.ac.cn:6201/PML/V2.2c/half-month/PET/PML-V2.2c_PET_2007.nc [52032888] -> "/glade/derecho/scratch/bbuchovecky/pml-v2.2/V2.2c/half-month/PET/PML-V2.2c_PET_2007.nc" [1]
2026-10-04 23:38:30 URL: ftp://ftp3.tpdc.ac.cn:6201/PML/V2.2c/half-month/PET/PML-V2.2c_PET_2012.nc [51891095] -> "/glade/derecho/scratch/bbuchovecky/pml-v2.2/V2.2c/half-month/PET/PML-V2.2c_PET_2012.nc" [1]
2026-10-04 23:39:47 URL: ftp://ftp2.tpdc.ac.cn:6201/PML/V2.2c/half-month/PET/PML-V2.2c_PET_2013.nc [51944235] -> "/glade/derecho/scratch/bbuchovecky/pml-v2.2/V2.2c/half-month/PET/PML-V2.2c_PET_2013.nc" [1]
2026-10-04 23:40:31 URL: ftp://ftp2.tpdc.ac.cn:6201/PML/V2.2c/half-month/PET/PML-V2.2c_PET_2011.nc [51826974] -> "/glade/derecho/scratch/bbuchovecky/pml-v2.2/V2.2c/half-month/PET/PML-V2.2c_PET_2011.nc" [1]
2026-10-05 00:01:52 URL: ftp://ftp3.tpdc.ac.cn:6201/PML/V2.2c/half-month/PET/PML-V2.2c_PET_2014.nc [51939976] -> "/glade/derecho/scratch/bbuchovecky/pml-v2.2/V2.2c/half-month/PET/PML-V2.2c_PET_2014.nc" [1]
2026-10-05 00:03:58 URL: ftp://ftp2.tpdc.ac.cn:6201/PML/V2.2c/half-month/PET/PML-V2.2c_PET_2015.nc [52066639] -> "/glade/derecho/scratch/bbuchovecky/pml-v2.2/V2.2c/half-month/PET/PML-V2.2c_PET_2015.nc" [1]
2026-10-05 00:04:53 URL: ftp://ftp3.tpdc.ac.cn:6201/PML/V2.2c/half-month/PET/PML-V2.2c_PET_2018.nc [52015623] -> "/glade/derecho/scratch/bbuchovecky/pml-v2.2/V2.2c/half-month/PET/PML-V2.2c_PET_2018.nc" [1]
2026-10-05 00:05:18 URL: ftp://ftp3.tpdc.ac.cn:6201/PML/V2.2c/half-month/PET/PML-V2.2c_PET_2016.nc [52010340] -> "/glade/derecho/scratch/bbuchovecky/pml-v2.2/V2.2c/half-month/PET/PML-V2.2c_PET_2016.nc" [1]
2026-10-05 00:06:33 URL: ftp://ftp2.tpdc.ac.cn:6201/PML/V2.2c/half-month/PET/PML-V2.2c_PET_2017.nc [52161182] -> "/glade/derecho/scratch/bbuchovecky/pml-v2.2/V2.2c/half-month/PET/PML-V2.2c_PET_2017.nc" [1]
2026-10-05 00:07:08 URL: ftp://ftp2.tpdc.ac.cn:6201/PML/V2.2c/half-month/PET/PML-V2.2c_PET_2019.nc [52280493] -> "/glade/derecho/scratch/bbuchovecky/pml-v2.2/V2.2c/half-month/PET/PML-V2.2c_PET_2019.nc" [1]
2026-10-05 00:07:43 URL: ftp://ftp3.tpdc.ac.cn:6201/PML/V2.2c/half-month/PET/PML-V2.2c_PET_2020.nc [52531185] -> "/glade/derecho/scratch/bbuchovecky/pml-v2.2/V2.2c/half-month/PET/PML-V2.2c_PET_2020.nc" [1]
2026-10-05 00:08:30 URL: ftp://ftp2.tpdc.ac.cn:6201/PML/V2.2c/half-month/PET/PML-V2.2c_PET_2021.nc [52273117] -> "/glade/derecho/scratch/bbuchovecky/pml-v2.2/V2.2c/half-month/PET/PML-V2.2c_PET_2021.nc" [1]
2026-10-05 00:31:02 URL: ftp://ftp3.tpdc.ac.cn:6201/PML/V2.2c/half-month/PET/PML-V2.2c_PET_2022.nc [52361109] -> "/glade/derecho/scratch/bbuchovecky/pml-v2.2/V2.2c/half-month/PET/PML-V2.2c_PET_2022.nc" [1]
2026-10-05 00:34:22 URL: ftp://ftp2.tpdc.ac.cn:6201/PML/V2.2c/half-month/PET/PML-V2.2c_PET_2023.nc [52728536] -> "/glade/derecho/scratch/bbuchovecky/pml-v2.2/V2.2c/half-month/PET/PML-V2.2c_PET_2023.nc" [1]
2026-10-05 00:35:02 URL: ftp://ftp3.tpdc.ac.cn:6201/PML/V2.2c/half-month/PET/PML-V2.2c_PET_2024.nc [52904805] -> "/glade/derecho/scratch/bbuchovecky/pml-v2.2/V2.2c/half-month/PET/PML-V2.2c_PET_2024.nc" [1]
2026-10-05 00:35:07 URL: ftp://ftp2.tpdc.ac.cn:6201/PML/V2.2c/half-month/PET/PML-V2.2c_PET_2025.nc [52744110] -> "/glade/derecho/scratch/bbuchovecky/pml-v2.2/V2.2c/half-month/PET/PML-V2.2c_PET_2025.nc" [1]
2026-10-05 00:35:07 URL: ftp://ftp3.tpdc.ac.cn:6201/PML/V2.2c/half-month/GPP/PML-V2.2c_GPP_1982.nc [51939611] -> "/glade/derecho/scratch/bbuchovecky/pml-v2.2/V2.2c/half-month/GPP/PML-V2.2c_GPP_1982.nc" [1]
2026-10-05 00:36:20 URL: ftp://ftp3.tpdc.ac.cn:6201/PML/V2.2c/half-month/GPP/PML-V2.2c_GPP_1984.nc [51861814] -> "/glade/derecho/scratch/bbuchovecky/pml-v2.2/V2.2c/half-month/GPP/PML-V2.2c_GPP_1984.nc" [1]
2026-10-05 00:36:32 URL: ftp://ftp2.tpdc.ac.cn:6201/PML/V2.2c/half-month/GPP/PML-V2.2c_GPP_1983.nc [51900774] -> "/glade/derecho/scratch/bbuchovecky/pml-v2.2/V2.2c/half-month/GPP/PML-V2.2c_GPP_1983.nc" [1]
2026-10-05 00:36:53 URL: ftp://ftp2.tpdc.ac.cn:6201/PML/V2.2c/half-month/GPP/PML-V2.2c_GPP_1985.nc [51716145] -> "/glade/derecho/scratch/bbuchovecky/pml-v2.2/V2.2c/half-month/GPP/PML-V2.2c_GPP_1985.nc" [1]
2026-10-05 01:01:12 URL: ftp://ftp3.tpdc.ac.cn:6201/PML/V2.2c/half-month/GPP/PML-V2.2c_GPP_1986.nc [51788206] -> "/glade/derecho/scratch/bbuchovecky/pml-v2.2/V2.2c/half-month/GPP/PML-V2.2c_GPP_1986.nc" [1]
2026-10-05 01:03:48 URL: ftp://ftp3.tpdc.ac.cn:6201/PML/V2.2c/half-month/GPP/PML-V2.2c_GPP_1988.nc [51893652] -> "/glade/derecho/scratch/bbuchovecky/pml-v2.2/V2.2c/half-month/GPP/PML-V2.2c_GPP_1988.nc" [1]
2026-10-05 01:04:56 URL: ftp://ftp3.tpdc.ac.cn:6201/PML/V2.2c/half-month/GPP/PML-V2.2c_GPP_1990.nc [51991705] -> "/glade/derecho/scratch/bbuchovecky/pml-v2.2/V2.2c/half-month/GPP/PML-V2.2c_GPP_1990.nc" [1]
2026-10-05 01:05:25 URL: ftp://ftp2.tpdc.ac.cn:6201/PML/V2.2c/half-month/GPP/PML-V2.2c_GPP_1987.nc [51916870] -> "/glade/derecho/scratch/bbuchovecky/pml-v2.2/V2.2c/half-month/GPP/PML-V2.2c_GPP_1987.nc" [1]
2026-10-05 01:05:50 URL: ftp://ftp2.tpdc.ac.cn:6201/PML/V2.2c/half-month/GPP/PML-V2.2c_GPP_1989.nc [51962124] -> "/glade/derecho/scratch/bbuchovecky/pml-v2.2/V2.2c/half-month/GPP/PML-V2.2c_GPP_1989.nc" [1]
2026-10-05 01:06:47 URL: ftp://ftp2.tpdc.ac.cn:6201/PML/V2.2c/half-month/GPP/PML-V2.2c_GPP_1993.nc [52044394] -> "/glade/derecho/scratch/bbuchovecky/pml-v2.2/V2.2c/half-month/GPP/PML-V2.2c_GPP_1993.nc" [1]
2026-10-05 01:07:00 URL: ftp://ftp3.tpdc.ac.cn:6201/PML/V2.2c/half-month/GPP/PML-V2.2c_GPP_1992.nc [51918986] -> "/glade/derecho/scratch/bbuchovecky/pml-v2.2/V2.2c/half-month/GPP/PML-V2.2c_GPP_1992.nc" [1]
2026-10-05 01:08:47 URL: ftp://ftp2.tpdc.ac.cn:6201/PML/V2.2c/half-month/GPP/PML-V2.2c_GPP_1991.nc [51967208] -> "/glade/derecho/scratch/bbuchovecky/pml-v2.2/V2.2c/half-month/GPP/PML-V2.2c_GPP_1991.nc" [1]
2026-10-05 01:31:55 URL: ftp://ftp3.tpdc.ac.cn:6201/PML/V2.2c/half-month/GPP/PML-V2.2c_GPP_1994.nc [52061578] -> "/glade/derecho/scratch/bbuchovecky/pml-v2.2/V2.2c/half-month/GPP/PML-V2.2c_GPP_1994.nc" [1]
2026-10-05 01:34:11 URL: ftp://ftp3.tpdc.ac.cn:6201/PML/V2.2c/half-month/GPP/PML-V2.2c_GPP_1996.nc [51969928] -> "/glade/derecho/scratch/bbuchovecky/pml-v2.2/V2.2c/half-month/GPP/PML-V2.2c_GPP_1996.nc" [1]
2026-10-05 01:35:31 URL: ftp://ftp2.tpdc.ac.cn:6201/PML/V2.2c/half-month/GPP/PML-V2.2c_GPP_1995.nc [52198217] -> "/glade/derecho/scratch/bbuchovecky/pml-v2.2/V2.2c/half-month/GPP/PML-V2.2c_GPP_1995.nc" [1]
2026-10-05 01:35:51 URL: ftp://ftp3.tpdc.ac.cn:6201/PML/V2.2c/half-month/GPP/PML-V2.2c_GPP_1998.nc [52104682] -> "/glade/derecho/scratch/bbuchovecky/pml-v2.2/V2.2c/half-month/GPP/PML-V2.2c_GPP_1998.nc" [1]
2026-10-05 01:36:19 URL: ftp://ftp2.tpdc.ac.cn:6201/PML/V2.2c/half-month/GPP/PML-V2.2c_GPP_1997.nc [52202157] -> "/glade/derecho/scratch/bbuchovecky/pml-v2.2/V2.2c/half-month/GPP/PML-V2.2c_GPP_1997.nc" [1]
2026-10-05 01:36:54 URL: ftp://ftp3.tpdc.ac.cn:6201/PML/V2.2c/half-month/GPP/PML-V2.2c_GPP_2000.nc [52048147] -> "/glade/derecho/scratch/bbuchovecky/pml-v2.2/V2.2c/half-month/GPP/PML-V2.2c_GPP_2000.nc" [1]
2026-10-05 01:37:39 URL: ftp://ftp2.tpdc.ac.cn:6201/PML/V2.2c/half-month/GPP/PML-V2.2c_GPP_1999.nc [52118178] -> "/glade/derecho/scratch/bbuchovecky/pml-v2.2/V2.2c/half-month/GPP/PML-V2.2c_GPP_1999.nc" [1]
2026-10-05 01:40:16 URL: ftp://ftp2.tpdc.ac.cn:6201/PML/V2.2c/half-month/GPP/PML-V2.2c_GPP_2001.nc [51839327] -> "/glade/derecho/scratch/bbuchovecky/pml-v2.2/V2.2c/half-month/GPP/PML-V2.2c_GPP_2001.nc" [1]
2026-10-05 01:59:54 URL: ftp://ftp3.tpdc.ac.cn:6201/PML/V2.2c/half-month/GPP/PML-V2.2c_GPP_2002.nc [51769519] -> "/glade/derecho/scratch/bbuchovecky/pml-v2.2/V2.2c/half-month/GPP/PML-V2.2c_GPP_2002.nc" [1]
2026-10-05 02:03:48 URL: ftp://ftp2.tpdc.ac.cn:6201/PML/V2.2c/half-month/GPP/PML-V2.2c_GPP_2003.nc [51782673] -> "/glade/derecho/scratch/bbuchovecky/pml-v2.2/V2.2c/half-month/GPP/PML-V2.2c_GPP_2003.nc" [1]
2026-10-05 02:03:48 URL: ftp://ftp3.tpdc.ac.cn:6201/PML/V2.2c/half-month/GPP/PML-V2.2c_GPP_2004.nc [51813391] -> "/glade/derecho/scratch/bbuchovecky/pml-v2.2/V2.2c/half-month/GPP/PML-V2.2c_GPP_2004.nc" [1]
2026-10-05 02:05:16 URL: ftp://ftp2.tpdc.ac.cn:6201/PML/V2.2c/half-month/GPP/PML-V2.2c_GPP_2005.nc [51800375] -> "/glade/derecho/scratch/bbuchovecky/pml-v2.2/V2.2c/half-month/GPP/PML-V2.2c_GPP_2005.nc" [1]
2026-10-05 02:06:12 URL: ftp://ftp3.tpdc.ac.cn:6201/PML/V2.2c/half-month/GPP/PML-V2.2c_GPP_2006.nc [51946829] -> "/glade/derecho/scratch/bbuchovecky/pml-v2.2/V2.2c/half-month/GPP/PML-V2.2c_GPP_2006.nc" [1]
2026-10-05 02:07:00 URL: ftp://ftp2.tpdc.ac.cn:6201/PML/V2.2c/half-month/GPP/PML-V2.2c_GPP_2007.nc [52002522] -> "/glade/derecho/scratch/bbuchovecky/pml-v2.2/V2.2c/half-month/GPP/PML-V2.2c_GPP_2007.nc" [1]
2026-10-05 02:07:05 URL: ftp://ftp3.tpdc.ac.cn:6201/PML/V2.2c/half-month/GPP/PML-V2.2c_GPP_2008.nc [51855293] -> "/glade/derecho/scratch/bbuchovecky/pml-v2.2/V2.2c/half-month/GPP/PML-V2.2c_GPP_2008.nc" [1]
2026-10-05 02:08:45 URL: ftp://ftp2.tpdc.ac.cn:6201/PML/V2.2c/half-month/GPP/PML-V2.2c_GPP_2009.nc [51784689] -> "/glade/derecho/scratch/bbuchovecky/pml-v2.2/V2.2c/half-month/GPP/PML-V2.2c_GPP_2009.nc" [1]
2026-10-05 02:28:23 URL: ftp://ftp3.tpdc.ac.cn:6201/PML/V2.2c/half-month/GPP/PML-V2.2c_GPP_2010.nc [52106491] -> "/glade/derecho/scratch/bbuchovecky/pml-v2.2/V2.2c/half-month/GPP/PML-V2.2c_GPP_2010.nc" [1]
2026-10-05 02:32:47 URL: ftp://ftp3.tpdc.ac.cn:6201/PML/V2.2c/half-month/GPP/PML-V2.2c_GPP_2012.nc [52195178] -> "/glade/derecho/scratch/bbuchovecky/pml-v2.2/V2.2c/half-month/GPP/PML-V2.2c_GPP_2012.nc" [1]
2026-10-05 02:33:45 URL: ftp://ftp2.tpdc.ac.cn:6201/PML/V2.2c/half-month/GPP/PML-V2.2c_GPP_2011.nc [52195230] -> "/glade/derecho/scratch/bbuchovecky/pml-v2.2/V2.2c/half-month/GPP/PML-V2.2c_GPP_2011.nc" [1]
2026-10-05 02:33:51 URL: ftp://ftp2.tpdc.ac.cn:6201/PML/V2.2c/half-month/GPP/PML-V2.2c_GPP_2013.nc [52080420] -> "/glade/derecho/scratch/bbuchovecky/pml-v2.2/V2.2c/half-month/GPP/PML-V2.2c_GPP_2013.nc" [1]
2026-10-05 02:35:12 URL: ftp://ftp3.tpdc.ac.cn:6201/PML/V2.2c/half-month/GPP/PML-V2.2c_GPP_2014.nc [52258803] -> "/glade/derecho/scratch/bbuchovecky/pml-v2.2/V2.2c/half-month/GPP/PML-V2.2c_GPP_2014.nc" [1]
2026-10-05 02:36:15 URL: ftp://ftp2.tpdc.ac.cn:6201/PML/V2.2c/half-month/GPP/PML-V2.2c_GPP_2015.nc [52360597] -> "/glade/derecho/scratch/bbuchovecky/pml-v2.2/V2.2c/half-month/GPP/PML-V2.2c_GPP_2015.nc" [1]
2026-10-05 02:37:27 URL: ftp://ftp3.tpdc.ac.cn:6201/PML/V2.2c/half-month/GPP/PML-V2.2c_GPP_2016.nc [52556210] -> "/glade/derecho/scratch/bbuchovecky/pml-v2.2/V2.2c/half-month/GPP/PML-V2.2c_GPP_2016.nc" [1]
2026-10-05 02:39:15 URL: ftp://ftp2.tpdc.ac.cn:6201/PML/V2.2c/half-month/GPP/PML-V2.2c_GPP_2017.nc [52362471] -> "/glade/derecho/scratch/bbuchovecky/pml-v2.2/V2.2c/half-month/GPP/PML-V2.2c_GPP_2017.nc" [1]
2026-10-05 02:58:19 URL: ftp://ftp3.tpdc.ac.cn:6201/PML/V2.2c/half-month/GPP/PML-V2.2c_GPP_2018.nc [52259330] -> "/glade/derecho/scratch/bbuchovecky/pml-v2.2/V2.2c/half-month/GPP/PML-V2.2c_GPP_2018.nc" [1]
2026-10-05 03:04:45 URL: ftp://ftp2.tpdc.ac.cn:6201/PML/V2.2c/half-month/GPP/PML-V2.2c_GPP_2019.nc [52296613] -> "/glade/derecho/scratch/bbuchovecky/pml-v2.2/V2.2c/half-month/GPP/PML-V2.2c_GPP_2019.nc" [1]
2026-10-05 03:05:14 URL: ftp://ftp3.tpdc.ac.cn:6201/PML/V2.2c/half-month/GPP/PML-V2.2c_GPP_2022.nc [52511778] -> "/glade/derecho/scratch/bbuchovecky/pml-v2.2/V2.2c/half-month/GPP/PML-V2.2c_GPP_2022.nc" [1]
2026-10-05 03:05:42 URL: ftp://ftp2.tpdc.ac.cn:6201/PML/V2.2c/half-month/GPP/PML-V2.2c_GPP_2021.nc [52582241] -> "/glade/derecho/scratch/bbuchovecky/pml-v2.2/V2.2c/half-month/GPP/PML-V2.2c_GPP_2021.nc" [1]
2026-10-05 03:06:20 URL: ftp://ftp3.tpdc.ac.cn:6201/PML/V2.2c/half-month/GPP/PML-V2.2c_GPP_2020.nc [52539495] -> "/glade/derecho/scratch/bbuchovecky/pml-v2.2/V2.2c/half-month/GPP/PML-V2.2c_GPP_2020.nc" [1]
2026-10-05 03:08:02 URL: ftp://ftp3.tpdc.ac.cn:6201/PML/V2.2c/half-month/GPP/PML-V2.2c_GPP_2024.nc [52696832] -> "/glade/derecho/scratch/bbuchovecky/pml-v2.2/V2.2c/half-month/GPP/PML-V2.2c_GPP_2024.nc" [1]
2026-10-05 03:08:31 URL: ftp://ftp2.tpdc.ac.cn:6201/PML/V2.2c/half-month/GPP/PML-V2.2c_GPP_2023.nc [52633969] -> "/glade/derecho/scratch/bbuchovecky/pml-v2.2/V2.2c/half-month/GPP/PML-V2.2c_GPP_2023.nc" [1]
2026-10-05 03:11:35 URL: ftp://ftp2.tpdc.ac.cn:6201/PML/V2.2c/half-month/GPP/PML-V2.2c_GPP_2025.nc [52836617] -> "/glade/derecho/scratch/bbuchovecky/pml-v2.2/V2.2c/half-month/GPP/PML-V2.2c_GPP_2025.nc" [1]
2026-10-05 03:15:36 URL: ftp://ftp3.tpdc.ac.cn:6201/PML/V2.2c/monthly/ET/PML-V2.2c_ET_1982.nc [28546009] -> "/glade/derecho/scratch/bbuchovecky/pml-v2.2/V2.2c/monthly/ET/PML-V2.2c_ET_1982.nc" [1]
2026-10-05 03:21:06 URL: ftp://ftp2.tpdc.ac.cn:6201/PML/V2.2c/monthly/ET/PML-V2.2c_ET_1983.nc [28379473] -> "/glade/derecho/scratch/bbuchovecky/pml-v2.2/V2.2c/monthly/ET/PML-V2.2c_ET_1983.nc" [1]
2026-10-05 03:21:25 URL: ftp://ftp3.tpdc.ac.cn:6201/PML/V2.2c/monthly/ET/PML-V2.2c_ET_1984.nc [28078369] -> "/glade/derecho/scratch/bbuchovecky/pml-v2.2/V2.2c/monthly/ET/PML-V2.2c_ET_1984.nc" [1]
2026-10-05 03:21:39 URL: ftp://ftp2.tpdc.ac.cn:6201/PML/V2.2c/monthly/ET/PML-V2.2c_ET_1985.nc [28358503] -> "/glade/derecho/scratch/bbuchovecky/pml-v2.2/V2.2c/monthly/ET/PML-V2.2c_ET_1985.nc" [1]
2026-10-05 03:22:34 URL: ftp://ftp3.tpdc.ac.cn:6201/PML/V2.2c/monthly/ET/PML-V2.2c_ET_1986.nc [28389532] -> "/glade/derecho/scratch/bbuchovecky/pml-v2.2/V2.2c/monthly/ET/PML-V2.2c_ET_1986.nc" [1]
2026-10-05 03:24:13 URL: ftp://ftp2.tpdc.ac.cn:6201/PML/V2.2c/monthly/ET/PML-V2.2c_ET_1987.nc [28418178] -> "/glade/derecho/scratch/bbuchovecky/pml-v2.2/V2.2c/monthly/ET/PML-V2.2c_ET_1987.nc" [1]
2026-10-05 03:25:13 URL: ftp://ftp3.tpdc.ac.cn:6201/PML/V2.2c/monthly/ET/PML-V2.2c_ET_1988.nc [28491881] -> "/glade/derecho/scratch/bbuchovecky/pml-v2.2/V2.2c/monthly/ET/PML-V2.2c_ET_1988.nc" [1]
2026-10-05 03:29:01 URL: ftp://ftp2.tpdc.ac.cn:6201/PML/V2.2c/monthly/ET/PML-V2.2c_ET_1989.nc [28629941] -> "/glade/derecho/scratch/bbuchovecky/pml-v2.2/V2.2c/monthly/ET/PML-V2.2c_ET_1989.nc" [1]
2026-10-05 03:31:47 URL: ftp://ftp3.tpdc.ac.cn:6201/PML/V2.2c/monthly/ET/PML-V2.2c_ET_1990.nc [28414866] -> "/glade/derecho/scratch/bbuchovecky/pml-v2.2/V2.2c/monthly/ET/PML-V2.2c_ET_1990.nc" [1]
2026-10-05 03:38:15 URL: ftp://ftp3.tpdc.ac.cn:6201/PML/V2.2c/monthly/ET/PML-V2.2c_ET_1992.nc [28467492] -> "/glade/derecho/scratch/bbuchovecky/pml-v2.2/V2.2c/monthly/ET/PML-V2.2c_ET_1992.nc" [1]
2026-10-05 03:38:58 URL: ftp://ftp2.tpdc.ac.cn:6201/PML/V2.2c/monthly/ET/PML-V2.2c_ET_1991.nc [28525329] -> "/glade/derecho/scratch/bbuchovecky/pml-v2.2/V2.2c/monthly/ET/PML-V2.2c_ET_1991.nc" [1]
2026-10-05 03:39:21 URL: ftp://ftp2.tpdc.ac.cn:6201/PML/V2.2c/monthly/ET/PML-V2.2c_ET_1993.nc [28452213] -> "/glade/derecho/scratch/bbuchovecky/pml-v2.2/V2.2c/monthly/ET/PML-V2.2c_ET_1993.nc" [1]
2026-10-05 03:39:26 URL: ftp://ftp3.tpdc.ac.cn:6201/PML/V2.2c/monthly/ET/PML-V2.2c_ET_1994.nc [28540845] -> "/glade/derecho/scratch/bbuchovecky/pml-v2.2/V2.2c/monthly/ET/PML-V2.2c_ET_1994.nc" [1]
2026-10-05 03:41:35 URL: ftp://ftp3.tpdc.ac.cn:6201/PML/V2.2c/monthly/ET/PML-V2.2c_ET_1996.nc [28307945] -> "/glade/derecho/scratch/bbuchovecky/pml-v2.2/V2.2c/monthly/ET/PML-V2.2c_ET_1996.nc" [1]
2026-10-05 03:42:11 URL: ftp://ftp2.tpdc.ac.cn:6201/PML/V2.2c/monthly/ET/PML-V2.2c_ET_1995.nc [28582625] -> "/glade/derecho/scratch/bbuchovecky/pml-v2.2/V2.2c/monthly/ET/PML-V2.2c_ET_1995.nc" [1]
2026-10-05 03:46:41 URL: ftp://ftp2.tpdc.ac.cn:6201/PML/V2.2c/monthly/ET/PML-V2.2c_ET_1997.nc [28600190] -> "/glade/derecho/scratch/bbuchovecky/pml-v2.2/V2.2c/monthly/ET/PML-V2.2c_ET_1997.nc" [1]
2026-10-05 03:49:24 URL: ftp://ftp3.tpdc.ac.cn:6201/PML/V2.2c/monthly/ET/PML-V2.2c_ET_1998.nc [28486713] -> "/glade/derecho/scratch/bbuchovecky/pml-v2.2/V2.2c/monthly/ET/PML-V2.2c_ET_1998.nc" [1]
2026-10-05 03:55:58 URL: ftp://ftp2.tpdc.ac.cn:6201/PML/V2.2c/monthly/ET/PML-V2.2c_ET_2001.nc [27332523] -> "/glade/derecho/scratch/bbuchovecky/pml-v2.2/V2.2c/monthly/ET/PML-V2.2c_ET_2001.nc" [1]
2026-10-05 03:56:10 URL: ftp://ftp3.tpdc.ac.cn:6201/PML/V2.2c/monthly/ET/PML-V2.2c_ET_2000.nc [27534121] -> "/glade/derecho/scratch/bbuchovecky/pml-v2.2/V2.2c/monthly/ET/PML-V2.2c_ET_2000.nc" [1]
2026-10-05 03:56:10 URL: ftp://ftp3.tpdc.ac.cn:6201/PML/V2.2c/monthly/ET/PML-V2.2c_ET_2002.nc [27564674] -> "/glade/derecho/scratch/bbuchovecky/pml-v2.2/V2.2c/monthly/ET/PML-V2.2c_ET_2002.nc" [1]
2026-10-05 03:57:22 URL: ftp://ftp2.tpdc.ac.cn:6201/PML/V2.2c/monthly/ET/PML-V2.2c_ET_1999.nc [28256923] -> "/glade/derecho/scratch/bbuchovecky/pml-v2.2/V2.2c/monthly/ET/PML-V2.2c_ET_1999.nc" [1]
2026-10-05 03:58:52 URL: ftp://ftp3.tpdc.ac.cn:6201/PML/V2.2c/monthly/ET/PML-V2.2c_ET_2004.nc [27482418] -> "/glade/derecho/scratch/bbuchovecky/pml-v2.2/V2.2c/monthly/ET/PML-V2.2c_ET_2004.nc" [1]
2026-10-05 03:58:55 URL: ftp://ftp2.tpdc.ac.cn:6201/PML/V2.2c/monthly/ET/PML-V2.2c_ET_2003.nc [27625083] -> "/glade/derecho/scratch/bbuchovecky/pml-v2.2/V2.2c/monthly/ET/PML-V2.2c_ET_2003.nc" [1]
2026-10-05 04:03:47 URL: ftp://ftp2.tpdc.ac.cn:6201/PML/V2.2c/monthly/ET/PML-V2.2c_ET_2005.nc [27636655] -> "/glade/derecho/scratch/bbuchovecky/pml-v2.2/V2.2c/monthly/ET/PML-V2.2c_ET_2005.nc" [1]
2026-10-05 04:05:24 URL: ftp://ftp3.tpdc.ac.cn:6201/PML/V2.2c/monthly/ET/PML-V2.2c_ET_2006.nc [27629519] -> "/glade/derecho/scratch/bbuchovecky/pml-v2.2/V2.2c/monthly/ET/PML-V2.2c_ET_2006.nc" [1]
2026-10-05 04:12:30 URL: ftp://ftp3.tpdc.ac.cn:6201/PML/V2.2c/monthly/ET/PML-V2.2c_ET_2008.nc [27372421] -> "/glade/derecho/scratch/bbuchovecky/pml-v2.2/V2.2c/monthly/ET/PML-V2.2c_ET_2008.nc" [1]
2026-10-05 04:12:51 URL: ftp://ftp2.tpdc.ac.cn:6201/PML/V2.2c/monthly/ET/PML-V2.2c_ET_2007.nc [27421743] -> "/glade/derecho/scratch/bbuchovecky/pml-v2.2/V2.2c/monthly/ET/PML-V2.2c_ET_2007.nc" [1]
2026-10-05 04:14:02 URL: ftp://ftp2.tpdc.ac.cn:6201/PML/V2.2c/monthly/ET/PML-V2.2c_ET_2009.nc [27635338] -> "/glade/derecho/scratch/bbuchovecky/pml-v2.2/V2.2c/monthly/ET/PML-V2.2c_ET_2009.nc" [1]
2026-10-05 04:14:37 URL: ftp://ftp3.tpdc.ac.cn:6201/PML/V2.2c/monthly/ET/PML-V2.2c_ET_2010.nc [27489496] -> "/glade/derecho/scratch/bbuchovecky/pml-v2.2/V2.2c/monthly/ET/PML-V2.2c_ET_2010.nc" [1]
2026-10-05 04:15:36 URL: ftp://ftp3.tpdc.ac.cn:6201/PML/V2.2c/monthly/ET/PML-V2.2c_ET_2012.nc [27575120] -> "/glade/derecho/scratch/bbuchovecky/pml-v2.2/V2.2c/monthly/ET/PML-V2.2c_ET_2012.nc" [1]
2026-10-05 04:16:08 URL: ftp://ftp2.tpdc.ac.cn:6201/PML/V2.2c/monthly/ET/PML-V2.2c_ET_2011.nc [27478540] -> "/glade/derecho/scratch/bbuchovecky/pml-v2.2/V2.2c/monthly/ET/PML-V2.2c_ET_2011.nc" [1]
2026-10-05 04:21:40 URL: ftp://ftp2.tpdc.ac.cn:6201/PML/V2.2c/monthly/ET/PML-V2.2c_ET_2013.nc [27545976] -> "/glade/derecho/scratch/bbuchovecky/pml-v2.2/V2.2c/monthly/ET/PML-V2.2c_ET_2013.nc" [1]
2026-10-05 04:22:00 URL: ftp://ftp3.tpdc.ac.cn:6201/PML/V2.2c/monthly/ET/PML-V2.2c_ET_2014.nc [27552240] -> "/glade/derecho/scratch/bbuchovecky/pml-v2.2/V2.2c/monthly/ET/PML-V2.2c_ET_2014.nc" [1]
2026-10-05 04:29:20 URL: ftp://ftp2.tpdc.ac.cn:6201/PML/V2.2c/monthly/ET/PML-V2.2c_ET_2015.nc [27759850] -> "/glade/derecho/scratch/bbuchovecky/pml-v2.2/V2.2c/monthly/ET/PML-V2.2c_ET_2015.nc" [1]
2026-10-05 04:29:27 URL: ftp://ftp3.tpdc.ac.cn:6201/PML/V2.2c/monthly/ET/PML-V2.2c_ET_2016.nc [27757848] -> "/glade/derecho/scratch/bbuchovecky/pml-v2.2/V2.2c/monthly/ET/PML-V2.2c_ET_2016.nc" [1]
2026-10-05 04:29:45 URL: ftp://ftp2.tpdc.ac.cn:6201/PML/V2.2c/monthly/ET/PML-V2.2c_ET_2017.nc [27590003] -> "/glade/derecho/scratch/bbuchovecky/pml-v2.2/V2.2c/monthly/ET/PML-V2.2c_ET_2017.nc" [1]
2026-10-05 04:30:44 URL: ftp://ftp3.tpdc.ac.cn:6201/PML/V2.2c/monthly/ET/PML-V2.2c_ET_2018.nc [27751411] -> "/glade/derecho/scratch/bbuchovecky/pml-v2.2/V2.2c/monthly/ET/PML-V2.2c_ET_2018.nc" [1]
2026-10-05 04:31:19 URL: ftp://ftp2.tpdc.ac.cn:6201/PML/V2.2c/monthly/ET/PML-V2.2c_ET_2019.nc [27702294] -> "/glade/derecho/scratch/bbuchovecky/pml-v2.2/V2.2c/monthly/ET/PML-V2.2c_ET_2019.nc" [1]
2026-10-05 04:31:38 URL: ftp://ftp3.tpdc.ac.cn:6201/PML/V2.2c/monthly/ET/PML-V2.2c_ET_2020.nc [27668552] -> "/glade/derecho/scratch/bbuchovecky/pml-v2.2/V2.2c/monthly/ET/PML-V2.2c_ET_2020.nc" [1]
2026-10-05 04:37:35 URL: ftp://ftp2.tpdc.ac.cn:6201/PML/V2.2c/monthly/ET/PML-V2.2c_ET_2021.nc [27703907] -> "/glade/derecho/scratch/bbuchovecky/pml-v2.2/V2.2c/monthly/ET/PML-V2.2c_ET_2021.nc" [1]
2026-10-05 04:38:30 URL: ftp://ftp3.tpdc.ac.cn:6201/PML/V2.2c/monthly/ET/PML-V2.2c_ET_2022.nc [27719371] -> "/glade/derecho/scratch/bbuchovecky/pml-v2.2/V2.2c/monthly/ET/PML-V2.2c_ET_2022.nc" [1]
2026-10-05 04:44:27 URL: ftp://ftp3.tpdc.ac.cn:6201/PML/V2.2c/monthly/Ec/PML-V2.2c_Ec_1982.nc [24284991] -> "/glade/derecho/scratch/bbuchovecky/pml-v2.2/V2.2c/monthly/Ec/PML-V2.2c_Ec_1982.nc" [1]
2026-10-05 04:45:49 URL: ftp://ftp2.tpdc.ac.cn:6201/PML/V2.2c/monthly/ET/PML-V2.2c_ET_2023.nc [27966383] -> "/glade/derecho/scratch/bbuchovecky/pml-v2.2/V2.2c/monthly/ET/PML-V2.2c_ET_2023.nc" [1]
2026-10-05 04:45:55 URL: ftp://ftp3.tpdc.ac.cn:6201/PML/V2.2c/monthly/Ec/PML-V2.2c_Ec_1984.nc [24077364] -> "/glade/derecho/scratch/bbuchovecky/pml-v2.2/V2.2c/monthly/Ec/PML-V2.2c_Ec_1984.nc" [1]
2026-10-05 04:46:07 URL: ftp://ftp2.tpdc.ac.cn:6201/PML/V2.2c/monthly/Ec/PML-V2.2c_Ec_1983.nc [24239488] -> "/glade/derecho/scratch/bbuchovecky/pml-v2.2/V2.2c/monthly/Ec/PML-V2.2c_Ec_1983.nc" [1]
2026-10-05 04:46:35 URL: ftp://ftp2.tpdc.ac.cn:6201/PML/V2.2c/monthly/ET/PML-V2.2c_ET_2025.nc [27931252] -> "/glade/derecho/scratch/bbuchovecky/pml-v2.2/V2.2c/monthly/ET/PML-V2.2c_ET_2025.nc" [1]
2026-10-05 04:46:48 URL: ftp://ftp3.tpdc.ac.cn:6201/PML/V2.2c/monthly/ET/PML-V2.2c_ET_2024.nc [28018857] -> "/glade/derecho/scratch/bbuchovecky/pml-v2.2/V2.2c/monthly/ET/PML-V2.2c_ET_2024.nc" [1]
2026-10-05 04:53:04 URL: ftp://ftp3.tpdc.ac.cn:6201/PML/V2.2c/monthly/Ec/PML-V2.2c_Ec_1986.nc [24261001] -> "/glade/derecho/scratch/bbuchovecky/pml-v2.2/V2.2c/monthly/Ec/PML-V2.2c_Ec_1986.nc" [1]
2026-10-05 04:53:16 URL: ftp://ftp2.tpdc.ac.cn:6201/PML/V2.2c/monthly/Ec/PML-V2.2c_Ec_1985.nc [24091610] -> "/glade/derecho/scratch/bbuchovecky/pml-v2.2/V2.2c/monthly/Ec/PML-V2.2c_Ec_1985.nc" [1]
2026-10-05 04:58:33 URL: ftp://ftp2.tpdc.ac.cn:6201/PML/V2.2c/monthly/Ec/PML-V2.2c_Ec_1987.nc [24236421] -> "/glade/derecho/scratch/bbuchovecky/pml-v2.2/V2.2c/monthly/Ec/PML-V2.2c_Ec_1987.nc" [1]
2026-10-05 05:00:28 URL: ftp://ftp2.tpdc.ac.cn:6201/PML/V2.2c/monthly/Ec/PML-V2.2c_Ec_1989.nc [24376161] -> "/glade/derecho/scratch/bbuchovecky/pml-v2.2/V2.2c/monthly/Ec/PML-V2.2c_Ec_1989.nc" [1]
2026-10-05 05:01:51 URL: ftp://ftp3.tpdc.ac.cn:6201/PML/V2.2c/monthly/Ec/PML-V2.2c_Ec_1990.nc [24450814] -> "/glade/derecho/scratch/bbuchovecky/pml-v2.2/V2.2c/monthly/Ec/PML-V2.2c_Ec_1990.nc" [1]
2026-10-05 05:01:55 URL: ftp://ftp3.tpdc.ac.cn:6201/PML/V2.2c/monthly/Ec/PML-V2.2c_Ec_1988.nc [24346568] -> "/glade/derecho/scratch/bbuchovecky/pml-v2.2/V2.2c/monthly/Ec/PML-V2.2c_Ec_1988.nc" [1]
2026-10-05 05:02:00 URL: ftp://ftp3.tpdc.ac.cn:6201/PML/V2.2c/monthly/Ec/PML-V2.2c_Ec_1992.nc [24185879] -> "/glade/derecho/scratch/bbuchovecky/pml-v2.2/V2.2c/monthly/Ec/PML-V2.2c_Ec_1992.nc" [1]
2026-10-05 05:02:02 URL: ftp://ftp2.tpdc.ac.cn:6201/PML/V2.2c/monthly/Ec/PML-V2.2c_Ec_1991.nc [24337931] -> "/glade/derecho/scratch/bbuchovecky/pml-v2.2/V2.2c/monthly/Ec/PML-V2.2c_Ec_1991.nc" [1]
2026-10-05 05:07:54 URL: ftp://ftp3.tpdc.ac.cn:6201/PML/V2.2c/monthly/Ec/PML-V2.2c_Ec_1994.nc [24292958] -> "/glade/derecho/scratch/bbuchovecky/pml-v2.2/V2.2c/monthly/Ec/PML-V2.2c_Ec_1994.nc" [1]
2026-10-05 05:08:39 URL: ftp://ftp2.tpdc.ac.cn:6201/PML/V2.2c/monthly/Ec/PML-V2.2c_Ec_1993.nc [24182758] -> "/glade/derecho/scratch/bbuchovecky/pml-v2.2/V2.2c/monthly/Ec/PML-V2.2c_Ec_1993.nc" [1]
2026-10-05 05:13:24 URL: ftp://ftp2.tpdc.ac.cn:6201/PML/V2.2c/monthly/Ec/PML-V2.2c_Ec_1995.nc [24428383] -> "/glade/derecho/scratch/bbuchovecky/pml-v2.2/V2.2c/monthly/Ec/PML-V2.2c_Ec_1995.nc" [1]
2026-10-05 05:14:08 URL: ftp://ftp3.tpdc.ac.cn:6201/PML/V2.2c/monthly/Ec/PML-V2.2c_Ec_1996.nc [24094745] -> "/glade/derecho/scratch/bbuchovecky/pml-v2.2/V2.2c/monthly/Ec/PML-V2.2c_Ec_1996.nc" [1]
2026-10-05 05:15:08 URL: ftp://ftp3.tpdc.ac.cn:6201/PML/V2.2c/monthly/Ec/PML-V2.2c_Ec_2000.nc [23523672] -> "/glade/derecho/scratch/bbuchovecky/pml-v2.2/V2.2c/monthly/Ec/PML-V2.2c_Ec_2000.nc" [1]
2026-10-05 05:16:50 URL: ftp://ftp2.tpdc.ac.cn:6201/PML/V2.2c/monthly/Ec/PML-V2.2c_Ec_1997.nc [24398873] -> "/glade/derecho/scratch/bbuchovecky/pml-v2.2/V2.2c/monthly/Ec/PML-V2.2c_Ec_1997.nc" [1]
2026-10-05 05:17:23 URL: ftp://ftp2.tpdc.ac.cn:6201/PML/V2.2c/monthly/Ec/PML-V2.2c_Ec_1999.nc [24280377] -> "/glade/derecho/scratch/bbuchovecky/pml-v2.2/V2.2c/monthly/Ec/PML-V2.2c_Ec_1999.nc" [1]
2026-10-05 05:17:28 URL: ftp://ftp3.tpdc.ac.cn:6201/PML/V2.2c/monthly/Ec/PML-V2.2c_Ec_1998.nc [24287021] -> "/glade/derecho/scratch/bbuchovecky/pml-v2.2/V2.2c/monthly/Ec/PML-V2.2c_Ec_1998.nc" [1]
2026-10-05 05:23:03 URL: ftp://ftp3.tpdc.ac.cn:6201/PML/V2.2c/monthly/Ec/PML-V2.2c_Ec_2002.nc [23472885] -> "/glade/derecho/scratch/bbuchovecky/pml-v2.2/V2.2c/monthly/Ec/PML-V2.2c_Ec_2002.nc" [1]
2026-10-05 05:23:08 URL: ftp://ftp2.tpdc.ac.cn:6201/PML/V2.2c/monthly/Ec/PML-V2.2c_Ec_2001.nc [23490027] -> "/glade/derecho/scratch/bbuchovecky/pml-v2.2/V2.2c/monthly/Ec/PML-V2.2c_Ec_2001.nc" [1]
2026-10-05 05:27:43 URL: ftp://ftp3.tpdc.ac.cn:6201/PML/V2.2c/monthly/Ec/PML-V2.2c_Ec_2004.nc [23437134] -> "/glade/derecho/scratch/bbuchovecky/pml-v2.2/V2.2c/monthly/Ec/PML-V2.2c_Ec_2004.nc" [1]
2026-10-05 05:28:17 URL: ftp://ftp2.tpdc.ac.cn:6201/PML/V2.2c/monthly/Ec/PML-V2.2c_Ec_2003.nc [23449557] -> "/glade/derecho/scratch/bbuchovecky/pml-v2.2/V2.2c/monthly/Ec/PML-V2.2c_Ec_2003.nc" [1]
2026-10-05 05:29:00 URL: ftp://ftp2.tpdc.ac.cn:6201/PML/V2.2c/monthly/Ec/PML-V2.2c_Ec_2005.nc [23518654] -> "/glade/derecho/scratch/bbuchovecky/pml-v2.2/V2.2c/monthly/Ec/PML-V2.2c_Ec_2005.nc" [1]
2026-10-05 05:31:17 URL: ftp://ftp3.tpdc.ac.cn:6201/PML/V2.2c/monthly/Ec/PML-V2.2c_Ec_2006.nc [23511078] -> "/glade/derecho/scratch/bbuchovecky/pml-v2.2/V2.2c/monthly/Ec/PML-V2.2c_Ec_2006.nc" [1]
2026-10-05 05:31:45 URL: ftp://ftp2.tpdc.ac.cn:6201/PML/V2.2c/monthly/Ec/PML-V2.2c_Ec_2007.nc [23584800] -> "/glade/derecho/scratch/bbuchovecky/pml-v2.2/V2.2c/monthly/Ec/PML-V2.2c_Ec_2007.nc" [1]
2026-10-05 05:31:58 URL: ftp://ftp3.tpdc.ac.cn:6201/PML/V2.2c/monthly/Ec/PML-V2.2c_Ec_2008.nc [23388409] -> "/glade/derecho/scratch/bbuchovecky/pml-v2.2/V2.2c/monthly/Ec/PML-V2.2c_Ec_2008.nc" [1]
2026-10-05 05:36:10 URL: ftp://ftp3.tpdc.ac.cn:6201/PML/V2.2c/monthly/Ec/PML-V2.2c_Ec_2010.nc [23501775] -> "/glade/derecho/scratch/bbuchovecky/pml-v2.2/V2.2c/monthly/Ec/PML-V2.2c_Ec_2010.nc" [1]
2026-10-05 05:37:45 URL: ftp://ftp2.tpdc.ac.cn:6201/PML/V2.2c/monthly/Ec/PML-V2.2c_Ec_2009.nc [23391918] -> "/glade/derecho/scratch/bbuchovecky/pml-v2.2/V2.2c/monthly/Ec/PML-V2.2c_Ec_2009.nc" [1]
2026-10-05 05:42:35 URL: ftp://ftp2.tpdc.ac.cn:6201/PML/V2.2c/monthly/Ec/PML-V2.2c_Ec_2011.nc [23553386] -> "/glade/derecho/scratch/bbuchovecky/pml-v2.2/V2.2c/monthly/Ec/PML-V2.2c_Ec_2011.nc" [1]
2026-10-05 05:43:18 URL: ftp://ftp2.tpdc.ac.cn:6201/PML/V2.2c/monthly/Ec/PML-V2.2c_Ec_2013.nc [23446734] -> "/glade/derecho/scratch/bbuchovecky/pml-v2.2/V2.2c/monthly/Ec/PML-V2.2c_Ec_2013.nc" [1]
2026-10-05 05:43:20 URL: ftp://ftp3.tpdc.ac.cn:6201/PML/V2.2c/monthly/Ec/PML-V2.2c_Ec_2012.nc [23575780] -> "/glade/derecho/scratch/bbuchovecky/pml-v2.2/V2.2c/monthly/Ec/PML-V2.2c_Ec_2012.nc" [1]
2026-10-05 05:45:11 URL: ftp://ftp3.tpdc.ac.cn:6201/PML/V2.2c/monthly/Ec/PML-V2.2c_Ec_2014.nc [23536023] -> "/glade/derecho/scratch/bbuchovecky/pml-v2.2/V2.2c/monthly/Ec/PML-V2.2c_Ec_2014.nc" [1]
2026-10-05 05:46:53 URL: ftp://ftp3.tpdc.ac.cn:6201/PML/V2.2c/monthly/Ec/PML-V2.2c_Ec_2016.nc [23746859] -> "/glade/derecho/scratch/bbuchovecky/pml-v2.2/V2.2c/monthly/Ec/PML-V2.2c_Ec_2016.nc" [1]
2026-10-05 05:47:04 URL: ftp://ftp2.tpdc.ac.cn:6201/PML/V2.2c/monthly/Ec/PML-V2.2c_Ec_2015.nc [23661759] -> "/glade/derecho/scratch/bbuchovecky/pml-v2.2/V2.2c/monthly/Ec/PML-V2.2c_Ec_2015.nc" [1]
2026-10-05 05:51:33 URL: ftp://ftp3.tpdc.ac.cn:6201/PML/V2.2c/monthly/Ec/PML-V2.2c_Ec_2018.nc [23482863] -> "/glade/derecho/scratch/bbuchovecky/pml-v2.2/V2.2c/monthly/Ec/PML-V2.2c_Ec_2018.nc" [1]
2026-10-05 05:51:51 URL: ftp://ftp2.tpdc.ac.cn:6201/PML/V2.2c/monthly/Ec/PML-V2.2c_Ec_2017.nc [23544411] -> "/glade/derecho/scratch/bbuchovecky/pml-v2.2/V2.2c/monthly/Ec/PML-V2.2c_Ec_2017.nc" [1]
2026-10-05 05:57:35 URL: ftp://ftp2.tpdc.ac.cn:6201/PML/V2.2c/monthly/Ec/PML-V2.2c_Ec_2019.nc [23584252] -> "/glade/derecho/scratch/bbuchovecky/pml-v2.2/V2.2c/monthly/Ec/PML-V2.2c_Ec_2019.nc" [1]
2026-10-05 05:58:36 URL: ftp://ftp3.tpdc.ac.cn:6201/PML/V2.2c/monthly/Ec/PML-V2.2c_Ec_2020.nc [23767892] -> "/glade/derecho/scratch/bbuchovecky/pml-v2.2/V2.2c/monthly/Ec/PML-V2.2c_Ec_2020.nc" [1]
2026-10-05 05:58:52 URL: ftp://ftp2.tpdc.ac.cn:6201/PML/V2.2c/monthly/Ec/PML-V2.2c_Ec_2021.nc [23650131] -> "/glade/derecho/scratch/bbuchovecky/pml-v2.2/V2.2c/monthly/Ec/PML-V2.2c_Ec_2021.nc" [1]
2026-10-05 06:00:19 URL: ftp://ftp3.tpdc.ac.cn:6201/PML/V2.2c/monthly/Ec/PML-V2.2c_Ec_2022.nc [23568029] -> "/glade/derecho/scratch/bbuchovecky/pml-v2.2/V2.2c/monthly/Ec/PML-V2.2c_Ec_2022.nc" [1]
2026-10-05 06:02:12 URL: ftp://ftp2.tpdc.ac.cn:6201/PML/V2.2c/monthly/Ec/PML-V2.2c_Ec_2023.nc [23786236] -> "/glade/derecho/scratch/bbuchovecky/pml-v2.2/V2.2c/monthly/Ec/PML-V2.2c_Ec_2023.nc" [1]
2026-10-05 06:02:53 URL: ftp://ftp3.tpdc.ac.cn:6201/PML/V2.2c/monthly/Ec/PML-V2.2c_Ec_2024.nc [23788227] -> "/glade/derecho/scratch/bbuchovecky/pml-v2.2/V2.2c/monthly/Ec/PML-V2.2c_Ec_2024.nc" [1]
2026-10-05 06:07:45 URL: ftp://ftp3.tpdc.ac.cn:6201/PML/V2.2c/monthly/Es/PML-V2.2c_Es_1982.nc [25082686] -> "/glade/derecho/scratch/bbuchovecky/pml-v2.2/V2.2c/monthly/Es/PML-V2.2c_Es_1982.nc" [1]
2026-10-05 06:07:46 URL: ftp://ftp2.tpdc.ac.cn:6201/PML/V2.2c/monthly/Ec/PML-V2.2c_Ec_2025.nc [23716036] -> "/glade/derecho/scratch/bbuchovecky/pml-v2.2/V2.2c/monthly/Ec/PML-V2.2c_Ec_2025.nc" [1]
2026-10-05 06:12:59 URL: ftp://ftp2.tpdc.ac.cn:6201/PML/V2.2c/monthly/Es/PML-V2.2c_Es_1983.nc [24770638] -> "/glade/derecho/scratch/bbuchovecky/pml-v2.2/V2.2c/monthly/Es/PML-V2.2c_Es_1983.nc" [1]
2026-10-05 06:15:18 URL: ftp://ftp3.tpdc.ac.cn:6201/PML/V2.2c/monthly/Es/PML-V2.2c_Es_1984.nc [24619457] -> "/glade/derecho/scratch/bbuchovecky/pml-v2.2/V2.2c/monthly/Es/PML-V2.2c_Es_1984.nc" [1]
2026-10-05 06:15:22 URL: ftp://ftp2.tpdc.ac.cn:6201/PML/V2.2c/monthly/Es/PML-V2.2c_Es_1985.nc [24902260] -> "/glade/derecho/scratch/bbuchovecky/pml-v2.2/V2.2c/monthly/Es/PML-V2.2c_Es_1985.nc" [1]
2026-10-05 06:15:59 URL: ftp://ftp3.tpdc.ac.cn:6201/PML/V2.2c/monthly/Es/PML-V2.2c_Es_1986.nc [24834393] -> "/glade/derecho/scratch/bbuchovecky/pml-v2.2/V2.2c/monthly/Es/PML-V2.2c_Es_1986.nc" [1]
2026-10-05 06:17:58 URL: ftp://ftp2.tpdc.ac.cn:6201/PML/V2.2c/monthly/Es/PML-V2.2c_Es_1987.nc [24808808] -> "/glade/derecho/scratch/bbuchovecky/pml-v2.2/V2.2c/monthly/Es/PML-V2.2c_Es_1987.nc" [1]
2026-10-05 06:18:14 URL: ftp://ftp3.tpdc.ac.cn:6201/PML/V2.2c/monthly/Es/PML-V2.2c_Es_1988.nc [24849321] -> "/glade/derecho/scratch/bbuchovecky/pml-v2.2/V2.2c/monthly/Es/PML-V2.2c_Es_1988.nc" [1]
2026-10-05 06:22:43 URL: ftp://ftp3.tpdc.ac.cn:6201/PML/V2.2c/monthly/Es/PML-V2.2c_Es_1990.nc [24894535] -> "/glade/derecho/scratch/bbuchovecky/pml-v2.2/V2.2c/monthly/Es/PML-V2.2c_Es_1990.nc" [1]
2026-10-05 06:24:31 URL: ftp://ftp2.tpdc.ac.cn:6201/PML/V2.2c/monthly/Es/PML-V2.2c_Es_1989.nc [25044640] -> "/glade/derecho/scratch/bbuchovecky/pml-v2.2/V2.2c/monthly/Es/PML-V2.2c_Es_1989.nc" [1]
2026-10-05 06:29:37 URL: ftp://ftp2.tpdc.ac.cn:6201/PML/V2.2c/monthly/Es/PML-V2.2c_Es_1991.nc [24888010] -> "/glade/derecho/scratch/bbuchovecky/pml-v2.2/V2.2c/monthly/Es/PML-V2.2c_Es_1991.nc" [1]
2026-10-05 06:30:47 URL: ftp://ftp2.tpdc.ac.cn:6201/PML/V2.2c/monthly/Es/PML-V2.2c_Es_1993.nc [25052536] -> "/glade/derecho/scratch/bbuchovecky/pml-v2.2/V2.2c/monthly/Es/PML-V2.2c_Es_1993.nc" [1]
2026-10-05 06:31:23 URL: ftp://ftp3.tpdc.ac.cn:6201/PML/V2.2c/monthly/Es/PML-V2.2c_Es_1992.nc [24939121] -> "/glade/derecho/scratch/bbuchovecky/pml-v2.2/V2.2c/monthly/Es/PML-V2.2c_Es_1992.nc" [1]
2026-10-05 06:32:27 URL: ftp://ftp3.tpdc.ac.cn:6201/PML/V2.2c/monthly/Es/PML-V2.2c_Es_1994.nc [24762017] -> "/glade/derecho/scratch/bbuchovecky/pml-v2.2/V2.2c/monthly/Es/PML-V2.2c_Es_1994.nc" [1]
2026-10-05 06:34:04 URL: ftp://ftp3.tpdc.ac.cn:6201/PML/V2.2c/monthly/Es/PML-V2.2c_Es_1996.nc [24704858] -> "/glade/derecho/scratch/bbuchovecky/pml-v2.2/V2.2c/monthly/Es/PML-V2.2c_Es_1996.nc" [1]
2026-10-05 06:34:16 URL: ftp://ftp2.tpdc.ac.cn:6201/PML/V2.2c/monthly/Es/PML-V2.2c_Es_1995.nc [24926596] -> "/glade/derecho/scratch/bbuchovecky/pml-v2.2/V2.2c/monthly/Es/PML-V2.2c_Es_1995.nc" [1]
2026-10-05 06:39:37 URL: ftp://ftp2.tpdc.ac.cn:6201/PML/V2.2c/monthly/Es/PML-V2.2c_Es_1997.nc [25075364] -> "/glade/derecho/scratch/bbuchovecky/pml-v2.2/V2.2c/monthly/Es/PML-V2.2c_Es_1997.nc" [1]
2026-10-05 06:40:42 URL: ftp://ftp3.tpdc.ac.cn:6201/PML/V2.2c/monthly/Es/PML-V2.2c_Es_1998.nc [24808749] -> "/glade/derecho/scratch/bbuchovecky/pml-v2.2/V2.2c/monthly/Es/PML-V2.2c_Es_1998.nc" [1]
2026-10-05 06:45:11 URL: ftp://ftp2.tpdc.ac.cn:6201/PML/V2.2c/monthly/Es/PML-V2.2c_Es_1999.nc [24466026] -> "/glade/derecho/scratch/bbuchovecky/pml-v2.2/V2.2c/monthly/Es/PML-V2.2c_Es_1999.nc" [1]
2026-10-05 06:45:39 URL: ftp://ftp3.tpdc.ac.cn:6201/PML/V2.2c/monthly/Es/PML-V2.2c_Es_2000.nc [24032868] -> "/glade/derecho/scratch/bbuchovecky/pml-v2.2/V2.2c/monthly/Es/PML-V2.2c_Es_2000.nc" [1]
2026-10-05 06:46:29 URL: ftp://ftp2.tpdc.ac.cn:6201/PML/V2.2c/monthly/Es/PML-V2.2c_Es_2001.nc [23865077] -> "/glade/derecho/scratch/bbuchovecky/pml-v2.2/V2.2c/monthly/Es/PML-V2.2c_Es_2001.nc" [1]
2026-10-05 06:47:31 URL: ftp://ftp3.tpdc.ac.cn:6201/PML/V2.2c/monthly/Es/PML-V2.2c_Es_2002.nc [23994331] -> "/glade/derecho/scratch/bbuchovecky/pml-v2.2/V2.2c/monthly/Es/PML-V2.2c_Es_2002.nc" [1]
2026-10-05 06:50:23 URL: ftp://ftp2.tpdc.ac.cn:6201/PML/V2.2c/monthly/Es/PML-V2.2c_Es_2003.nc [24152610] -> "/glade/derecho/scratch/bbuchovecky/pml-v2.2/V2.2c/monthly/Es/PML-V2.2c_Es_2003.nc" [1]
2026-10-05 06:50:38 URL: ftp://ftp3.tpdc.ac.cn:6201/PML/V2.2c/monthly/Es/PML-V2.2c_Es_2004.nc [23946317] -> "/glade/derecho/scratch/bbuchovecky/pml-v2.2/V2.2c/monthly/Es/PML-V2.2c_Es_2004.nc" [1]
2026-10-05 06:55:33 URL: ftp://ftp2.tpdc.ac.cn:6201/PML/V2.2c/monthly/Es/PML-V2.2c_Es_2005.nc [24090251] -> "/glade/derecho/scratch/bbuchovecky/pml-v2.2/V2.2c/monthly/Es/PML-V2.2c_Es_2005.nc" [1]
2026-10-05 06:56:20 URL: ftp://ftp3.tpdc.ac.cn:6201/PML/V2.2c/monthly/Es/PML-V2.2c_Es_2006.nc [24108789] -> "/glade/derecho/scratch/bbuchovecky/pml-v2.2/V2.2c/monthly/Es/PML-V2.2c_Es_2006.nc" [1]
2026-10-05 07:00:30 URL: ftp://ftp3.tpdc.ac.cn:6201/PML/V2.2c/monthly/Es/PML-V2.2c_Es_2008.nc [23763155] -> "/glade/derecho/scratch/bbuchovecky/pml-v2.2/V2.2c/monthly/Es/PML-V2.2c_Es_2008.nc" [1]
2026-10-05 07:01:17 URL: ftp://ftp2.tpdc.ac.cn:6201/PML/V2.2c/monthly/Es/PML-V2.2c_Es_2007.nc [23792683] -> "/glade/derecho/scratch/bbuchovecky/pml-v2.2/V2.2c/monthly/Es/PML-V2.2c_Es_2007.nc" [1]
2026-10-05 07:02:51 URL: ftp://ftp2.tpdc.ac.cn:6201/PML/V2.2c/monthly/Es/PML-V2.2c_Es_2009.nc [24214473] -> "/glade/derecho/scratch/bbuchovecky/pml-v2.2/V2.2c/monthly/Es/PML-V2.2c_Es_2009.nc" [1]
2026-10-05 07:03:20 URL: ftp://ftp3.tpdc.ac.cn:6201/PML/V2.2c/monthly/Es/PML-V2.2c_Es_2010.nc [24092624] -> "/glade/derecho/scratch/bbuchovecky/pml-v2.2/V2.2c/monthly/Es/PML-V2.2c_Es_2010.nc" [1]
2026-10-05 07:05:44 URL: ftp://ftp3.tpdc.ac.cn:6201/PML/V2.2c/monthly/Es/PML-V2.2c_Es_2012.nc [23953496] -> "/glade/derecho/scratch/bbuchovecky/pml-v2.2/V2.2c/monthly/Es/PML-V2.2c_Es_2012.nc" [1]
2026-10-05 07:06:12 URL: ftp://ftp2.tpdc.ac.cn:6201/PML/V2.2c/monthly/Es/PML-V2.2c_Es_2011.nc [23857714] -> "/glade/derecho/scratch/bbuchovecky/pml-v2.2/V2.2c/monthly/Es/PML-V2.2c_Es_2011.nc" [1]
2026-10-05 07:11:35 URL: ftp://ftp3.tpdc.ac.cn:6201/PML/V2.2c/monthly/Es/PML-V2.2c_Es_2014.nc [24184172] -> "/glade/derecho/scratch/bbuchovecky/pml-v2.2/V2.2c/monthly/Es/PML-V2.2c_Es_2014.nc" [1]
2026-10-05 07:11:52 URL: ftp://ftp2.tpdc.ac.cn:6201/PML/V2.2c/monthly/Es/PML-V2.2c_Es_2013.nc [24014337] -> "/glade/derecho/scratch/bbuchovecky/pml-v2.2/V2.2c/monthly/Es/PML-V2.2c_Es_2013.nc" [1]
2026-10-05 07:17:02 URL: ftp://ftp2.tpdc.ac.cn:6201/PML/V2.2c/monthly/Es/PML-V2.2c_Es_2015.nc [24362964] -> "/glade/derecho/scratch/bbuchovecky/pml-v2.2/V2.2c/monthly/Es/PML-V2.2c_Es_2015.nc" [1]
2026-10-05 07:17:45 URL: ftp://ftp3.tpdc.ac.cn:6201/PML/V2.2c/monthly/Es/PML-V2.2c_Es_2016.nc [24322763] -> "/glade/derecho/scratch/bbuchovecky/pml-v2.2/V2.2c/monthly/Es/PML-V2.2c_Es_2016.nc" [1]
2026-10-05 07:19:03 URL: ftp://ftp3.tpdc.ac.cn:6201/PML/V2.2c/monthly/Es/PML-V2.2c_Es_2018.nc [24213451] -> "/glade/derecho/scratch/bbuchovecky/pml-v2.2/V2.2c/monthly/Es/PML-V2.2c_Es_2018.nc" [1]
2026-10-05 07:19:38 URL: ftp://ftp2.tpdc.ac.cn:6201/PML/V2.2c/monthly/Es/PML-V2.2c_Es_2017.nc [23984991] -> "/glade/derecho/scratch/bbuchovecky/pml-v2.2/V2.2c/monthly/Es/PML-V2.2c_Es_2017.nc" [1]
2026-10-05 07:21:40 URL: ftp://ftp3.tpdc.ac.cn:6201/PML/V2.2c/monthly/Es/PML-V2.2c_Es_2020.nc [23948312] -> "/glade/derecho/scratch/bbuchovecky/pml-v2.2/V2.2c/monthly/Es/PML-V2.2c_Es_2020.nc" [1]
2026-10-05 07:22:13 URL: ftp://ftp2.tpdc.ac.cn:6201/PML/V2.2c/monthly/Es/PML-V2.2c_Es_2019.nc [24015364] -> "/glade/derecho/scratch/bbuchovecky/pml-v2.2/V2.2c/monthly/Es/PML-V2.2c_Es_2019.nc" [1]
2026-10-05 07:27:12 URL: ftp://ftp2.tpdc.ac.cn:6201/PML/V2.2c/monthly/Es/PML-V2.2c_Es_2021.nc [24123793] -> "/glade/derecho/scratch/bbuchovecky/pml-v2.2/V2.2c/monthly/Es/PML-V2.2c_Es_2021.nc" [1]
2026-10-05 07:27:47 URL: ftp://ftp3.tpdc.ac.cn:6201/PML/V2.2c/monthly/Es/PML-V2.2c_Es_2022.nc [24277515] -> "/glade/derecho/scratch/bbuchovecky/pml-v2.2/V2.2c/monthly/Es/PML-V2.2c_Es_2022.nc" [1]
2026-10-05 07:28:37 URL: ftp://ftp3.tpdc.ac.cn:6201/PML/V2.2c/monthly/Ei/PML-V2.2c_Ei_1982.nc [15898419] -> "/glade/derecho/scratch/bbuchovecky/pml-v2.2/V2.2c/monthly/Ei/PML-V2.2c_Ei_1982.nc" [1]
2026-10-05 07:31:41 URL: ftp://ftp2.tpdc.ac.cn:6201/PML/V2.2c/monthly/Ei/PML-V2.2c_Ei_1983.nc [15873140] -> "/glade/derecho/scratch/bbuchovecky/pml-v2.2/V2.2c/monthly/Ei/PML-V2.2c_Ei_1983.nc" [1]
2026-10-05 07:32:04 URL: ftp://ftp2.tpdc.ac.cn:6201/PML/V2.2c/monthly/Es/PML-V2.2c_Es_2023.nc [24269710] -> "/glade/derecho/scratch/bbuchovecky/pml-v2.2/V2.2c/monthly/Es/PML-V2.2c_Es_2023.nc" [1]
2026-10-05 07:32:22 URL: ftp://ftp3.tpdc.ac.cn:6201/PML/V2.2c/monthly/Ei/PML-V2.2c_Ei_1984.nc [15757218] -> "/glade/derecho/scratch/bbuchovecky/pml-v2.2/V2.2c/monthly/Ei/PML-V2.2c_Ei_1984.nc" [1]
2026-10-05 07:33:56 URL: ftp://ftp3.tpdc.ac.cn:6201/PML/V2.2c/monthly/Es/PML-V2.2c_Es_2024.nc [24312586] -> "/glade/derecho/scratch/bbuchovecky/pml-v2.2/V2.2c/monthly/Es/PML-V2.2c_Es_2024.nc" [1]
2026-10-05 07:34:18 URL: ftp://ftp2.tpdc.ac.cn:6201/PML/V2.2c/monthly/Es/PML-V2.2c_Es_2025.nc [24244326] -> "/glade/derecho/scratch/bbuchovecky/pml-v2.2/V2.2c/monthly/Es/PML-V2.2c_Es_2025.nc" [1]
2026-10-05 07:37:24 URL: ftp://ftp2.tpdc.ac.cn:6201/PML/V2.2c/monthly/Ei/PML-V2.2c_Ei_1985.nc [15830670] -> "/glade/derecho/scratch/bbuchovecky/pml-v2.2/V2.2c/monthly/Ei/PML-V2.2c_Ei_1985.nc" [1]
2026-10-05 07:37:57 URL: ftp://ftp3.tpdc.ac.cn:6201/PML/V2.2c/monthly/Ei/PML-V2.2c_Ei_1986.nc [15798345] -> "/glade/derecho/scratch/bbuchovecky/pml-v2.2/V2.2c/monthly/Ei/PML-V2.2c_Ei_1986.nc" [1]
2026-10-05 07:38:41 URL: ftp://ftp2.tpdc.ac.cn:6201/PML/V2.2c/monthly/Ei/PML-V2.2c_Ei_1987.nc [15782917] -> "/glade/derecho/scratch/bbuchovecky/pml-v2.2/V2.2c/monthly/Ei/PML-V2.2c_Ei_1987.nc" [1]
2026-10-05 07:41:35 URL: ftp://ftp3.tpdc.ac.cn:6201/PML/V2.2c/monthly/Ei/PML-V2.2c_Ei_1988.nc [15796120] -> "/glade/derecho/scratch/bbuchovecky/pml-v2.2/V2.2c/monthly/Ei/PML-V2.2c_Ei_1988.nc" [1]
2026-10-05 07:41:54 URL: ftp://ftp3.tpdc.ac.cn:6201/PML/V2.2c/monthly/Ei/PML-V2.2c_Ei_1990.nc [15993750] -> "/glade/derecho/scratch/bbuchovecky/pml-v2.2/V2.2c/monthly/Ei/PML-V2.2c_Ei_1990.nc" [1]
2026-10-05 07:42:08 URL: ftp://ftp2.tpdc.ac.cn:6201/PML/V2.2c/monthly/Ei/PML-V2.2c_Ei_1989.nc [15950834] -> "/glade/derecho/scratch/bbuchovecky/pml-v2.2/V2.2c/monthly/Ei/PML-V2.2c_Ei_1989.nc" [1]
2026-10-05 07:43:52 URL: ftp://ftp2.tpdc.ac.cn:6201/PML/V2.2c/monthly/Ei/PML-V2.2c_Ei_1991.nc [15764488] -> "/glade/derecho/scratch/bbuchovecky/pml-v2.2/V2.2c/monthly/Ei/PML-V2.2c_Ei_1991.nc" [1]
2026-10-05 07:44:20 URL: ftp://ftp3.tpdc.ac.cn:6201/PML/V2.2c/monthly/Ei/PML-V2.2c_Ei_1992.nc [15874397] -> "/glade/derecho/scratch/bbuchovecky/pml-v2.2/V2.2c/monthly/Ei/PML-V2.2c_Ei_1992.nc" [1]
2026-10-05 07:46:43 URL: ftp://ftp2.tpdc.ac.cn:6201/PML/V2.2c/monthly/Ei/PML-V2.2c_Ei_1993.nc [15886232] -> "/glade/derecho/scratch/bbuchovecky/pml-v2.2/V2.2c/monthly/Ei/PML-V2.2c_Ei_1993.nc" [1]
2026-10-05 07:48:01 URL: ftp://ftp3.tpdc.ac.cn:6201/PML/V2.2c/monthly/Ei/PML-V2.2c_Ei_1994.nc [15887413] -> "/glade/derecho/scratch/bbuchovecky/pml-v2.2/V2.2c/monthly/Ei/PML-V2.2c_Ei_1994.nc" [1]
2026-10-05 07:48:12 URL: ftp://ftp2.tpdc.ac.cn:6201/PML/V2.2c/monthly/Ei/PML-V2.2c_Ei_1995.nc [15867703] -> "/glade/derecho/scratch/bbuchovecky/pml-v2.2/V2.2c/monthly/Ei/PML-V2.2c_Ei_1995.nc" [1]
2026-10-05 07:51:37 URL: ftp://ftp3.tpdc.ac.cn:6201/PML/V2.2c/monthly/Ei/PML-V2.2c_Ei_1996.nc [15807166] -> "/glade/derecho/scratch/bbuchovecky/pml-v2.2/V2.2c/monthly/Ei/PML-V2.2c_Ei_1996.nc" [1]
2026-10-05 07:51:42 URL: ftp://ftp3.tpdc.ac.cn:6201/PML/V2.2c/monthly/Ei/PML-V2.2c_Ei_1998.nc [15915980] -> "/glade/derecho/scratch/bbuchovecky/pml-v2.2/V2.2c/monthly/Ei/PML-V2.2c_Ei_1998.nc" [1]
2026-10-05 07:52:18 URL: ftp://ftp2.tpdc.ac.cn:6201/PML/V2.2c/monthly/Ei/PML-V2.2c_Ei_1997.nc [16016578] -> "/glade/derecho/scratch/bbuchovecky/pml-v2.2/V2.2c/monthly/Ei/PML-V2.2c_Ei_1997.nc" [1]
2026-10-05 07:53:34 URL: ftp://ftp2.tpdc.ac.cn:6201/PML/V2.2c/monthly/Ei/PML-V2.2c_Ei_1999.nc [15883141] -> "/glade/derecho/scratch/bbuchovecky/pml-v2.2/V2.2c/monthly/Ei/PML-V2.2c_Ei_1999.nc" [1]
2026-10-05 07:54:31 URL: ftp://ftp3.tpdc.ac.cn:6201/PML/V2.2c/monthly/Ei/PML-V2.2c_Ei_2000.nc [15516687] -> "/glade/derecho/scratch/bbuchovecky/pml-v2.2/V2.2c/monthly/Ei/PML-V2.2c_Ei_2000.nc" [1]
2026-10-05 07:56:35 URL: ftp://ftp2.tpdc.ac.cn:6201/PML/V2.2c/monthly/Ei/PML-V2.2c_Ei_2001.nc [15405727] -> "/glade/derecho/scratch/bbuchovecky/pml-v2.2/V2.2c/monthly/Ei/PML-V2.2c_Ei_2001.nc" [1]
2026-10-05 07:57:23 URL: ftp://ftp3.tpdc.ac.cn:6201/PML/V2.2c/monthly/Ei/PML-V2.2c_Ei_2002.nc [15301276] -> "/glade/derecho/scratch/bbuchovecky/pml-v2.2/V2.2c/monthly/Ei/PML-V2.2c_Ei_2002.nc" [1]
2026-10-05 07:58:41 URL: ftp://ftp2.tpdc.ac.cn:6201/PML/V2.2c/monthly/Ei/PML-V2.2c_Ei_2003.nc [15296847] -> "/glade/derecho/scratch/bbuchovecky/pml-v2.2/V2.2c/monthly/Ei/PML-V2.2c_Ei_2003.nc" [1]
2026-10-05 08:01:37 URL: ftp://ftp3.tpdc.ac.cn:6201/PML/V2.2c/monthly/Ei/PML-V2.2c_Ei_2004.nc [15379859] -> "/glade/derecho/scratch/bbuchovecky/pml-v2.2/V2.2c/monthly/Ei/PML-V2.2c_Ei_2004.nc" [1]
2026-10-05 08:01:40 URL: ftp://ftp2.tpdc.ac.cn:6201/PML/V2.2c/monthly/Ei/PML-V2.2c_Ei_2005.nc [15323200] -> "/glade/derecho/scratch/bbuchovecky/pml-v2.2/V2.2c/monthly/Ei/PML-V2.2c_Ei_2005.nc" [1]
2026-10-05 08:02:07 URL: ftp://ftp3.tpdc.ac.cn:6201/PML/V2.2c/monthly/Ei/PML-V2.2c_Ei_2006.nc [15378026] -> "/glade/derecho/scratch/bbuchovecky/pml-v2.2/V2.2c/monthly/Ei/PML-V2.2c_Ei_2006.nc" [1]
2026-10-05 08:03:56 URL: ftp://ftp2.tpdc.ac.cn:6201/PML/V2.2c/monthly/Ei/PML-V2.2c_Ei_2007.nc [15379059] -> "/glade/derecho/scratch/bbuchovecky/pml-v2.2/V2.2c/monthly/Ei/PML-V2.2c_Ei_2007.nc" [1]
2026-10-05 08:04:30 URL: ftp://ftp3.tpdc.ac.cn:6201/PML/V2.2c/monthly/Ei/PML-V2.2c_Ei_2008.nc [15251110] -> "/glade/derecho/scratch/bbuchovecky/pml-v2.2/V2.2c/monthly/Ei/PML-V2.2c_Ei_2008.nc" [1]
2026-10-05 08:06:16 URL: ftp://ftp2.tpdc.ac.cn:6201/PML/V2.2c/monthly/Ei/PML-V2.2c_Ei_2009.nc [15435915] -> "/glade/derecho/scratch/bbuchovecky/pml-v2.2/V2.2c/monthly/Ei/PML-V2.2c_Ei_2009.nc" [1]
2026-10-05 08:07:23 URL: ftp://ftp3.tpdc.ac.cn:6201/PML/V2.2c/monthly/Ei/PML-V2.2c_Ei_2010.nc [15594310] -> "/glade/derecho/scratch/bbuchovecky/pml-v2.2/V2.2c/monthly/Ei/PML-V2.2c_Ei_2010.nc" [1]
2026-10-05 08:09:14 URL: ftp://ftp2.tpdc.ac.cn:6201/PML/V2.2c/monthly/Ei/PML-V2.2c_Ei_2011.nc [15502468] -> "/glade/derecho/scratch/bbuchovecky/pml-v2.2/V2.2c/monthly/Ei/PML-V2.2c_Ei_2011.nc" [1]
2026-10-05 08:11:44 URL: ftp://ftp2.tpdc.ac.cn:6201/PML/V2.2c/monthly/Ei/PML-V2.2c_Ei_2013.nc [15611833] -> "/glade/derecho/scratch/bbuchovecky/pml-v2.2/V2.2c/monthly/Ei/PML-V2.2c_Ei_2013.nc" [1]
2026-10-05 08:12:08 URL: ftp://ftp3.tpdc.ac.cn:6201/PML/V2.2c/monthly/Ei/PML-V2.2c_Ei_2012.nc [15507653] -> "/glade/derecho/scratch/bbuchovecky/pml-v2.2/V2.2c/monthly/Ei/PML-V2.2c_Ei_2012.nc" [1]
2026-10-05 08:12:09 URL: ftp://ftp3.tpdc.ac.cn:6201/PML/V2.2c/monthly/Ei/PML-V2.2c_Ei_2014.nc [15655218] -> "/glade/derecho/scratch/bbuchovecky/pml-v2.2/V2.2c/monthly/Ei/PML-V2.2c_Ei_2014.nc" [1]
2026-10-05 08:13:49 URL: ftp://ftp2.tpdc.ac.cn:6201/PML/V2.2c/monthly/Ei/PML-V2.2c_Ei_2015.nc [15805533] -> "/glade/derecho/scratch/bbuchovecky/pml-v2.2/V2.2c/monthly/Ei/PML-V2.2c_Ei_2015.nc" [1]
2026-10-05 08:14:47 URL: ftp://ftp3.tpdc.ac.cn:6201/PML/V2.2c/monthly/Ei/PML-V2.2c_Ei_2016.nc [15836894] -> "/glade/derecho/scratch/bbuchovecky/pml-v2.2/V2.2c/monthly/Ei/PML-V2.2c_Ei_2016.nc" [1]
2026-10-05 08:16:51 URL: ftp://ftp2.tpdc.ac.cn:6201/PML/V2.2c/monthly/Ei/PML-V2.2c_Ei_2017.nc [15652339] -> "/glade/derecho/scratch/bbuchovecky/pml-v2.2/V2.2c/monthly/Ei/PML-V2.2c_Ei_2017.nc" [1]
2026-10-05 08:17:30 URL: ftp://ftp3.tpdc.ac.cn:6201/PML/V2.2c/monthly/Ei/PML-V2.2c_Ei_2018.nc [15635468] -> "/glade/derecho/scratch/bbuchovecky/pml-v2.2/V2.2c/monthly/Ei/PML-V2.2c_Ei_2018.nc" [1]
2026-10-05 08:20:17 URL: ftp://ftp2.tpdc.ac.cn:6201/PML/V2.2c/monthly/Ei/PML-V2.2c_Ei_2019.nc [15566171] -> "/glade/derecho/scratch/bbuchovecky/pml-v2.2/V2.2c/monthly/Ei/PML-V2.2c_Ei_2019.nc" [1]
2026-10-05 08:21:29 URL: ftp://ftp3.tpdc.ac.cn:6201/PML/V2.2c/monthly/Ei/PML-V2.2c_Ei_2020.nc [15618681] -> "/glade/derecho/scratch/bbuchovecky/pml-v2.2/V2.2c/monthly/Ei/PML-V2.2c_Ei_2020.nc" [1]
2026-10-05 08:22:21 URL: ftp://ftp3.tpdc.ac.cn:6201/PML/V2.2c/monthly/Ei/PML-V2.2c_Ei_2022.nc [15680928] -> "/glade/derecho/scratch/bbuchovecky/pml-v2.2/V2.2c/monthly/Ei/PML-V2.2c_Ei_2022.nc" [1]
2026-10-05 08:23:11 URL: ftp://ftp2.tpdc.ac.cn:6201/PML/V2.2c/monthly/Ei/PML-V2.2c_Ei_2021.nc [15797568] -> "/glade/derecho/scratch/bbuchovecky/pml-v2.2/V2.2c/monthly/Ei/PML-V2.2c_Ei_2021.nc" [1]
2026-10-05 08:24:46 URL: ftp://ftp2.tpdc.ac.cn:6201/PML/V2.2c/monthly/Ei/PML-V2.2c_Ei_2023.nc [15732245] -> "/glade/derecho/scratch/bbuchovecky/pml-v2.2/V2.2c/monthly/Ei/PML-V2.2c_Ei_2023.nc" [1]
2026-10-05 08:25:02 URL: ftp://ftp3.tpdc.ac.cn:6201/PML/V2.2c/monthly/Ei/PML-V2.2c_Ei_2024.nc [15697520] -> "/glade/derecho/scratch/bbuchovecky/pml-v2.2/V2.2c/monthly/Ei/PML-V2.2c_Ei_2024.nc" [1]
2026-10-05 08:27:32 URL: ftp://ftp2.tpdc.ac.cn:6201/PML/V2.2c/monthly/Ei/PML-V2.2c_Ei_2025.nc [15924987] -> "/glade/derecho/scratch/bbuchovecky/pml-v2.2/V2.2c/monthly/Ei/PML-V2.2c_Ei_2025.nc" [1]
2026-10-05 08:37:18 URL: ftp://ftp3.tpdc.ac.cn:6201/PML/V2.2c/monthly/E/PML-V2.2c_E_1982.nc [30431290] -> "/glade/derecho/scratch/bbuchovecky/pml-v2.2/V2.2c/monthly/E/PML-V2.2c_E_1982.nc" [1]
2026-10-05 08:40:16 URL: ftp://ftp2.tpdc.ac.cn:6201/PML/V2.2c/monthly/E/PML-V2.2c_E_1983.nc [30283812] -> "/glade/derecho/scratch/bbuchovecky/pml-v2.2/V2.2c/monthly/E/PML-V2.2c_E_1983.nc" [1]
2026-10-05 08:41:32 URL: ftp://ftp3.tpdc.ac.cn:6201/PML/V2.2c/monthly/E/PML-V2.2c_E_1984.nc [30004904] -> "/glade/derecho/scratch/bbuchovecky/pml-v2.2/V2.2c/monthly/E/PML-V2.2c_E_1984.nc" [1]
2026-10-05 08:42:14 URL: ftp://ftp2.tpdc.ac.cn:6201/PML/V2.2c/monthly/E/PML-V2.2c_E_1985.nc [30327439] -> "/glade/derecho/scratch/bbuchovecky/pml-v2.2/V2.2c/monthly/E/PML-V2.2c_E_1985.nc" [1]
2026-10-05 08:42:49 URL: ftp://ftp3.tpdc.ac.cn:6201/PML/V2.2c/monthly/E/PML-V2.2c_E_1986.nc [30310019] -> "/glade/derecho/scratch/bbuchovecky/pml-v2.2/V2.2c/monthly/E/PML-V2.2c_E_1986.nc" [1]
2026-10-05 08:44:57 URL: ftp://ftp3.tpdc.ac.cn:6201/PML/V2.2c/monthly/E/PML-V2.2c_E_1988.nc [30483481] -> "/glade/derecho/scratch/bbuchovecky/pml-v2.2/V2.2c/monthly/E/PML-V2.2c_E_1988.nc" [1]
2026-10-05 08:45:27 URL: ftp://ftp2.tpdc.ac.cn:6201/PML/V2.2c/monthly/E/PML-V2.2c_E_1987.nc [30361442] -> "/glade/derecho/scratch/bbuchovecky/pml-v2.2/V2.2c/monthly/E/PML-V2.2c_E_1987.nc" [1]
2026-10-05 08:49:23 URL: ftp://ftp2.tpdc.ac.cn:6201/PML/V2.2c/monthly/E/PML-V2.2c_E_1989.nc [30535660] -> "/glade/derecho/scratch/bbuchovecky/pml-v2.2/V2.2c/monthly/E/PML-V2.2c_E_1989.nc" [1]
2026-10-05 08:57:10 URL: ftp://ftp3.tpdc.ac.cn:6201/PML/V2.2c/monthly/E/PML-V2.2c_E_1990.nc [30333216] -> "/glade/derecho/scratch/bbuchovecky/pml-v2.2/V2.2c/monthly/E/PML-V2.2c_E_1990.nc" [1]
2026-10-05 08:59:57 URL: ftp://ftp2.tpdc.ac.cn:6201/PML/V2.2c/monthly/E/PML-V2.2c_E_1991.nc [30454953] -> "/glade/derecho/scratch/bbuchovecky/pml-v2.2/V2.2c/monthly/E/PML-V2.2c_E_1991.nc" [1]
2026-10-05 09:01:27 URL: ftp://ftp2.tpdc.ac.cn:6201/PML/V2.2c/monthly/E/PML-V2.2c_E_1993.nc [30416886] -> "/glade/derecho/scratch/bbuchovecky/pml-v2.2/V2.2c/monthly/E/PML-V2.2c_E_1993.nc" [1]
2026-10-05 09:02:07 URL: ftp://ftp3.tpdc.ac.cn:6201/PML/V2.2c/monthly/E/PML-V2.2c_E_1992.nc [30388851] -> "/glade/derecho/scratch/bbuchovecky/pml-v2.2/V2.2c/monthly/E/PML-V2.2c_E_1992.nc" [1]
2026-10-05 09:02:32 URL: ftp://ftp3.tpdc.ac.cn:6201/PML/V2.2c/monthly/E/PML-V2.2c_E_1994.nc [30495179] -> "/glade/derecho/scratch/bbuchovecky/pml-v2.2/V2.2c/monthly/E/PML-V2.2c_E_1994.nc" [1]
2026-10-05 09:03:25 URL: ftp://ftp3.tpdc.ac.cn:6201/PML/V2.2c/monthly/E/PML-V2.2c_E_1996.nc [30326937] -> "/glade/derecho/scratch/bbuchovecky/pml-v2.2/V2.2c/monthly/E/PML-V2.2c_E_1996.nc" [1]
2026-10-05 09:04:41 URL: ftp://ftp2.tpdc.ac.cn:6201/PML/V2.2c/monthly/E/PML-V2.2c_E_1995.nc [30587269] -> "/glade/derecho/scratch/bbuchovecky/pml-v2.2/V2.2c/monthly/E/PML-V2.2c_E_1995.nc" [1]
2026-10-05 09:10:08 URL: ftp://ftp2.tpdc.ac.cn:6201/PML/V2.2c/monthly/E/PML-V2.2c_E_1997.nc [30576765] -> "/glade/derecho/scratch/bbuchovecky/pml-v2.2/V2.2c/monthly/E/PML-V2.2c_E_1997.nc" [1]
2026-10-05 09:17:30 URL: ftp://ftp3.tpdc.ac.cn:6201/PML/V2.2c/monthly/E/PML-V2.2c_E_1998.nc [30482857] -> "/glade/derecho/scratch/bbuchovecky/pml-v2.2/V2.2c/monthly/E/PML-V2.2c_E_1998.nc" [1]
2026-10-05 09:19:44 URL: ftp://ftp3.tpdc.ac.cn:6201/PML/V2.2c/monthly/E/PML-V2.2c_E_2000.nc [29566489] -> "/glade/derecho/scratch/bbuchovecky/pml-v2.2/V2.2c/monthly/E/PML-V2.2c_E_2000.nc" [1]
2026-10-05 09:20:10 URL: ftp://ftp2.tpdc.ac.cn:6201/PML/V2.2c/monthly/E/PML-V2.2c_E_1999.nc [30203578] -> "/glade/derecho/scratch/bbuchovecky/pml-v2.2/V2.2c/monthly/E/PML-V2.2c_E_1999.nc" [1]
2026-10-05 09:20:16 URL: ftp://ftp2.tpdc.ac.cn:6201/PML/V2.2c/monthly/E/PML-V2.2c_E_2001.nc [29382727] -> "/glade/derecho/scratch/bbuchovecky/pml-v2.2/V2.2c/monthly/E/PML-V2.2c_E_2001.nc" [1]
2026-10-05 09:20:18 URL: ftp://ftp3.tpdc.ac.cn:6201/PML/V2.2c/monthly/E/PML-V2.2c_E_2002.nc [29622545] -> "/glade/derecho/scratch/bbuchovecky/pml-v2.2/V2.2c/monthly/E/PML-V2.2c_E_2002.nc" [1]
2026-10-05 09:22:24 URL: ftp://ftp3.tpdc.ac.cn:6201/PML/V2.2c/monthly/E/PML-V2.2c_E_2004.nc [29494501] -> "/glade/derecho/scratch/bbuchovecky/pml-v2.2/V2.2c/monthly/E/PML-V2.2c_E_2004.nc" [1]
2026-10-05 09:22:47 URL: ftp://ftp2.tpdc.ac.cn:6201/PML/V2.2c/monthly/E/PML-V2.2c_E_2003.nc [29690581] -> "/glade/derecho/scratch/bbuchovecky/pml-v2.2/V2.2c/monthly/E/PML-V2.2c_E_2003.nc" [1]
2026-10-05 09:28:32 URL: ftp://ftp2.tpdc.ac.cn:6201/PML/V2.2c/monthly/E/PML-V2.2c_E_2005.nc [29743361] -> "/glade/derecho/scratch/bbuchovecky/pml-v2.2/V2.2c/monthly/E/PML-V2.2c_E_2005.nc" [1]
2026-10-05 09:36:22 URL: ftp://ftp3.tpdc.ac.cn:6201/PML/V2.2c/monthly/E/PML-V2.2c_E_2006.nc [29702851] -> "/glade/derecho/scratch/bbuchovecky/pml-v2.2/V2.2c/monthly/E/PML-V2.2c_E_2006.nc" [1]
2026-10-05 09:38:14 URL: ftp://ftp3.tpdc.ac.cn:6201/PML/V2.2c/monthly/E/PML-V2.2c_E_2008.nc [29435558] -> "/glade/derecho/scratch/bbuchovecky/pml-v2.2/V2.2c/monthly/E/PML-V2.2c_E_2008.nc" [1]
2026-10-05 09:38:35 URL: ftp://ftp2.tpdc.ac.cn:6201/PML/V2.2c/monthly/E/PML-V2.2c_E_2007.nc [29527123] -> "/glade/derecho/scratch/bbuchovecky/pml-v2.2/V2.2c/monthly/E/PML-V2.2c_E_2007.nc" [1]
2026-10-05 09:39:10 URL: ftp://ftp3.tpdc.ac.cn:6201/PML/V2.2c/monthly/E/PML-V2.2c_E_2010.nc [29630904] -> "/glade/derecho/scratch/bbuchovecky/pml-v2.2/V2.2c/monthly/E/PML-V2.2c_E_2010.nc" [1]
2026-10-05 09:39:27 URL: ftp://ftp2.tpdc.ac.cn:6201/PML/V2.2c/monthly/E/PML-V2.2c_E_2009.nc [29691807] -> "/glade/derecho/scratch/bbuchovecky/pml-v2.2/V2.2c/monthly/E/PML-V2.2c_E_2009.nc" [1]
2026-10-05 09:40:40 URL: ftp://ftp2.tpdc.ac.cn:6201/PML/V2.2c/monthly/E/PML-V2.2c_E_2011.nc [29582438] -> "/glade/derecho/scratch/bbuchovecky/pml-v2.2/V2.2c/monthly/E/PML-V2.2c_E_2011.nc" [1]
2026-10-05 09:41:21 URL: ftp://ftp3.tpdc.ac.cn:6201/PML/V2.2c/monthly/E/PML-V2.2c_E_2012.nc [29648903] -> "/glade/derecho/scratch/bbuchovecky/pml-v2.2/V2.2c/monthly/E/PML-V2.2c_E_2012.nc" [1]
2026-10-05 09:53:38 (13.7 KB/s) - Data transfer aborted.
Error in server response, closing control connection.
2026-10-05 09:53:44 (15.4 KB/s) - Data transfer aborted.
Error in server response, closing control connection.
2026-10-05 09:57:05 (12.6 KB/s) - Data transfer aborted.
Error in server response, closing control connection.
2026-10-05 09:57:59 (13.8 KB/s) - Data transfer aborted.
Error in server response, closing control connection.
2026-10-05 10:01:24 URL: ftp://ftp3.tpdc.ac.cn:6201/PML/V2.2c/monthly/E/PML-V2.2c_E_2018.nc [29805910] -> "/glade/derecho/scratch/bbuchovecky/pml-v2.2/V2.2c/monthly/E/PML-V2.2c_E_2018.nc" [3]
2026-10-05 10:02:14 URL: ftp://ftp3.tpdc.ac.cn:6201/PML/V2.2c/monthly/E/PML-V2.2c_E_2020.nc [29796050] -> "/glade/derecho/scratch/bbuchovecky/pml-v2.2/V2.2c/monthly/E/PML-V2.2c_E_2020.nc" [3]
2026-10-05 10:02:25 URL: ftp://ftp3.tpdc.ac.cn:6201/PML/V2.2c/monthly/E/PML-V2.2c_E_2014.nc [29614066] -> "/glade/derecho/scratch/bbuchovecky/pml-v2.2/V2.2c/monthly/E/PML-V2.2c_E_2014.nc" [3]
Error in server response. Closing.
Error in server response. Closing.
Error in server response. Closing.
Error in server response. Closing.
Error in server response. Closing.
WARNING: V2.2c/monthly/E/PML-V2.2c_E_2023.nc failed on ftp2.tpdc.ac.cn
2026-10-05 10:04:03 URL: ftp://ftp3.tpdc.ac.cn:6201/PML/V2.2c/monthly/E/PML-V2.2c_E_2016.nc [29835221] -> "/glade/derecho/scratch/bbuchovecky/pml-v2.2/V2.2c/monthly/E/PML-V2.2c_E_2016.nc" [3]
2026-10-05 10:08:07 URL: ftp://ftp2.tpdc.ac.cn:6201/PML/V2.2c/monthly/E/PML-V2.2c_E_2013.nc [29555323] -> "/glade/derecho/scratch/bbuchovecky/pml-v2.2/V2.2c/monthly/E/PML-V2.2c_E_2013.nc" [1]
2026-10-05 10:16:21 URL: ftp://ftp3.tpdc.ac.cn:6201/PML/V2.2c/monthly/E/PML-V2.2c_E_2022.nc [29790784] -> "/glade/derecho/scratch/bbuchovecky/pml-v2.2/V2.2c/monthly/E/PML-V2.2c_E_2022.nc" [1]
2026-10-05 10:16:45 URL: ftp://ftp2.tpdc.ac.cn:6201/PML/V2.2c/monthly/E/PML-V2.2c_E_2021.nc [29768046] -> "/glade/derecho/scratch/bbuchovecky/pml-v2.2/V2.2c/monthly/E/PML-V2.2c_E_2021.nc" [1]
2026-10-05 10:17:37 URL: ftp://ftp3.tpdc.ac.cn:6201/PML/V2.2c/monthly/E/PML-V2.2c_E_2023.nc [29981123] -> "/glade/derecho/scratch/bbuchovecky/pml-v2.2/V2.2c/monthly/E/PML-V2.2c_E_2023.nc" [1]
2026-10-05 10:17:44 URL: ftp://ftp3.tpdc.ac.cn:6201/PML/V2.2c/monthly/E/PML-V2.2c_E_2024.nc [30037796] -> "/glade/derecho/scratch/bbuchovecky/pml-v2.2/V2.2c/monthly/E/PML-V2.2c_E_2024.nc" [1]
Error in server response. Closing.
Error in server response. Closing.
Error in server response. Closing.
Error in server response. Closing.
Error in server response. Closing.
WARNING: V2.2c/monthly/Ew/PML-V2.2c_Ew_1985.nc failed on ftp2.tpdc.ac.cn
2026-10-05 10:20:08 URL: ftp://ftp3.tpdc.ac.cn:6201/PML/V2.2c/monthly/Ew/PML-V2.2c_Ew_1982.nc [6941021] -> "/glade/derecho/scratch/bbuchovecky/pml-v2.2/V2.2c/monthly/Ew/PML-V2.2c_Ew_1982.nc" [1]
2026-10-05 10:20:31 URL: ftp://ftp2.tpdc.ac.cn:6201/PML/V2.2c/monthly/Ew/PML-V2.2c_Ew_1983.nc [6931967] -> "/glade/derecho/scratch/bbuchovecky/pml-v2.2/V2.2c/monthly/Ew/PML-V2.2c_Ew_1983.nc" [1]
2026-10-05 10:21:06 URL: ftp://ftp3.tpdc.ac.cn:6201/PML/V2.2c/monthly/Ew/PML-V2.2c_Ew_1984.nc [6938363] -> "/glade/derecho/scratch/bbuchovecky/pml-v2.2/V2.2c/monthly/Ew/PML-V2.2c_Ew_1984.nc" [1]
2026-10-05 10:22:24 URL: ftp://ftp3.tpdc.ac.cn:6201/PML/V2.2c/monthly/Ew/PML-V2.2c_Ew_1985.nc [7009822] -> "/glade/derecho/scratch/bbuchovecky/pml-v2.2/V2.2c/monthly/Ew/PML-V2.2c_Ew_1985.nc" [1]
Error in server response. Closing.
Error in server response. Closing.
Error in server response. Closing.
Error in server response. Closing.
Error in server response. Closing.
WARNING: V2.2c/monthly/Ew/PML-V2.2c_Ew_1989.nc failed on ftp2.tpdc.ac.cn
2026-10-05 10:23:29 URL: ftp://ftp3.tpdc.ac.cn:6201/PML/V2.2c/monthly/Ew/PML-V2.2c_Ew_1986.nc [6947335] -> "/glade/derecho/scratch/bbuchovecky/pml-v2.2/V2.2c/monthly/Ew/PML-V2.2c_Ew_1986.nc" [1]
2026-10-05 10:23:40 URL: ftp://ftp2.tpdc.ac.cn:6201/PML/V2.2c/monthly/E/PML-V2.2c_E_2025.nc [29966759] -> "/glade/derecho/scratch/bbuchovecky/pml-v2.2/V2.2c/monthly/E/PML-V2.2c_E_2025.nc" [1]
2026-10-05 10:24:08 URL: ftp://ftp2.tpdc.ac.cn:6201/PML/V2.2c/monthly/Ew/PML-V2.2c_Ew_1987.nc [6955126] -> "/glade/derecho/scratch/bbuchovecky/pml-v2.2/V2.2c/monthly/Ew/PML-V2.2c_Ew_1987.nc" [1]
2026-10-05 10:24:43 URL: ftp://ftp3.tpdc.ac.cn:6201/PML/V2.2c/monthly/Ew/PML-V2.2c_Ew_1988.nc [7008288] -> "/glade/derecho/scratch/bbuchovecky/pml-v2.2/V2.2c/monthly/Ew/PML-V2.2c_Ew_1988.nc" [1]
2026-10-05 10:26:49 URL: ftp://ftp3.tpdc.ac.cn:6201/PML/V2.2c/monthly/Ew/PML-V2.2c_Ew_1990.nc [6996731] -> "/glade/derecho/scratch/bbuchovecky/pml-v2.2/V2.2c/monthly/Ew/PML-V2.2c_Ew_1990.nc" [1]
2026-10-05 10:26:57 URL: ftp://ftp3.tpdc.ac.cn:6201/PML/V2.2c/monthly/Ew/PML-V2.2c_Ew_1989.nc [6983841] -> "/glade/derecho/scratch/bbuchovecky/pml-v2.2/V2.2c/monthly/Ew/PML-V2.2c_Ew_1989.nc" [1]
Error in server response. Closing.
Error in server response. Closing.
Error in server response. Closing.
Error in server response. Closing.
Error in server response. Closing.
WARNING: V2.2c/monthly/Ew/PML-V2.2c_Ew_1995.nc failed on ftp2.tpdc.ac.cn
2026-10-05 10:27:17 URL: ftp://ftp2.tpdc.ac.cn:6201/PML/V2.2c/monthly/Ew/PML-V2.2c_Ew_1991.nc [6993360] -> "/glade/derecho/scratch/bbuchovecky/pml-v2.2/V2.2c/monthly/Ew/PML-V2.2c_Ew_1991.nc" [1]
2026-10-05 10:27:35 URL: ftp://ftp3.tpdc.ac.cn:6201/PML/V2.2c/monthly/Ew/PML-V2.2c_Ew_1992.nc [6930980] -> "/glade/derecho/scratch/bbuchovecky/pml-v2.2/V2.2c/monthly/Ew/PML-V2.2c_Ew_1992.nc" [1]
2026-10-05 10:28:35 URL: ftp://ftp2.tpdc.ac.cn:6201/PML/V2.2c/monthly/Ew/PML-V2.2c_Ew_1993.nc [6966340] -> "/glade/derecho/scratch/bbuchovecky/pml-v2.2/V2.2c/monthly/Ew/PML-V2.2c_Ew_1993.nc" [1]
2026-10-05 10:30:39 URL: ftp://ftp3.tpdc.ac.cn:6201/PML/V2.2c/monthly/Ew/PML-V2.2c_Ew_1994.nc [7005221] -> "/glade/derecho/scratch/bbuchovecky/pml-v2.2/V2.2c/monthly/Ew/PML-V2.2c_Ew_1994.nc" [1]
Error in server response. Closing.
Error in server response. Closing.
Error in server response. Closing.
Error in server response. Closing.
Error in server response. Closing.
WARNING: V2.2c/monthly/Ew/PML-V2.2c_Ew_1999.nc failed on ftp2.tpdc.ac.cn
2026-10-05 10:31:01 URL: ftp://ftp3.tpdc.ac.cn:6201/PML/V2.2c/monthly/Ew/PML-V2.2c_Ew_1996.nc [7055458] -> "/glade/derecho/scratch/bbuchovecky/pml-v2.2/V2.2c/monthly/Ew/PML-V2.2c_Ew_1996.nc" [1]
2026-10-05 10:31:21 URL: ftp://ftp2.tpdc.ac.cn:6201/PML/V2.2c/monthly/Ew/PML-V2.2c_Ew_1997.nc [7026897] -> "/glade/derecho/scratch/bbuchovecky/pml-v2.2/V2.2c/monthly/Ew/PML-V2.2c_Ew_1997.nc" [1]
2026-10-05 10:32:10 URL: ftp://ftp3.tpdc.ac.cn:6201/PML/V2.2c/monthly/Ew/PML-V2.2c_Ew_1995.nc [7065397] -> "/glade/derecho/scratch/bbuchovecky/pml-v2.2/V2.2c/monthly/Ew/PML-V2.2c_Ew_1995.nc" [1]
2026-10-05 10:32:12 URL: ftp://ftp3.tpdc.ac.cn:6201/PML/V2.2c/monthly/Ew/PML-V2.2c_Ew_1998.nc [7050715] -> "/glade/derecho/scratch/bbuchovecky/pml-v2.2/V2.2c/monthly/Ew/PML-V2.2c_Ew_1998.nc" [1]
2026-10-05 10:34:20 URL: ftp://ftp3.tpdc.ac.cn:6201/PML/V2.2c/monthly/Ew/PML-V2.2c_Ew_2000.nc [6996759] -> "/glade/derecho/scratch/bbuchovecky/pml-v2.2/V2.2c/monthly/Ew/PML-V2.2c_Ew_2000.nc" [1]
2026-10-05 10:34:44 URL: ftp://ftp2.tpdc.ac.cn:6201/PML/V2.2c/monthly/Ew/PML-V2.2c_Ew_2001.nc [7001135] -> "/glade/derecho/scratch/bbuchovecky/pml-v2.2/V2.2c/monthly/Ew/PML-V2.2c_Ew_2001.nc" [1]
2026-10-05 10:34:56 URL: ftp://ftp3.tpdc.ac.cn:6201/PML/V2.2c/monthly/Ew/PML-V2.2c_Ew_1999.nc [6988900] -> "/glade/derecho/scratch/bbuchovecky/pml-v2.2/V2.2c/monthly/Ew/PML-V2.2c_Ew_1999.nc" [1]
2026-10-05 10:35:49 URL: ftp://ftp3.tpdc.ac.cn:6201/PML/V2.2c/monthly/Ew/PML-V2.2c_Ew_2002.nc [7000791] -> "/glade/derecho/scratch/bbuchovecky/pml-v2.2/V2.2c/monthly/Ew/PML-V2.2c_Ew_2002.nc" [1]
Error in server response. Closing.
Error in server response. Closing.
Error in server response. Closing.
Error in server response. Closing.
2026-10-05 10:35:58 URL: ftp://ftp2.tpdc.ac.cn:6201/PML/V2.2c/monthly/Ew/PML-V2.2c_Ew_2003.nc [7029941] -> "/glade/derecho/scratch/bbuchovecky/pml-v2.2/V2.2c/monthly/Ew/PML-V2.2c_Ew_2003.nc" [1]
2026-10-05 10:38:06 URL: ftp://ftp3.tpdc.ac.cn:6201/PML/V2.2c/monthly/Ew/PML-V2.2c_Ew_2004.nc [6967260] -> "/glade/derecho/scratch/bbuchovecky/pml-v2.2/V2.2c/monthly/Ew/PML-V2.2c_Ew_2004.nc" [1]
Error in server response. Closing.
Error in server response. Closing.
Error in server response. Closing.
Error in server response. Closing.
2026-10-05 10:38:17 URL: ftp://ftp2.tpdc.ac.cn:6201/PML/V2.2c/monthly/Ew/PML-V2.2c_Ew_2005.nc [7060410] -> "/glade/derecho/scratch/bbuchovecky/pml-v2.2/V2.2c/monthly/Ew/PML-V2.2c_Ew_2005.nc" [1]
2026-10-05 10:38:20 URL: ftp://ftp3.tpdc.ac.cn:6201/PML/V2.2c/monthly/Ew/PML-V2.2c_Ew_2006.nc [7037271] -> "/glade/derecho/scratch/bbuchovecky/pml-v2.2/V2.2c/monthly/Ew/PML-V2.2c_Ew_2006.nc" [1]
Error in server response. Closing.
Error in server response. Closing.
Error in server response. Closing.
Error in server response. Closing.
Error in server response. Closing.
WARNING: V2.2c/monthly/Ew/PML-V2.2c_Ew_2011.nc failed on ftp2.tpdc.ac.cn
2026-10-05 10:39:11 URL: ftp://ftp3.tpdc.ac.cn:6201/PML/V2.2c/monthly/Ew/PML-V2.2c_Ew_2008.nc [6998915] -> "/glade/derecho/scratch/bbuchovecky/pml-v2.2/V2.2c/monthly/Ew/PML-V2.2c_Ew_2008.nc" [1]
2026-10-05 10:39:35 URL: ftp://ftp2.tpdc.ac.cn:6201/PML/V2.2c/monthly/Ew/PML-V2.2c_Ew_2007.nc [7032808] -> "/glade/derecho/scratch/bbuchovecky/pml-v2.2/V2.2c/monthly/Ew/PML-V2.2c_Ew_2007.nc" [5]
2026-10-05 10:41:23 URL: ftp://ftp2.tpdc.ac.cn:6201/PML/V2.2c/monthly/Ew/PML-V2.2c_Ew_2009.nc [6994885] -> "/glade/derecho/scratch/bbuchovecky/pml-v2.2/V2.2c/monthly/Ew/PML-V2.2c_Ew_2009.nc" [5]
2026-10-05 10:41:31 URL: ftp://ftp3.tpdc.ac.cn:6201/PML/V2.2c/monthly/Ew/PML-V2.2c_Ew_2010.nc [7086652] -> "/glade/derecho/scratch/bbuchovecky/pml-v2.2/V2.2c/monthly/Ew/PML-V2.2c_Ew_2010.nc" [1]
2026-10-05 10:42:44 URL: ftp://ftp3.tpdc.ac.cn:6201/PML/V2.2c/monthly/Ew/PML-V2.2c_Ew_2011.nc [7028761] -> "/glade/derecho/scratch/bbuchovecky/pml-v2.2/V2.2c/monthly/Ew/PML-V2.2c_Ew_2011.nc" [1]
2026-10-05 10:42:46 URL: ftp://ftp3.tpdc.ac.cn:6201/PML/V2.2c/monthly/Ew/PML-V2.2c_Ew_2012.nc [7033502] -> "/glade/derecho/scratch/bbuchovecky/pml-v2.2/V2.2c/monthly/Ew/PML-V2.2c_Ew_2012.nc" [1]
Error in server response. Closing.
Error in server response. Closing.
Error in server response. Closing.
Error in server response. Closing.
Error in server response. Closing.
WARNING: V2.2c/monthly/Ew/PML-V2.2c_Ew_2017.nc failed on ftp2.tpdc.ac.cn
2026-10-05 10:43:10 URL: ftp://ftp2.tpdc.ac.cn:6201/PML/V2.2c/monthly/Ew/PML-V2.2c_Ew_2013.nc [6973171] -> "/glade/derecho/scratch/bbuchovecky/pml-v2.2/V2.2c/monthly/Ew/PML-V2.2c_Ew_2013.nc" [1]
2026-10-05 10:44:50 URL: ftp://ftp3.tpdc.ac.cn:6201/PML/V2.2c/monthly/Ew/PML-V2.2c_Ew_2014.nc [7003045] -> "/glade/derecho/scratch/bbuchovecky/pml-v2.2/V2.2c/monthly/Ew/PML-V2.2c_Ew_2014.nc" [1]
Error in server response. Closing.
Error in server response. Closing.
Error in server response. Closing.
Error in server response. Closing.
Error in server response. Closing.
WARNING: V2.2c/monthly/Ew/PML-V2.2c_Ew_2019.nc failed on ftp2.tpdc.ac.cn
2026-10-05 10:45:16 URL: ftp://ftp2.tpdc.ac.cn:6201/PML/V2.2c/monthly/Ew/PML-V2.2c_Ew_2015.nc [6991675] -> "/glade/derecho/scratch/bbuchovecky/pml-v2.2/V2.2c/monthly/Ew/PML-V2.2c_Ew_2015.nc" [1]
2026-10-05 10:46:38 URL: ftp://ftp3.tpdc.ac.cn:6201/PML/V2.2c/monthly/Ew/PML-V2.2c_Ew_2018.nc [6998234] -> "/glade/derecho/scratch/bbuchovecky/pml-v2.2/V2.2c/monthly/Ew/PML-V2.2c_Ew_2018.nc" [1]
2026-10-05 10:46:38 URL: ftp://ftp3.tpdc.ac.cn:6201/PML/V2.2c/monthly/Ew/PML-V2.2c_Ew_2016.nc [7064174] -> "/glade/derecho/scratch/bbuchovecky/pml-v2.2/V2.2c/monthly/Ew/PML-V2.2c_Ew_2016.nc" [1]
2026-10-05 10:47:30 URL: ftp://ftp3.tpdc.ac.cn:6201/PML/V2.2c/monthly/Ew/PML-V2.2c_Ew_2017.nc [7026573] -> "/glade/derecho/scratch/bbuchovecky/pml-v2.2/V2.2c/monthly/Ew/PML-V2.2c_Ew_2017.nc" [1]
Error in server response. Closing.
Error in server response. Closing.
Error in server response. Closing.
Error in server response. Closing.
Error in server response. Closing.
WARNING: V2.2c/monthly/Ew/PML-V2.2c_Ew_2023.nc failed on ftp2.tpdc.ac.cn
2026-10-05 10:48:29 URL: ftp://ftp3.tpdc.ac.cn:6201/PML/V2.2c/monthly/Ew/PML-V2.2c_Ew_2020.nc [7078923] -> "/glade/derecho/scratch/bbuchovecky/pml-v2.2/V2.2c/monthly/Ew/PML-V2.2c_Ew_2020.nc" [1]
2026-10-05 10:49:42 URL: ftp://ftp3.tpdc.ac.cn:6201/PML/V2.2c/monthly/Ew/PML-V2.2c_Ew_2019.nc [7078245] -> "/glade/derecho/scratch/bbuchovecky/pml-v2.2/V2.2c/monthly/Ew/PML-V2.2c_Ew_2019.nc" [1]
2026-10-05 10:50:27 URL: ftp://ftp3.tpdc.ac.cn:6201/PML/V2.2c/monthly/Ew/PML-V2.2c_Ew_2022.nc [7045245] -> "/glade/derecho/scratch/bbuchovecky/pml-v2.2/V2.2c/monthly/Ew/PML-V2.2c_Ew_2022.nc" [1]
2026-10-05 10:50:47 URL: ftp://ftp2.tpdc.ac.cn:6201/PML/V2.2c/monthly/Ew/PML-V2.2c_Ew_2021.nc [7073900] -> "/glade/derecho/scratch/bbuchovecky/pml-v2.2/V2.2c/monthly/Ew/PML-V2.2c_Ew_2021.nc" [1]
2026-10-05 10:51:52 URL: ftp://ftp3.tpdc.ac.cn:6201/PML/V2.2c/monthly/Ew/PML-V2.2c_Ew_2024.nc [7029526] -> "/glade/derecho/scratch/bbuchovecky/pml-v2.2/V2.2c/monthly/Ew/PML-V2.2c_Ew_2024.nc" [1]
2026-10-05 10:52:02 URL: ftp://ftp3.tpdc.ac.cn:6201/PML/V2.2c/monthly/Ew/PML-V2.2c_Ew_2023.nc [7024409] -> "/glade/derecho/scratch/bbuchovecky/pml-v2.2/V2.2c/monthly/Ew/PML-V2.2c_Ew_2023.nc" [1]
Error in server response. Closing.
Error in server response. Closing.
Error in server response. Closing.
Error in server response. Closing.
Error in server response. Closing.
WARNING: V2.2c/monthly/PET/PML-V2.2c_PET_1985.nc failed on ftp2.tpdc.ac.cn
2026-10-05 10:53:18 URL: ftp://ftp2.tpdc.ac.cn:6201/PML/V2.2c/monthly/Ew/PML-V2.2c_Ew_2025.nc [7033250] -> "/glade/derecho/scratch/bbuchovecky/pml-v2.2/V2.2c/monthly/Ew/PML-V2.2c_Ew_2025.nc" [1]
2026-10-05 10:57:01 URL: ftp://ftp2.tpdc.ac.cn:6201/PML/V2.2c/monthly/E/PML-V2.2c_E_2019.nc [29819889] -> "/glade/derecho/scratch/bbuchovecky/pml-v2.2/V2.2c/monthly/E/PML-V2.2c_E_2019.nc" [1]
2026-10-05 11:08:17 URL: ftp://ftp3.tpdc.ac.cn:6201/PML/V2.2c/monthly/PET/PML-V2.2c_PET_1982.nc [35167983] -> "/glade/derecho/scratch/bbuchovecky/pml-v2.2/V2.2c/monthly/PET/PML-V2.2c_PET_1982.nc" [1]
2026-10-05 11:09:17 URL: ftp://ftp3.tpdc.ac.cn:6201/PML/V2.2c/monthly/PET/PML-V2.2c_PET_1984.nc [35316345] -> "/glade/derecho/scratch/bbuchovecky/pml-v2.2/V2.2c/monthly/PET/PML-V2.2c_PET_1984.nc" [1]
Error in server response. Closing.
Error in server response. Closing.
Error in server response. Closing.
Error in server response. Closing.
Error in server response. Closing.
WARNING: V2.2c/monthly/PET/PML-V2.2c_PET_1989.nc failed on ftp2.tpdc.ac.cn
2026-10-05 11:09:30 URL: ftp://ftp2.tpdc.ac.cn:6201/PML/V2.2c/monthly/PET/PML-V2.2c_PET_1983.nc [35426727] -> "/glade/derecho/scratch/bbuchovecky/pml-v2.2/V2.2c/monthly/PET/PML-V2.2c_PET_1983.nc" [1]
2026-10-05 11:10:23 URL: ftp://ftp3.tpdc.ac.cn:6201/PML/V2.2c/monthly/PET/PML-V2.2c_PET_1986.nc [35273520] -> "/glade/derecho/scratch/bbuchovecky/pml-v2.2/V2.2c/monthly/PET/PML-V2.2c_PET_1986.nc" [1]
2026-10-05 11:10:31 URL: ftp://ftp3.tpdc.ac.cn:6201/PML/V2.2c/monthly/PET/PML-V2.2c_PET_1985.nc [35229388] -> "/glade/derecho/scratch/bbuchovecky/pml-v2.2/V2.2c/monthly/PET/PML-V2.2c_PET_1985.nc" [1]
2026-10-05 11:15:13 URL: ftp://ftp2.tpdc.ac.cn:6201/PML/V2.2c/monthly/PET/PML-V2.2c_PET_1987.nc [35329200] -> "/glade/derecho/scratch/bbuchovecky/pml-v2.2/V2.2c/monthly/PET/PML-V2.2c_PET_1987.nc" [1]
2026-10-05 11:25:37 URL: ftp://ftp3.tpdc.ac.cn:6201/PML/V2.2c/monthly/PET/PML-V2.2c_PET_1988.nc [35624078] -> "/glade/derecho/scratch/bbuchovecky/pml-v2.2/V2.2c/monthly/PET/PML-V2.2c_PET_1988.nc" [1]
2026-10-05 11:26:40 URL: ftp://ftp3.tpdc.ac.cn:6201/PML/V2.2c/monthly/PET/PML-V2.2c_PET_1990.nc [35424174] -> "/glade/derecho/scratch/bbuchovecky/pml-v2.2/V2.2c/monthly/PET/PML-V2.2c_PET_1990.nc" [1]
Error in server response. Closing.
Error in server response. Closing.
Error in server response. Closing.
Error in server response. Closing.
Error in server response. Closing.
WARNING: V2.2c/monthly/PET/PML-V2.2c_PET_1995.nc failed on ftp2.tpdc.ac.cn
2026-10-05 11:28:24 URL: ftp://ftp3.tpdc.ac.cn:6201/PML/V2.2c/monthly/PET/PML-V2.2c_PET_1992.nc [35334167] -> "/glade/derecho/scratch/bbuchovecky/pml-v2.2/V2.2c/monthly/PET/PML-V2.2c_PET_1992.nc" [1]
2026-10-05 11:28:36 URL: ftp://ftp3.tpdc.ac.cn:6201/PML/V2.2c/monthly/PET/PML-V2.2c_PET_1989.nc [35411893] -> "/glade/derecho/scratch/bbuchovecky/pml-v2.2/V2.2c/monthly/PET/PML-V2.2c_PET_1989.nc" [1]
2026-10-05 11:29:07 URL: ftp://ftp2.tpdc.ac.cn:6201/PML/V2.2c/monthly/PET/PML-V2.2c_PET_1991.nc [35372041] -> "/glade/derecho/scratch/bbuchovecky/pml-v2.2/V2.2c/monthly/PET/PML-V2.2c_PET_1991.nc" [1]
Error in server response. Closing.
Error in server response. Closing.
Error in server response. Closing.
Error in server response. Closing.
Error in server response. Closing.
WARNING: V2.2c/monthly/PET/PML-V2.2c_PET_1997.nc failed on ftp2.tpdc.ac.cn
2026-10-05 11:33:26 URL: ftp://ftp2.tpdc.ac.cn:6201/PML/V2.2c/monthly/PET/PML-V2.2c_PET_1993.nc [35417956] -> "/glade/derecho/scratch/bbuchovecky/pml-v2.2/V2.2c/monthly/PET/PML-V2.2c_PET_1993.nc" [1]
2026-10-05 11:42:47 URL: ftp://ftp3.tpdc.ac.cn:6201/PML/V2.2c/monthly/PET/PML-V2.2c_PET_1994.nc [35426381] -> "/glade/derecho/scratch/bbuchovecky/pml-v2.2/V2.2c/monthly/PET/PML-V2.2c_PET_1994.nc" [1]
2026-10-05 11:45:11 URL: ftp://ftp3.tpdc.ac.cn:6201/PML/V2.2c/monthly/PET/PML-V2.2c_PET_1998.nc [35451795] -> "/glade/derecho/scratch/bbuchovecky/pml-v2.2/V2.2c/monthly/PET/PML-V2.2c_PET_1998.nc" [1]
Error in server response. Closing.
Error in server response. Closing.
2026-10-05 11:45:29 URL: ftp://ftp3.tpdc.ac.cn:6201/PML/V2.2c/monthly/PET/PML-V2.2c_PET_1996.nc [35454828] -> "/glade/derecho/scratch/bbuchovecky/pml-v2.2/V2.2c/monthly/PET/PML-V2.2c_PET_1996.nc" [1]
2026-10-05 11:46:26 URL: ftp://ftp3.tpdc.ac.cn:6201/PML/V2.2c/monthly/PET/PML-V2.2c_PET_1995.nc [35574244] -> "/glade/derecho/scratch/bbuchovecky/pml-v2.2/V2.2c/monthly/PET/PML-V2.2c_PET_1995.nc" [1]
2026-10-05 11:47:10 URL: ftp://ftp3.tpdc.ac.cn:6201/PML/V2.2c/monthly/PET/PML-V2.2c_PET_1997.nc [35385492] -> "/glade/derecho/scratch/bbuchovecky/pml-v2.2/V2.2c/monthly/PET/PML-V2.2c_PET_1997.nc" [1]
2026-10-05 11:49:22 URL: ftp://ftp2.tpdc.ac.cn:6201/PML/V2.2c/monthly/PET/PML-V2.2c_PET_1999.nc [35375408] -> "/glade/derecho/scratch/bbuchovecky/pml-v2.2/V2.2c/monthly/PET/PML-V2.2c_PET_1999.nc" [1]
2026-10-05 11:58:09 URL: ftp://ftp3.tpdc.ac.cn:6201/PML/V2.2c/monthly/PET/PML-V2.2c_PET_2000.nc [34319597] -> "/glade/derecho/scratch/bbuchovecky/pml-v2.2/V2.2c/monthly/PET/PML-V2.2c_PET_2000.nc" [1]
2026-10-05 12:02:24 URL: ftp://ftp3.tpdc.ac.cn:6201/PML/V2.2c/monthly/PET/PML-V2.2c_PET_2002.nc [34281842] -> "/glade/derecho/scratch/bbuchovecky/pml-v2.2/V2.2c/monthly/PET/PML-V2.2c_PET_2002.nc" [1]
Error in server response. Closing.
Error in server response. Closing.
Error in server response. Closing.
Error in server response. Closing.
Error in server response. Closing.
WARNING: V2.2c/monthly/PET/PML-V2.2c_PET_2007.nc failed on ftp2.tpdc.ac.cn
2026-10-05 12:03:17 URL: ftp://ftp2.tpdc.ac.cn:6201/PML/V2.2c/monthly/PET/PML-V2.2c_PET_2001.nc [34177676] -> "/glade/derecho/scratch/bbuchovecky/pml-v2.2/V2.2c/monthly/PET/PML-V2.2c_PET_2001.nc" [3]
2026-10-05 12:03:30 URL: ftp://ftp3.tpdc.ac.cn:6201/PML/V2.2c/monthly/PET/PML-V2.2c_PET_2004.nc [34193024] -> "/glade/derecho/scratch/bbuchovecky/pml-v2.2/V2.2c/monthly/PET/PML-V2.2c_PET_2004.nc" [1]
2026-10-05 12:04:26 URL: ftp://ftp2.tpdc.ac.cn:6201/PML/V2.2c/monthly/PET/PML-V2.2c_PET_2003.nc [34271522] -> "/glade/derecho/scratch/bbuchovecky/pml-v2.2/V2.2c/monthly/PET/PML-V2.2c_PET_2003.nc" [1]
2026-10-05 12:07:03 URL: ftp://ftp2.tpdc.ac.cn:6201/PML/V2.2c/monthly/PET/PML-V2.2c_PET_2005.nc [34348510] -> "/glade/derecho/scratch/bbuchovecky/pml-v2.2/V2.2c/monthly/PET/PML-V2.2c_PET_2005.nc" [1]
2026-10-05 12:10:11 URL: ftp://ftp2.tpdc.ac.cn:6201/PML/V2.2c/monthly/E/PML-V2.2c_E_2015.nc [29807916] -> "/glade/derecho/scratch/bbuchovecky/pml-v2.2/V2.2c/monthly/E/PML-V2.2c_E_2015.nc" [1]
2026-10-05 12:15:46 URL: ftp://ftp3.tpdc.ac.cn:6201/PML/V2.2c/monthly/PET/PML-V2.2c_PET_2006.nc [34310284] -> "/glade/derecho/scratch/bbuchovecky/pml-v2.2/V2.2c/monthly/PET/PML-V2.2c_PET_2006.nc" [1]
Error in server response. Closing.
Error in server response. Closing.
Error in server response. Closing.
Error in server response. Closing.
Error in server response. Closing.
WARNING: V2.2c/monthly/PET/PML-V2.2c_PET_2013.nc failed on ftp2.tpdc.ac.cn
2026-10-05 12:20:12 URL: ftp://ftp3.tpdc.ac.cn:6201/PML/V2.2c/monthly/PET/PML-V2.2c_PET_2007.nc [34466094] -> "/glade/derecho/scratch/bbuchovecky/pml-v2.2/V2.2c/monthly/PET/PML-V2.2c_PET_2007.nc" [1]
2026-10-05 12:20:14 URL: ftp://ftp2.tpdc.ac.cn:6201/PML/V2.2c/monthly/E/PML-V2.2c_E_2017.nc [29682572] -> "/glade/derecho/scratch/bbuchovecky/pml-v2.2/V2.2c/monthly/E/PML-V2.2c_E_2017.nc" [1]
2026-10-05 12:20:36 URL: ftp://ftp3.tpdc.ac.cn:6201/PML/V2.2c/monthly/PET/PML-V2.2c_PET_2010.nc [34416851] -> "/glade/derecho/scratch/bbuchovecky/pml-v2.2/V2.2c/monthly/PET/PML-V2.2c_PET_2010.nc" [1]
2026-10-05 12:20:53 URL: ftp://ftp3.tpdc.ac.cn:6201/PML/V2.2c/monthly/PET/PML-V2.2c_PET_2008.nc [34391802] -> "/glade/derecho/scratch/bbuchovecky/pml-v2.2/V2.2c/monthly/PET/PML-V2.2c_PET_2008.nc" [1]
2026-10-05 12:21:09 URL: ftp://ftp2.tpdc.ac.cn:6201/PML/V2.2c/monthly/PET/PML-V2.2c_PET_2009.nc [34269154] -> "/glade/derecho/scratch/bbuchovecky/pml-v2.2/V2.2c/monthly/PET/PML-V2.2c_PET_2009.nc" [1]
2026-10-05 12:24:51 URL: ftp://ftp2.tpdc.ac.cn:6201/PML/V2.2c/monthly/PET/PML-V2.2c_PET_2011.nc [34380361] -> "/glade/derecho/scratch/bbuchovecky/pml-v2.2/V2.2c/monthly/PET/PML-V2.2c_PET_2011.nc" [1]
2026-10-05 12:27:32 URL: ftp://ftp3.tpdc.ac.cn:6201/PML/V2.2c/monthly/PET/PML-V2.2c_PET_2012.nc [34450888] -> "/glade/derecho/scratch/bbuchovecky/pml-v2.2/V2.2c/monthly/PET/PML-V2.2c_PET_2012.nc" [1]
2026-10-05 12:34:25 URL: ftp://ftp3.tpdc.ac.cn:6201/PML/V2.2c/monthly/PET/PML-V2.2c_PET_2013.nc [34357813] -> "/glade/derecho/scratch/bbuchovecky/pml-v2.2/V2.2c/monthly/PET/PML-V2.2c_PET_2013.nc" [1]
2026-10-05 12:37:24 URL: ftp://ftp2.tpdc.ac.cn:6201/PML/V2.2c/monthly/PET/PML-V2.2c_PET_2015.nc [34512277] -> "/glade/derecho/scratch/bbuchovecky/pml-v2.2/V2.2c/monthly/PET/PML-V2.2c_PET_2015.nc" [1]
2026-10-05 12:37:44 URL: ftp://ftp3.tpdc.ac.cn:6201/PML/V2.2c/monthly/PET/PML-V2.2c_PET_2016.nc [34474821] -> "/glade/derecho/scratch/bbuchovecky/pml-v2.2/V2.2c/monthly/PET/PML-V2.2c_PET_2016.nc" [1]
2026-10-05 12:37:48 URL: ftp://ftp3.tpdc.ac.cn:6201/PML/V2.2c/monthly/PET/PML-V2.2c_PET_2014.nc [34401655] -> "/glade/derecho/scratch/bbuchovecky/pml-v2.2/V2.2c/monthly/PET/PML-V2.2c_PET_2014.nc" [1]
2026-10-05 12:38:24 URL: ftp://ftp3.tpdc.ac.cn:6201/PML/V2.2c/monthly/PET/PML-V2.2c_PET_2018.nc [34466506] -> "/glade/derecho/scratch/bbuchovecky/pml-v2.2/V2.2c/monthly/PET/PML-V2.2c_PET_2018.nc" [1]
Error in server response. Closing.
Error in server response. Closing.
2026-10-05 12:38:26 URL: ftp://ftp2.tpdc.ac.cn:6201/PML/V2.2c/monthly/PET/PML-V2.2c_PET_2017.nc [34539582] -> "/glade/derecho/scratch/bbuchovecky/pml-v2.2/V2.2c/monthly/PET/PML-V2.2c_PET_2017.nc" [1]
2026-10-05 12:41:43 URL: ftp://ftp2.tpdc.ac.cn:6201/PML/V2.2c/monthly/PET/PML-V2.2c_PET_2019.nc [34586237] -> "/glade/derecho/scratch/bbuchovecky/pml-v2.2/V2.2c/monthly/PET/PML-V2.2c_PET_2019.nc" [1]
2026-10-05 12:44:25 URL: ftp://ftp3.tpdc.ac.cn:6201/PML/V2.2c/monthly/PET/PML-V2.2c_PET_2020.nc [34766697] -> "/glade/derecho/scratch/bbuchovecky/pml-v2.2/V2.2c/monthly/PET/PML-V2.2c_PET_2020.nc" [1]
2026-10-05 12:52:04 URL: ftp://ftp2.tpdc.ac.cn:6201/PML/V2.2c/monthly/PET/PML-V2.2c_PET_2021.nc [34613477] -> "/glade/derecho/scratch/bbuchovecky/pml-v2.2/V2.2c/monthly/PET/PML-V2.2c_PET_2021.nc" [1]
2026-10-05 12:52:59 URL: ftp://ftp3.tpdc.ac.cn:6201/PML/V2.2c/monthly/GPP/PML-V2.2c_GPP_1982.nc [31661170] -> "/glade/derecho/scratch/bbuchovecky/pml-v2.2/V2.2c/monthly/GPP/PML-V2.2c_GPP_1982.nc" [1]
2026-10-05 12:54:03 URL: ftp://ftp3.tpdc.ac.cn:6201/PML/V2.2c/monthly/PET/PML-V2.2c_PET_2024.nc [34920757] -> "/glade/derecho/scratch/bbuchovecky/pml-v2.2/V2.2c/monthly/PET/PML-V2.2c_PET_2024.nc" [1]
Error in server response. Closing.
Error in server response. Closing.
Error in server response. Closing.
Error in server response. Closing.
Error in server response. Closing.
WARNING: V2.2c/monthly/GPP/PML-V2.2c_GPP_1987.nc failed on ftp2.tpdc.ac.cn
2026-10-05 12:54:17 URL: ftp://ftp3.tpdc.ac.cn:6201/PML/V2.2c/monthly/PET/PML-V2.2c_PET_2022.nc [34628153] -> "/glade/derecho/scratch/bbuchovecky/pml-v2.2/V2.2c/monthly/PET/PML-V2.2c_PET_2022.nc" [1]
2026-10-05 12:54:24 URL: ftp://ftp2.tpdc.ac.cn:6201/PML/V2.2c/monthly/PET/PML-V2.2c_PET_2023.nc [34824354] -> "/glade/derecho/scratch/bbuchovecky/pml-v2.2/V2.2c/monthly/PET/PML-V2.2c_PET_2023.nc" [1]
2026-10-05 12:55:08 URL: ftp://ftp2.tpdc.ac.cn:6201/PML/V2.2c/monthly/PET/PML-V2.2c_PET_2025.nc [34761803] -> "/glade/derecho/scratch/bbuchovecky/pml-v2.2/V2.2c/monthly/PET/PML-V2.2c_PET_2025.nc" [3]
2026-10-05 12:57:28 URL: ftp://ftp2.tpdc.ac.cn:6201/PML/V2.2c/monthly/GPP/PML-V2.2c_GPP_1983.nc [31641803] -> "/glade/derecho/scratch/bbuchovecky/pml-v2.2/V2.2c/monthly/GPP/PML-V2.2c_GPP_1983.nc" [1]
2026-10-05 12:59:58 URL: ftp://ftp3.tpdc.ac.cn:6201/PML/V2.2c/monthly/GPP/PML-V2.2c_GPP_1984.nc [31649810] -> "/glade/derecho/scratch/bbuchovecky/pml-v2.2/V2.2c/monthly/GPP/PML-V2.2c_GPP_1984.nc" [1]
2026-10-05 13:07:05 URL: ftp://ftp2.tpdc.ac.cn:6201/PML/V2.2c/monthly/GPP/PML-V2.2c_GPP_1985.nc [31569083] -> "/glade/derecho/scratch/bbuchovecky/pml-v2.2/V2.2c/monthly/GPP/PML-V2.2c_GPP_1985.nc" [1]
2026-10-05 13:07:52 URL: ftp://ftp3.tpdc.ac.cn:6201/PML/V2.2c/monthly/GPP/PML-V2.2c_GPP_1986.nc [31584991] -> "/glade/derecho/scratch/bbuchovecky/pml-v2.2/V2.2c/monthly/GPP/PML-V2.2c_GPP_1986.nc" [1]
2026-10-05 13:09:16 URL: ftp://ftp3.tpdc.ac.cn:6201/PML/V2.2c/monthly/GPP/PML-V2.2c_GPP_1988.nc [31672921] -> "/glade/derecho/scratch/bbuchovecky/pml-v2.2/V2.2c/monthly/GPP/PML-V2.2c_GPP_1988.nc" [1]
2026-10-05 13:09:20 URL: ftp://ftp2.tpdc.ac.cn:6201/PML/V2.2c/monthly/GPP/PML-V2.2c_GPP_1989.nc [31685536] -> "/glade/derecho/scratch/bbuchovecky/pml-v2.2/V2.2c/monthly/GPP/PML-V2.2c_GPP_1989.nc" [1]
2026-10-05 13:10:04 URL: ftp://ftp3.tpdc.ac.cn:6201/PML/V2.2c/monthly/GPP/PML-V2.2c_GPP_1990.nc [31709881] -> "/glade/derecho/scratch/bbuchovecky/pml-v2.2/V2.2c/monthly/GPP/PML-V2.2c_GPP_1990.nc" [1]
2026-10-05 13:10:25 URL: ftp://ftp3.tpdc.ac.cn:6201/PML/V2.2c/monthly/GPP/PML-V2.2c_GPP_1987.nc [31677987] -> "/glade/derecho/scratch/bbuchovecky/pml-v2.2/V2.2c/monthly/GPP/PML-V2.2c_GPP_1987.nc" [1]
2026-10-05 13:13:01 URL: ftp://ftp2.tpdc.ac.cn:6201/PML/V2.2c/monthly/GPP/PML-V2.2c_GPP_1991.nc [31688699] -> "/glade/derecho/scratch/bbuchovecky/pml-v2.2/V2.2c/monthly/GPP/PML-V2.2c_GPP_1991.nc" [1]
2026-10-05 13:14:42 URL: ftp://ftp3.tpdc.ac.cn:6201/PML/V2.2c/monthly/GPP/PML-V2.2c_GPP_1992.nc [31698726] -> "/glade/derecho/scratch/bbuchovecky/pml-v2.2/V2.2c/monthly/GPP/PML-V2.2c_GPP_1992.nc" [1]
2026-10-05 13:22:41 URL: ftp://ftp3.tpdc.ac.cn:6201/PML/V2.2c/monthly/GPP/PML-V2.2c_GPP_1994.nc [31736123] -> "/glade/derecho/scratch/bbuchovecky/pml-v2.2/V2.2c/monthly/GPP/PML-V2.2c_GPP_1994.nc" [1]
2026-10-05 13:23:20 URL: ftp://ftp2.tpdc.ac.cn:6201/PML/V2.2c/monthly/GPP/PML-V2.2c_GPP_1993.nc [31722750] -> "/glade/derecho/scratch/bbuchovecky/pml-v2.2/V2.2c/monthly/GPP/PML-V2.2c_GPP_1993.nc" [1]
2026-10-05 13:24:59 URL: ftp://ftp3.tpdc.ac.cn:6201/PML/V2.2c/monthly/GPP/PML-V2.2c_GPP_1996.nc [31725477] -> "/glade/derecho/scratch/bbuchovecky/pml-v2.2/V2.2c/monthly/GPP/PML-V2.2c_GPP_1996.nc" [1]
2026-10-05 13:25:06 URL: ftp://ftp2.tpdc.ac.cn:6201/PML/V2.2c/monthly/GPP/PML-V2.2c_GPP_1995.nc [31816828] -> "/glade/derecho/scratch/bbuchovecky/pml-v2.2/V2.2c/monthly/GPP/PML-V2.2c_GPP_1995.nc" [1]
2026-10-05 13:26:02 URL: ftp://ftp2.tpdc.ac.cn:6201/PML/V2.2c/monthly/GPP/PML-V2.2c_GPP_1997.nc [31816943] -> "/glade/derecho/scratch/bbuchovecky/pml-v2.2/V2.2c/monthly/GPP/PML-V2.2c_GPP_1997.nc" [1]
2026-10-05 13:26:08 URL: ftp://ftp3.tpdc.ac.cn:6201/PML/V2.2c/monthly/GPP/PML-V2.2c_GPP_1998.nc [31786460] -> "/glade/derecho/scratch/bbuchovecky/pml-v2.2/V2.2c/monthly/GPP/PML-V2.2c_GPP_1998.nc" [1]
2026-10-05 13:28:21 URL: ftp://ftp2.tpdc.ac.cn:6201/PML/V2.2c/monthly/GPP/PML-V2.2c_GPP_1999.nc [31780802] -> "/glade/derecho/scratch/bbuchovecky/pml-v2.2/V2.2c/monthly/GPP/PML-V2.2c_GPP_1999.nc" [1]
2026-10-05 13:29:04 URL: ftp://ftp3.tpdc.ac.cn:6201/PML/V2.2c/monthly/GPP/PML-V2.2c_GPP_2000.nc [31734364] -> "/glade/derecho/scratch/bbuchovecky/pml-v2.2/V2.2c/monthly/GPP/PML-V2.2c_GPP_2000.nc" [1]
2026-10-05 13:37:39 URL: ftp://ftp3.tpdc.ac.cn:6201/PML/V2.2c/monthly/GPP/PML-V2.2c_GPP_2002.nc [31473824] -> "/glade/derecho/scratch/bbuchovecky/pml-v2.2/V2.2c/monthly/GPP/PML-V2.2c_GPP_2002.nc" [1]
2026-10-05 13:37:51 URL: ftp://ftp2.tpdc.ac.cn:6201/PML/V2.2c/monthly/GPP/PML-V2.2c_GPP_2001.nc [31482105] -> "/glade/derecho/scratch/bbuchovecky/pml-v2.2/V2.2c/monthly/GPP/PML-V2.2c_GPP_2001.nc" [1]
2026-10-05 13:39:36 URL: ftp://ftp3.tpdc.ac.cn:6201/PML/V2.2c/monthly/GPP/PML-V2.2c_GPP_2004.nc [31532953] -> "/glade/derecho/scratch/bbuchovecky/pml-v2.2/V2.2c/monthly/GPP/PML-V2.2c_GPP_2004.nc" [1]
2026-10-05 13:40:10 URL: ftp://ftp2.tpdc.ac.cn:6201/PML/V2.2c/monthly/GPP/PML-V2.2c_GPP_2003.nc [31499886] -> "/glade/derecho/scratch/bbuchovecky/pml-v2.2/V2.2c/monthly/GPP/PML-V2.2c_GPP_2003.nc" [1]
2026-10-05 13:40:32 URL: ftp://ftp3.tpdc.ac.cn:6201/PML/V2.2c/monthly/GPP/PML-V2.2c_GPP_2006.nc [31540717] -> "/glade/derecho/scratch/bbuchovecky/pml-v2.2/V2.2c/monthly/GPP/PML-V2.2c_GPP_2006.nc" [1]
2026-10-05 13:40:54 URL: ftp://ftp2.tpdc.ac.cn:6201/PML/V2.2c/monthly/GPP/PML-V2.2c_GPP_2005.nc [31525284] -> "/glade/derecho/scratch/bbuchovecky/pml-v2.2/V2.2c/monthly/GPP/PML-V2.2c_GPP_2005.nc" [1]
2026-10-05 13:44:09 URL: ftp://ftp3.tpdc.ac.cn:6201/PML/V2.2c/monthly/GPP/PML-V2.2c_GPP_2008.nc [31566193] -> "/glade/derecho/scratch/bbuchovecky/pml-v2.2/V2.2c/monthly/GPP/PML-V2.2c_GPP_2008.nc" [1]
2026-10-05 13:44:16 URL: ftp://ftp2.tpdc.ac.cn:6201/PML/V2.2c/monthly/GPP/PML-V2.2c_GPP_2007.nc [31612256] -> "/glade/derecho/scratch/bbuchovecky/pml-v2.2/V2.2c/monthly/GPP/PML-V2.2c_GPP_2007.nc" [1]
2026-10-05 13:52:20 URL: ftp://ftp2.tpdc.ac.cn:6201/PML/V2.2c/monthly/GPP/PML-V2.2c_GPP_2009.nc [31513161] -> "/glade/derecho/scratch/bbuchovecky/pml-v2.2/V2.2c/monthly/GPP/PML-V2.2c_GPP_2009.nc" [1]
2026-10-05 13:52:21 URL: ftp://ftp3.tpdc.ac.cn:6201/PML/V2.2c/monthly/GPP/PML-V2.2c_GPP_2010.nc [31675068] -> "/glade/derecho/scratch/bbuchovecky/pml-v2.2/V2.2c/monthly/GPP/PML-V2.2c_GPP_2010.nc" [1]
2026-10-05 13:54:20 URL: ftp://ftp2.tpdc.ac.cn:6201/PML/V2.2c/monthly/GPP/PML-V2.2c_GPP_2011.nc [31679613] -> "/glade/derecho/scratch/bbuchovecky/pml-v2.2/V2.2c/monthly/GPP/PML-V2.2c_GPP_2011.nc" [1]
2026-10-05 13:54:37 URL: ftp://ftp3.tpdc.ac.cn:6201/PML/V2.2c/monthly/GPP/PML-V2.2c_GPP_2012.nc [31770702] -> "/glade/derecho/scratch/bbuchovecky/pml-v2.2/V2.2c/monthly/GPP/PML-V2.2c_GPP_2012.nc" [1]
2026-10-05 13:54:49 URL: ftp://ftp2.tpdc.ac.cn:6201/PML/V2.2c/monthly/GPP/PML-V2.2c_GPP_2013.nc [31655997] -> "/glade/derecho/scratch/bbuchovecky/pml-v2.2/V2.2c/monthly/GPP/PML-V2.2c_GPP_2013.nc" [1]
2026-10-05 13:55:16 URL: ftp://ftp3.tpdc.ac.cn:6201/PML/V2.2c/monthly/GPP/PML-V2.2c_GPP_2014.nc [31735402] -> "/glade/derecho/scratch/bbuchovecky/pml-v2.2/V2.2c/monthly/GPP/PML-V2.2c_GPP_2014.nc" [1]
2026-10-05 13:58:05 URL: ftp://ftp3.tpdc.ac.cn:6201/PML/V2.2c/monthly/GPP/PML-V2.2c_GPP_2016.nc [31954469] -> "/glade/derecho/scratch/bbuchovecky/pml-v2.2/V2.2c/monthly/GPP/PML-V2.2c_GPP_2016.nc" [1]
2026-10-05 13:58:40 URL: ftp://ftp2.tpdc.ac.cn:6201/PML/V2.2c/monthly/GPP/PML-V2.2c_GPP_2015.nc [31833687] -> "/glade/derecho/scratch/bbuchovecky/pml-v2.2/V2.2c/monthly/GPP/PML-V2.2c_GPP_2015.nc" [1]
2026-10-05 14:07:21 URL: ftp://ftp3.tpdc.ac.cn:6201/PML/V2.2c/monthly/GPP/PML-V2.2c_GPP_2018.nc [31762616] -> "/glade/derecho/scratch/bbuchovecky/pml-v2.2/V2.2c/monthly/GPP/PML-V2.2c_GPP_2018.nc" [1]
2026-10-05 14:07:26 URL: ftp://ftp2.tpdc.ac.cn:6201/PML/V2.2c/monthly/GPP/PML-V2.2c_GPP_2017.nc [31795726] -> "/glade/derecho/scratch/bbuchovecky/pml-v2.2/V2.2c/monthly/GPP/PML-V2.2c_GPP_2017.nc" [1]
2026-10-05 14:08:38 URL: ftp://ftp2.tpdc.ac.cn:6201/PML/V2.2c/monthly/GPP/PML-V2.2c_GPP_2019.nc [31813549] -> "/glade/derecho/scratch/bbuchovecky/pml-v2.2/V2.2c/monthly/GPP/PML-V2.2c_GPP_2019.nc" [1]
2026-10-05 14:09:11 URL: ftp://ftp3.tpdc.ac.cn:6201/PML/V2.2c/monthly/GPP/PML-V2.2c_GPP_2020.nc [31924564] -> "/glade/derecho/scratch/bbuchovecky/pml-v2.2/V2.2c/monthly/GPP/PML-V2.2c_GPP_2020.nc" [1]
2026-10-05 14:09:25 URL: ftp://ftp3.tpdc.ac.cn:6201/PML/V2.2c/yearly/Ec/PML-V2.2c_Ec_1982.nc [4350633] -> "/glade/derecho/scratch/bbuchovecky/pml-v2.2/V2.2c/yearly/Ec/PML-V2.2c_Ec_1982.nc" [1]
2026-10-05 14:10:03 URL: ftp://ftp3.tpdc.ac.cn:6201/PML/V2.2c/monthly/GPP/PML-V2.2c_GPP_2022.nc [31872643] -> "/glade/derecho/scratch/bbuchovecky/pml-v2.2/V2.2c/monthly/GPP/PML-V2.2c_GPP_2022.nc" [1]
2026-10-05 14:10:08 URL: ftp://ftp2.tpdc.ac.cn:6201/PML/V2.2c/monthly/GPP/PML-V2.2c_GPP_2021.nc [31924307] -> "/glade/derecho/scratch/bbuchovecky/pml-v2.2/V2.2c/monthly/GPP/PML-V2.2c_GPP_2021.nc" [1]
2026-10-05 14:10:45 URL: ftp://ftp2.tpdc.ac.cn:6201/PML/V2.2c/yearly/Ec/PML-V2.2c_Ec_1983.nc [4347153] -> "/glade/derecho/scratch/bbuchovecky/pml-v2.2/V2.2c/yearly/Ec/PML-V2.2c_Ec_1983.nc" [1]
2026-10-05 14:11:10 URL: ftp://ftp2.tpdc.ac.cn:6201/PML/V2.2c/yearly/Ec/PML-V2.2c_Ec_1985.nc [4337900] -> "/glade/derecho/scratch/bbuchovecky/pml-v2.2/V2.2c/yearly/Ec/PML-V2.2c_Ec_1985.nc" [1]
2026-10-05 14:11:17 URL: ftp://ftp3.tpdc.ac.cn:6201/PML/V2.2c/yearly/Ec/PML-V2.2c_Ec_1984.nc [4344488] -> "/glade/derecho/scratch/bbuchovecky/pml-v2.2/V2.2c/yearly/Ec/PML-V2.2c_Ec_1984.nc" [1]
2026-10-05 14:11:58 URL: ftp://ftp2.tpdc.ac.cn:6201/PML/V2.2c/yearly/Ec/PML-V2.2c_Ec_1987.nc [4334522] -> "/glade/derecho/scratch/bbuchovecky/pml-v2.2/V2.2c/yearly/Ec/PML-V2.2c_Ec_1987.nc" [1]
2026-10-05 14:12:06 URL: ftp://ftp3.tpdc.ac.cn:6201/PML/V2.2c/yearly/Ec/PML-V2.2c_Ec_1986.nc [4343328] -> "/glade/derecho/scratch/bbuchovecky/pml-v2.2/V2.2c/yearly/Ec/PML-V2.2c_Ec_1986.nc" [1]
2026-10-05 14:12:31 URL: ftp://ftp3.tpdc.ac.cn:6201/PML/V2.2c/yearly/Ec/PML-V2.2c_Ec_1988.nc [4350961] -> "/glade/derecho/scratch/bbuchovecky/pml-v2.2/V2.2c/yearly/Ec/PML-V2.2c_Ec_1988.nc" [1]
2026-10-05 14:12:55 URL: ftp://ftp2.tpdc.ac.cn:6201/PML/V2.2c/monthly/GPP/PML-V2.2c_GPP_2023.nc [31947405] -> "/glade/derecho/scratch/bbuchovecky/pml-v2.2/V2.2c/monthly/GPP/PML-V2.2c_GPP_2023.nc" [1]
2026-10-05 14:13:01 URL: ftp://ftp2.tpdc.ac.cn:6201/PML/V2.2c/yearly/Ec/PML-V2.2c_Ec_1989.nc [4351026] -> "/glade/derecho/scratch/bbuchovecky/pml-v2.2/V2.2c/yearly/Ec/PML-V2.2c_Ec_1989.nc" [1]
2026-10-05 14:13:17 URL: ftp://ftp3.tpdc.ac.cn:6201/PML/V2.2c/yearly/Ec/PML-V2.2c_Ec_1990.nc [4352122] -> "/glade/derecho/scratch/bbuchovecky/pml-v2.2/V2.2c/yearly/Ec/PML-V2.2c_Ec_1990.nc" [1]
2026-10-05 14:13:18 URL: ftp://ftp3.tpdc.ac.cn:6201/PML/V2.2c/monthly/GPP/PML-V2.2c_GPP_2024.nc [32004178] -> "/glade/derecho/scratch/bbuchovecky/pml-v2.2/V2.2c/monthly/GPP/PML-V2.2c_GPP_2024.nc" [1]
2026-10-05 14:14:19 URL: ftp://ftp2.tpdc.ac.cn:6201/PML/V2.2c/yearly/Ec/PML-V2.2c_Ec_1991.nc [4356070] -> "/glade/derecho/scratch/bbuchovecky/pml-v2.2/V2.2c/yearly/Ec/PML-V2.2c_Ec_1991.nc" [1]
2026-10-05 14:14:23 URL: ftp://ftp3.tpdc.ac.cn:6201/PML/V2.2c/yearly/Ec/PML-V2.2c_Ec_1992.nc [4341187] -> "/glade/derecho/scratch/bbuchovecky/pml-v2.2/V2.2c/yearly/Ec/PML-V2.2c_Ec_1992.nc" [1]
2026-10-05 14:14:54 URL: ftp://ftp2.tpdc.ac.cn:6201/PML/V2.2c/yearly/Ec/PML-V2.2c_Ec_1993.nc [4339286] -> "/glade/derecho/scratch/bbuchovecky/pml-v2.2/V2.2c/yearly/Ec/PML-V2.2c_Ec_1993.nc" [1]
2026-10-05 14:14:59 URL: ftp://ftp2.tpdc.ac.cn:6201/PML/V2.2c/yearly/Ec/PML-V2.2c_Ec_1995.nc [4347575] -> "/glade/derecho/scratch/bbuchovecky/pml-v2.2/V2.2c/yearly/Ec/PML-V2.2c_Ec_1995.nc" [1]
2026-10-05 14:15:01 URL: ftp://ftp3.tpdc.ac.cn:6201/PML/V2.2c/yearly/Ec/PML-V2.2c_Ec_1994.nc [4357968] -> "/glade/derecho/scratch/bbuchovecky/pml-v2.2/V2.2c/yearly/Ec/PML-V2.2c_Ec_1994.nc" [1]
2026-10-05 14:15:16 URL: ftp://ftp2.tpdc.ac.cn:6201/PML/V2.2c/yearly/Ec/PML-V2.2c_Ec_1997.nc [4346842] -> "/glade/derecho/scratch/bbuchovecky/pml-v2.2/V2.2c/yearly/Ec/PML-V2.2c_Ec_1997.nc" [1]
2026-10-05 14:15:19 URL: ftp://ftp3.tpdc.ac.cn:6201/PML/V2.2c/yearly/Ec/PML-V2.2c_Ec_1996.nc [4339845] -> "/glade/derecho/scratch/bbuchovecky/pml-v2.2/V2.2c/yearly/Ec/PML-V2.2c_Ec_1996.nc" [1]
2026-10-05 14:16:20 URL: ftp://ftp3.tpdc.ac.cn:6201/PML/V2.2c/yearly/Ec/PML-V2.2c_Ec_1998.nc [4349705] -> "/glade/derecho/scratch/bbuchovecky/pml-v2.2/V2.2c/yearly/Ec/PML-V2.2c_Ec_1998.nc" [1]
2026-10-05 14:16:28 URL: ftp://ftp2.tpdc.ac.cn:6201/PML/V2.2c/yearly/Ec/PML-V2.2c_Ec_1999.nc [4345544] -> "/glade/derecho/scratch/bbuchovecky/pml-v2.2/V2.2c/yearly/Ec/PML-V2.2c_Ec_1999.nc" [1]
2026-10-05 14:16:54 URL: ftp://ftp3.tpdc.ac.cn:6201/PML/V2.2c/yearly/Ec/PML-V2.2c_Ec_2000.nc [4329702] -> "/glade/derecho/scratch/bbuchovecky/pml-v2.2/V2.2c/yearly/Ec/PML-V2.2c_Ec_2000.nc" [1]
2026-10-05 14:17:00 URL: ftp://ftp3.tpdc.ac.cn:6201/PML/V2.2c/yearly/Ec/PML-V2.2c_Ec_2002.nc [4344317] -> "/glade/derecho/scratch/bbuchovecky/pml-v2.2/V2.2c/yearly/Ec/PML-V2.2c_Ec_2002.nc" [1]
2026-10-05 14:17:08 URL: ftp://ftp2.tpdc.ac.cn:6201/PML/V2.2c/yearly/Ec/PML-V2.2c_Ec_2001.nc [4336765] -> "/glade/derecho/scratch/bbuchovecky/pml-v2.2/V2.2c/yearly/Ec/PML-V2.2c_Ec_2001.nc" [1]
2026-10-05 14:17:10 URL: ftp://ftp2.tpdc.ac.cn:6201/PML/V2.2c/yearly/Ec/PML-V2.2c_Ec_2003.nc [4333819] -> "/glade/derecho/scratch/bbuchovecky/pml-v2.2/V2.2c/yearly/Ec/PML-V2.2c_Ec_2003.nc" [1]
2026-10-05 14:17:24 URL: ftp://ftp3.tpdc.ac.cn:6201/PML/V2.2c/yearly/Ec/PML-V2.2c_Ec_2004.nc [4321255] -> "/glade/derecho/scratch/bbuchovecky/pml-v2.2/V2.2c/yearly/Ec/PML-V2.2c_Ec_2004.nc" [1]
2026-10-05 14:18:43 URL: ftp://ftp2.tpdc.ac.cn:6201/PML/V2.2c/yearly/Ec/PML-V2.2c_Ec_2007.nc [4341548] -> "/glade/derecho/scratch/bbuchovecky/pml-v2.2/V2.2c/yearly/Ec/PML-V2.2c_Ec_2007.nc" [1]
2026-10-05 14:18:45 URL: ftp://ftp3.tpdc.ac.cn:6201/PML/V2.2c/yearly/Ec/PML-V2.2c_Ec_2006.nc [4336506] -> "/glade/derecho/scratch/bbuchovecky/pml-v2.2/V2.2c/yearly/Ec/PML-V2.2c_Ec_2006.nc" [1]
2026-10-05 14:18:46 URL: ftp://ftp2.tpdc.ac.cn:6201/PML/V2.2c/yearly/Ec/PML-V2.2c_Ec_2005.nc [4330352] -> "/glade/derecho/scratch/bbuchovecky/pml-v2.2/V2.2c/yearly/Ec/PML-V2.2c_Ec_2005.nc" [1]
2026-10-05 14:19:10 URL: ftp://ftp3.tpdc.ac.cn:6201/PML/V2.2c/yearly/Ec/PML-V2.2c_Ec_2008.nc [4324801] -> "/glade/derecho/scratch/bbuchovecky/pml-v2.2/V2.2c/yearly/Ec/PML-V2.2c_Ec_2008.nc" [1]
2026-10-05 14:19:20 URL: ftp://ftp2.tpdc.ac.cn:6201/PML/V2.2c/yearly/Ec/PML-V2.2c_Ec_2009.nc [4330776] -> "/glade/derecho/scratch/bbuchovecky/pml-v2.2/V2.2c/yearly/Ec/PML-V2.2c_Ec_2009.nc" [1]
2026-10-05 14:19:20 URL: ftp://ftp3.tpdc.ac.cn:6201/PML/V2.2c/yearly/Ec/PML-V2.2c_Ec_2010.nc [4349512] -> "/glade/derecho/scratch/bbuchovecky/pml-v2.2/V2.2c/yearly/Ec/PML-V2.2c_Ec_2010.nc" [1]
2026-10-05 14:19:31 URL: ftp://ftp2.tpdc.ac.cn:6201/PML/V2.2c/yearly/Ec/PML-V2.2c_Ec_2011.nc [4347670] -> "/glade/derecho/scratch/bbuchovecky/pml-v2.2/V2.2c/yearly/Ec/PML-V2.2c_Ec_2011.nc" [1]
2026-10-05 14:20:28 URL: ftp://ftp3.tpdc.ac.cn:6201/PML/V2.2c/yearly/Ec/PML-V2.2c_Ec_2014.nc [4329872] -> "/glade/derecho/scratch/bbuchovecky/pml-v2.2/V2.2c/yearly/Ec/PML-V2.2c_Ec_2014.nc" [1]
2026-10-05 14:20:40 URL: ftp://ftp2.tpdc.ac.cn:6201/PML/V2.2c/yearly/Ec/PML-V2.2c_Ec_2013.nc [4347380] -> "/glade/derecho/scratch/bbuchovecky/pml-v2.2/V2.2c/yearly/Ec/PML-V2.2c_Ec_2013.nc" [1]
2026-10-05 14:20:40 URL: ftp://ftp3.tpdc.ac.cn:6201/PML/V2.2c/yearly/Ec/PML-V2.2c_Ec_2012.nc [4359265] -> "/glade/derecho/scratch/bbuchovecky/pml-v2.2/V2.2c/yearly/Ec/PML-V2.2c_Ec_2012.nc" [1]
2026-10-05 14:21:00 URL: ftp://ftp2.tpdc.ac.cn:6201/PML/V2.2c/yearly/Ec/PML-V2.2c_Ec_2015.nc [4338302] -> "/glade/derecho/scratch/bbuchovecky/pml-v2.2/V2.2c/yearly/Ec/PML-V2.2c_Ec_2015.nc" [1]
2026-10-05 14:21:09 URL: ftp://ftp2.tpdc.ac.cn:6201/PML/V2.2c/yearly/Ec/PML-V2.2c_Ec_2017.nc [4332432] -> "/glade/derecho/scratch/bbuchovecky/pml-v2.2/V2.2c/yearly/Ec/PML-V2.2c_Ec_2017.nc" [1]
2026-10-05 14:21:32 URL: ftp://ftp3.tpdc.ac.cn:6201/PML/V2.2c/yearly/Ec/PML-V2.2c_Ec_2018.nc [4336054] -> "/glade/derecho/scratch/bbuchovecky/pml-v2.2/V2.2c/yearly/Ec/PML-V2.2c_Ec_2018.nc" [1]
2026-10-05 14:21:32 URL: ftp://ftp3.tpdc.ac.cn:6201/PML/V2.2c/yearly/Ec/PML-V2.2c_Ec_2016.nc [4361969] -> "/glade/derecho/scratch/bbuchovecky/pml-v2.2/V2.2c/yearly/Ec/PML-V2.2c_Ec_2016.nc" [1]
2026-10-05 14:22:30 URL: ftp://ftp2.tpdc.ac.cn:6201/PML/V2.2c/monthly/GPP/PML-V2.2c_GPP_2025.nc [32033988] -> "/glade/derecho/scratch/bbuchovecky/pml-v2.2/V2.2c/monthly/GPP/PML-V2.2c_GPP_2025.nc" [1]
2026-10-05 14:22:43 URL: ftp://ftp2.tpdc.ac.cn:6201/PML/V2.2c/yearly/Ec/PML-V2.2c_Ec_2019.nc [4354829] -> "/glade/derecho/scratch/bbuchovecky/pml-v2.2/V2.2c/yearly/Ec/PML-V2.2c_Ec_2019.nc" [1]
2026-10-05 14:22:47 URL: ftp://ftp3.tpdc.ac.cn:6201/PML/V2.2c/yearly/Ec/PML-V2.2c_Ec_2020.nc [4348127] -> "/glade/derecho/scratch/bbuchovecky/pml-v2.2/V2.2c/yearly/Ec/PML-V2.2c_Ec_2020.nc" [1]
2026-10-05 14:22:48 URL: ftp://ftp2.tpdc.ac.cn:6201/PML/V2.2c/yearly/Ec/PML-V2.2c_Ec_2021.nc [4347836] -> "/glade/derecho/scratch/bbuchovecky/pml-v2.2/V2.2c/yearly/Ec/PML-V2.2c_Ec_2021.nc" [1]
2026-10-05 14:23:09 URL: ftp://ftp2.tpdc.ac.cn:6201/PML/V2.2c/yearly/Ec/PML-V2.2c_Ec_2023.nc [4330406] -> "/glade/derecho/scratch/bbuchovecky/pml-v2.2/V2.2c/yearly/Ec/PML-V2.2c_Ec_2023.nc" [1]
2026-10-05 14:23:12 URL: ftp://ftp3.tpdc.ac.cn:6201/PML/V2.2c/yearly/Ec/PML-V2.2c_Ec_2022.nc [4351998] -> "/glade/derecho/scratch/bbuchovecky/pml-v2.2/V2.2c/yearly/Ec/PML-V2.2c_Ec_2022.nc" [1]
2026-10-05 14:23:12 URL: ftp://ftp3.tpdc.ac.cn:6201/PML/V2.2c/yearly/Ec/PML-V2.2c_Ec_2024.nc [4327639] -> "/glade/derecho/scratch/bbuchovecky/pml-v2.2/V2.2c/yearly/Ec/PML-V2.2c_Ec_2024.nc" [1]
2026-10-05 14:23:44 URL: ftp://ftp2.tpdc.ac.cn:6201/PML/V2.2c/yearly/Ec/PML-V2.2c_Ec_2025.nc [4313582] -> "/glade/derecho/scratch/bbuchovecky/pml-v2.2/V2.2c/yearly/Ec/PML-V2.2c_Ec_2025.nc" [1]
2026-10-05 14:24:43 URL: ftp://ftp3.tpdc.ac.cn:6201/PML/V2.2c/yearly/Es/PML-V2.2c_Es_1984.nc [4700598] -> "/glade/derecho/scratch/bbuchovecky/pml-v2.2/V2.2c/yearly/Es/PML-V2.2c_Es_1984.nc" [1]
2026-10-05 14:25:07 URL: ftp://ftp2.tpdc.ac.cn:6201/PML/V2.2c/yearly/Es/PML-V2.2c_Es_1983.nc [4724079] -> "/glade/derecho/scratch/bbuchovecky/pml-v2.2/V2.2c/yearly/Es/PML-V2.2c_Es_1983.nc" [1]
2026-10-05 14:25:10 URL: ftp://ftp2.tpdc.ac.cn:6201/PML/V2.2c/yearly/Es/PML-V2.2c_Es_1985.nc [4750380] -> "/glade/derecho/scratch/bbuchovecky/pml-v2.2/V2.2c/yearly/Es/PML-V2.2c_Es_1985.nc" [1]
2026-10-05 14:25:10 URL: ftp://ftp3.tpdc.ac.cn:6201/PML/V2.2c/yearly/Es/PML-V2.2c_Es_1982.nc [4747210] -> "/glade/derecho/scratch/bbuchovecky/pml-v2.2/V2.2c/yearly/Es/PML-V2.2c_Es_1982.nc" [1]
2026-10-05 14:25:18 URL: ftp://ftp3.tpdc.ac.cn:6201/PML/V2.2c/yearly/Es/PML-V2.2c_Es_1986.nc [4726784] -> "/glade/derecho/scratch/bbuchovecky/pml-v2.2/V2.2c/yearly/Es/PML-V2.2c_Es_1986.nc" [1]
2026-10-05 14:25:21 URL: ftp://ftp2.tpdc.ac.cn:6201/PML/V2.2c/yearly/Es/PML-V2.2c_Es_1987.nc [4722434] -> "/glade/derecho/scratch/bbuchovecky/pml-v2.2/V2.2c/yearly/Es/PML-V2.2c_Es_1987.nc" [1]
2026-10-05 14:25:38 URL: ftp://ftp3.tpdc.ac.cn:6201/PML/V2.2c/yearly/Es/PML-V2.2c_Es_1988.nc [4744584] -> "/glade/derecho/scratch/bbuchovecky/pml-v2.2/V2.2c/yearly/Es/PML-V2.2c_Es_1988.nc" [1]
2026-10-05 14:26:08 URL: ftp://ftp2.tpdc.ac.cn:6201/PML/V2.2c/yearly/Es/PML-V2.2c_Es_1989.nc [4757581] -> "/glade/derecho/scratch/bbuchovecky/pml-v2.2/V2.2c/yearly/Es/PML-V2.2c_Es_1989.nc" [1]
2026-10-05 14:26:58 URL: ftp://ftp3.tpdc.ac.cn:6201/PML/V2.2c/yearly/Es/PML-V2.2c_Es_1990.nc [4728936] -> "/glade/derecho/scratch/bbuchovecky/pml-v2.2/V2.2c/yearly/Es/PML-V2.2c_Es_1990.nc" [1]
2026-10-05 14:27:03 URL: ftp://ftp2.tpdc.ac.cn:6201/PML/V2.2c/yearly/Es/PML-V2.2c_Es_1991.nc [4750085] -> "/glade/derecho/scratch/bbuchovecky/pml-v2.2/V2.2c/yearly/Es/PML-V2.2c_Es_1991.nc" [1]
2026-10-05 14:27:06 URL: ftp://ftp3.tpdc.ac.cn:6201/PML/V2.2c/yearly/Es/PML-V2.2c_Es_1992.nc [4736792] -> "/glade/derecho/scratch/bbuchovecky/pml-v2.2/V2.2c/yearly/Es/PML-V2.2c_Es_1992.nc" [1]
2026-10-05 14:27:17 URL: ftp://ftp3.tpdc.ac.cn:6201/PML/V2.2c/yearly/Es/PML-V2.2c_Es_1994.nc [4755329] -> "/glade/derecho/scratch/bbuchovecky/pml-v2.2/V2.2c/yearly/Es/PML-V2.2c_Es_1994.nc" [1]
2026-10-05 14:27:35 URL: ftp://ftp2.tpdc.ac.cn:6201/PML/V2.2c/yearly/Es/PML-V2.2c_Es_1995.nc [4751438] -> "/glade/derecho/scratch/bbuchovecky/pml-v2.2/V2.2c/yearly/Es/PML-V2.2c_Es_1995.nc" [1]
2026-10-05 14:27:36 URL: ftp://ftp2.tpdc.ac.cn:6201/PML/V2.2c/yearly/Es/PML-V2.2c_Es_1993.nc [4742420] -> "/glade/derecho/scratch/bbuchovecky/pml-v2.2/V2.2c/yearly/Es/PML-V2.2c_Es_1993.nc" [1]
2026-10-05 14:27:51 URL: ftp://ftp3.tpdc.ac.cn:6201/PML/V2.2c/yearly/Es/PML-V2.2c_Es_1996.nc [4723712] -> "/glade/derecho/scratch/bbuchovecky/pml-v2.2/V2.2c/yearly/Es/PML-V2.2c_Es_1996.nc" [1]
2026-10-05 14:28:11 URL: ftp://ftp2.tpdc.ac.cn:6201/PML/V2.2c/yearly/Es/PML-V2.2c_Es_1997.nc [4743851] -> "/glade/derecho/scratch/bbuchovecky/pml-v2.2/V2.2c/yearly/Es/PML-V2.2c_Es_1997.nc" [1]
2026-10-05 14:29:13 URL: ftp://ftp3.tpdc.ac.cn:6201/PML/V2.2c/yearly/Es/PML-V2.2c_Es_2000.nc [4732563] -> "/glade/derecho/scratch/bbuchovecky/pml-v2.2/V2.2c/yearly/Es/PML-V2.2c_Es_2000.nc" [1]
2026-10-05 14:29:17 URL: ftp://ftp2.tpdc.ac.cn:6201/PML/V2.2c/yearly/Es/PML-V2.2c_Es_1999.nc [4734106] -> "/glade/derecho/scratch/bbuchovecky/pml-v2.2/V2.2c/yearly/Es/PML-V2.2c_Es_1999.nc" [1]
2026-10-05 14:29:19 URL: ftp://ftp3.tpdc.ac.cn:6201/PML/V2.2c/yearly/Es/PML-V2.2c_Es_1998.nc [4740367] -> "/glade/derecho/scratch/bbuchovecky/pml-v2.2/V2.2c/yearly/Es/PML-V2.2c_Es_1998.nc" [1]
2026-10-05 14:29:42 URL: ftp://ftp2.tpdc.ac.cn:6201/PML/V2.2c/yearly/Es/PML-V2.2c_Es_2003.nc [4733313] -> "/glade/derecho/scratch/bbuchovecky/pml-v2.2/V2.2c/yearly/Es/PML-V2.2c_Es_2003.nc" [1]
2026-10-05 14:29:44 URL: ftp://ftp2.tpdc.ac.cn:6201/PML/V2.2c/yearly/Es/PML-V2.2c_Es_2001.nc [4705939] -> "/glade/derecho/scratch/bbuchovecky/pml-v2.2/V2.2c/yearly/Es/PML-V2.2c_Es_2001.nc" [1]
2026-10-05 14:29:44 URL: ftp://ftp3.tpdc.ac.cn:6201/PML/V2.2c/yearly/Es/PML-V2.2c_Es_2002.nc [4746248] -> "/glade/derecho/scratch/bbuchovecky/pml-v2.2/V2.2c/yearly/Es/PML-V2.2c_Es_2002.nc" [1]
2026-10-05 14:30:10 URL: ftp://ftp3.tpdc.ac.cn:6201/PML/V2.2c/yearly/Es/PML-V2.2c_Es_2004.nc [4724660] -> "/glade/derecho/scratch/bbuchovecky/pml-v2.2/V2.2c/yearly/Es/PML-V2.2c_Es_2004.nc" [1]
2026-10-05 14:30:14 URL: ftp://ftp2.tpdc.ac.cn:6201/PML/V2.2c/yearly/Es/PML-V2.2c_Es_2005.nc [4746434] -> "/glade/derecho/scratch/bbuchovecky/pml-v2.2/V2.2c/yearly/Es/PML-V2.2c_Es_2005.nc" [1]
2026-10-05 14:31:14 URL: ftp://ftp3.tpdc.ac.cn:6201/PML/V2.2c/yearly/Es/PML-V2.2c_Es_2006.nc [4747116] -> "/glade/derecho/scratch/bbuchovecky/pml-v2.2/V2.2c/yearly/Es/PML-V2.2c_Es_2006.nc" [1]
2026-10-05 14:31:33 URL: ftp://ftp3.tpdc.ac.cn:6201/PML/V2.2c/yearly/Es/PML-V2.2c_Es_2008.nc [4743455] -> "/glade/derecho/scratch/bbuchovecky/pml-v2.2/V2.2c/yearly/Es/PML-V2.2c_Es_2008.nc" [1]
2026-10-05 14:31:41 URL: ftp://ftp2.tpdc.ac.cn:6201/PML/V2.2c/yearly/Es/PML-V2.2c_Es_2011.nc [4729946] -> "/glade/derecho/scratch/bbuchovecky/pml-v2.2/V2.2c/yearly/Es/PML-V2.2c_Es_2011.nc" [1]
2026-10-05 14:31:42 URL: ftp://ftp2.tpdc.ac.cn:6201/PML/V2.2c/yearly/Es/PML-V2.2c_Es_2007.nc [4732361] -> "/glade/derecho/scratch/bbuchovecky/pml-v2.2/V2.2c/yearly/Es/PML-V2.2c_Es_2007.nc" [1]
2026-10-05 14:32:03 URL: ftp://ftp3.tpdc.ac.cn:6201/PML/V2.2c/yearly/Es/PML-V2.2c_Es_2010.nc [4742314] -> "/glade/derecho/scratch/bbuchovecky/pml-v2.2/V2.2c/yearly/Es/PML-V2.2c_Es_2010.nc" [1]
2026-10-05 14:32:06 URL: ftp://ftp2.tpdc.ac.cn:6201/PML/V2.2c/yearly/Es/PML-V2.2c_Es_2009.nc [4757588] -> "/glade/derecho/scratch/bbuchovecky/pml-v2.2/V2.2c/yearly/Es/PML-V2.2c_Es_2009.nc" [1]
2026-10-05 14:32:26 URL: ftp://ftp2.tpdc.ac.cn:6201/PML/V2.2c/yearly/Es/PML-V2.2c_Es_2013.nc [4741380] -> "/glade/derecho/scratch/bbuchovecky/pml-v2.2/V2.2c/yearly/Es/PML-V2.2c_Es_2013.nc" [1]
2026-10-05 14:32:30 URL: ftp://ftp3.tpdc.ac.cn:6201/PML/V2.2c/yearly/Es/PML-V2.2c_Es_2012.nc [4745143] -> "/glade/derecho/scratch/bbuchovecky/pml-v2.2/V2.2c/yearly/Es/PML-V2.2c_Es_2012.nc" [1]
2026-10-05 14:33:14 URL: ftp://ftp3.tpdc.ac.cn:6201/PML/V2.2c/yearly/Es/PML-V2.2c_Es_2014.nc [4748246] -> "/glade/derecho/scratch/bbuchovecky/pml-v2.2/V2.2c/yearly/Es/PML-V2.2c_Es_2014.nc" [1]
2026-10-05 14:33:44 URL: ftp://ftp2.tpdc.ac.cn:6201/PML/V2.2c/yearly/Es/PML-V2.2c_Es_2017.nc [4747824] -> "/glade/derecho/scratch/bbuchovecky/pml-v2.2/V2.2c/yearly/Es/PML-V2.2c_Es_2017.nc" [1]
2026-10-05 14:33:50 URL: ftp://ftp2.tpdc.ac.cn:6201/PML/V2.2c/yearly/Es/PML-V2.2c_Es_2015.nc [4746243] -> "/glade/derecho/scratch/bbuchovecky/pml-v2.2/V2.2c/yearly/Es/PML-V2.2c_Es_2015.nc" [1]
2026-10-05 14:34:00 URL: ftp://ftp3.tpdc.ac.cn:6201/PML/V2.2c/yearly/Es/PML-V2.2c_Es_2016.nc [4747302] -> "/glade/derecho/scratch/bbuchovecky/pml-v2.2/V2.2c/yearly/Es/PML-V2.2c_Es_2016.nc" [1]
2026-10-05 14:34:02 URL: ftp://ftp3.tpdc.ac.cn:6201/PML/V2.2c/yearly/Es/PML-V2.2c_Es_2018.nc [4767678] -> "/glade/derecho/scratch/bbuchovecky/pml-v2.2/V2.2c/yearly/Es/PML-V2.2c_Es_2018.nc" [1]
2026-10-05 14:34:23 URL: ftp://ftp3.tpdc.ac.cn:6201/PML/V2.2c/yearly/Es/PML-V2.2c_Es_2020.nc [4743943] -> "/glade/derecho/scratch/bbuchovecky/pml-v2.2/V2.2c/yearly/Es/PML-V2.2c_Es_2020.nc" [1]
2026-10-05 14:34:25 URL: ftp://ftp2.tpdc.ac.cn:6201/PML/V2.2c/yearly/Es/PML-V2.2c_Es_2019.nc [4757397] -> "/glade/derecho/scratch/bbuchovecky/pml-v2.2/V2.2c/yearly/Es/PML-V2.2c_Es_2019.nc" [1]
2026-10-05 14:34:44 URL: ftp://ftp2.tpdc.ac.cn:6201/PML/V2.2c/yearly/Es/PML-V2.2c_Es_2021.nc [4743563] -> "/glade/derecho/scratch/bbuchovecky/pml-v2.2/V2.2c/yearly/Es/PML-V2.2c_Es_2021.nc" [1]
2026-10-05 14:35:32 URL: ftp://ftp3.tpdc.ac.cn:6201/PML/V2.2c/yearly/Es/PML-V2.2c_Es_2022.nc [4743004] -> "/glade/derecho/scratch/bbuchovecky/pml-v2.2/V2.2c/yearly/Es/PML-V2.2c_Es_2022.nc" [1]
2026-10-05 14:35:43 URL: ftp://ftp3.tpdc.ac.cn:6201/PML/V2.2c/yearly/Ei/PML-V2.2c_Ei_1982.nc [3524047] -> "/glade/derecho/scratch/bbuchovecky/pml-v2.2/V2.2c/yearly/Ei/PML-V2.2c_Ei_1982.nc" [1]
2026-10-05 14:35:55 URL: ftp://ftp2.tpdc.ac.cn:6201/PML/V2.2c/yearly/Es/PML-V2.2c_Es_2023.nc [4757639] -> "/glade/derecho/scratch/bbuchovecky/pml-v2.2/V2.2c/yearly/Es/PML-V2.2c_Es_2023.nc" [1]
2026-10-05 14:36:07 URL: ftp://ftp3.tpdc.ac.cn:6201/PML/V2.2c/yearly/Ei/PML-V2.2c_Ei_1984.nc [3520020] -> "/glade/derecho/scratch/bbuchovecky/pml-v2.2/V2.2c/yearly/Ei/PML-V2.2c_Ei_1984.nc" [1]
2026-10-05 14:36:08 URL: ftp://ftp2.tpdc.ac.cn:6201/PML/V2.2c/yearly/Ei/PML-V2.2c_Ei_1983.nc [3527884] -> "/glade/derecho/scratch/bbuchovecky/pml-v2.2/V2.2c/yearly/Ei/PML-V2.2c_Ei_1983.nc" [1]
2026-10-05 14:36:13 URL: ftp://ftp2.tpdc.ac.cn:6201/PML/V2.2c/yearly/Es/PML-V2.2c_Es_2025.nc [4759201] -> "/glade/derecho/scratch/bbuchovecky/pml-v2.2/V2.2c/yearly/Es/PML-V2.2c_Es_2025.nc" [1]
2026-10-05 14:36:24 URL: ftp://ftp3.tpdc.ac.cn:6201/PML/V2.2c/yearly/Es/PML-V2.2c_Es_2024.nc [4772950] -> "/glade/derecho/scratch/bbuchovecky/pml-v2.2/V2.2c/yearly/Es/PML-V2.2c_Es_2024.nc" [1]
2026-10-05 14:36:39 URL: ftp://ftp2.tpdc.ac.cn:6201/PML/V2.2c/yearly/Ei/PML-V2.2c_Ei_1985.nc [3513114] -> "/glade/derecho/scratch/bbuchovecky/pml-v2.2/V2.2c/yearly/Ei/PML-V2.2c_Ei_1985.nc" [1]
2026-10-05 14:37:14 URL: ftp://ftp3.tpdc.ac.cn:6201/PML/V2.2c/yearly/Ei/PML-V2.2c_Ei_1986.nc [3508676] -> "/glade/derecho/scratch/bbuchovecky/pml-v2.2/V2.2c/yearly/Ei/PML-V2.2c_Ei_1986.nc" [1]
2026-10-05 14:37:20 URL: ftp://ftp2.tpdc.ac.cn:6201/PML/V2.2c/yearly/Ei/PML-V2.2c_Ei_1987.nc [3520538] -> "/glade/derecho/scratch/bbuchovecky/pml-v2.2/V2.2c/yearly/Ei/PML-V2.2c_Ei_1987.nc" [1]
2026-10-05 14:37:21 URL: ftp://ftp3.tpdc.ac.cn:6201/PML/V2.2c/yearly/Ei/PML-V2.2c_Ei_1988.nc [3522456] -> "/glade/derecho/scratch/bbuchovecky/pml-v2.2/V2.2c/yearly/Ei/PML-V2.2c_Ei_1988.nc" [1]
2026-10-05 14:37:42 URL: ftp://ftp3.tpdc.ac.cn:6201/PML/V2.2c/yearly/Ei/PML-V2.2c_Ei_1990.nc [3524892] -> "/glade/derecho/scratch/bbuchovecky/pml-v2.2/V2.2c/yearly/Ei/PML-V2.2c_Ei_1990.nc" [1]
2026-10-05 14:37:43 URL: ftp://ftp3.tpdc.ac.cn:6201/PML/V2.2c/yearly/Ei/PML-V2.2c_Ei_1992.nc [3518691] -> "/glade/derecho/scratch/bbuchovecky/pml-v2.2/V2.2c/yearly/Ei/PML-V2.2c_Ei_1992.nc" [1]
2026-10-05 14:37:43 URL: ftp://ftp2.tpdc.ac.cn:6201/PML/V2.2c/yearly/Ei/PML-V2.2c_Ei_1991.nc [3520652] -> "/glade/derecho/scratch/bbuchovecky/pml-v2.2/V2.2c/yearly/Ei/PML-V2.2c_Ei_1991.nc" [1]
2026-10-05 14:37:43 URL: ftp://ftp2.tpdc.ac.cn:6201/PML/V2.2c/yearly/Ei/PML-V2.2c_Ei_1989.nc [3530734] -> "/glade/derecho/scratch/bbuchovecky/pml-v2.2/V2.2c/yearly/Ei/PML-V2.2c_Ei_1989.nc" [1]
2026-10-05 14:38:16 URL: ftp://ftp2.tpdc.ac.cn:6201/PML/V2.2c/yearly/Ei/PML-V2.2c_Ei_1993.nc [3534282] -> "/glade/derecho/scratch/bbuchovecky/pml-v2.2/V2.2c/yearly/Ei/PML-V2.2c_Ei_1993.nc" [1]
2026-10-05 14:39:03 URL: ftp://ftp3.tpdc.ac.cn:6201/PML/V2.2c/yearly/Ei/PML-V2.2c_Ei_1996.nc [3516441] -> "/glade/derecho/scratch/bbuchovecky/pml-v2.2/V2.2c/yearly/Ei/PML-V2.2c_Ei_1996.nc" [1]
2026-10-05 14:39:04 URL: ftp://ftp3.tpdc.ac.cn:6201/PML/V2.2c/yearly/Ei/PML-V2.2c_Ei_1994.nc [3535158] -> "/glade/derecho/scratch/bbuchovecky/pml-v2.2/V2.2c/yearly/Ei/PML-V2.2c_Ei_1994.nc" [1]
2026-10-05 14:39:14 URL: ftp://ftp2.tpdc.ac.cn:6201/PML/V2.2c/yearly/Ei/PML-V2.2c_Ei_1995.nc [3541071] -> "/glade/derecho/scratch/bbuchovecky/pml-v2.2/V2.2c/yearly/Ei/PML-V2.2c_Ei_1995.nc" [1]
2026-10-05 14:39:16 URL: ftp://ftp3.tpdc.ac.cn:6201/PML/V2.2c/yearly/Ei/PML-V2.2c_Ei_1998.nc [3548215] -> "/glade/derecho/scratch/bbuchovecky/pml-v2.2/V2.2c/yearly/Ei/PML-V2.2c_Ei_1998.nc" [1]
2026-10-05 14:39:31 URL: ftp://ftp2.tpdc.ac.cn:6201/PML/V2.2c/yearly/Ei/PML-V2.2c_Ei_1997.nc [3550147] -> "/glade/derecho/scratch/bbuchovecky/pml-v2.2/V2.2c/yearly/Ei/PML-V2.2c_Ei_1997.nc" [1]
2026-10-05 14:39:33 URL: ftp://ftp3.tpdc.ac.cn:6201/PML/V2.2c/yearly/Ei/PML-V2.2c_Ei_2000.nc [3553690] -> "/glade/derecho/scratch/bbuchovecky/pml-v2.2/V2.2c/yearly/Ei/PML-V2.2c_Ei_2000.nc" [1]
2026-10-05 14:39:35 URL: ftp://ftp2.tpdc.ac.cn:6201/PML/V2.2c/yearly/Ei/PML-V2.2c_Ei_2001.nc [3540206] -> "/glade/derecho/scratch/bbuchovecky/pml-v2.2/V2.2c/yearly/Ei/PML-V2.2c_Ei_2001.nc" [1]
2026-10-05 14:39:39 URL: ftp://ftp2.tpdc.ac.cn:6201/PML/V2.2c/yearly/Ei/PML-V2.2c_Ei_1999.nc [3532323] -> "/glade/derecho/scratch/bbuchovecky/pml-v2.2/V2.2c/yearly/Ei/PML-V2.2c_Ei_1999.nc" [1]
2026-10-05 14:40:42 URL: ftp://ftp2.tpdc.ac.cn:6201/PML/V2.2c/yearly/Ei/PML-V2.2c_Ei_2003.nc [3554668] -> "/glade/derecho/scratch/bbuchovecky/pml-v2.2/V2.2c/yearly/Ei/PML-V2.2c_Ei_2003.nc" [1]
2026-10-05 14:40:42 URL: ftp://ftp3.tpdc.ac.cn:6201/PML/V2.2c/yearly/Ei/PML-V2.2c_Ei_2002.nc [3531819] -> "/glade/derecho/scratch/bbuchovecky/pml-v2.2/V2.2c/yearly/Ei/PML-V2.2c_Ei_2002.nc" [1]
2026-10-05 14:40:46 URL: ftp://ftp2.tpdc.ac.cn:6201/PML/V2.2c/yearly/Ei/PML-V2.2c_Ei_2005.nc [3542290] -> "/glade/derecho/scratch/bbuchovecky/pml-v2.2/V2.2c/yearly/Ei/PML-V2.2c_Ei_2005.nc" [1]
2026-10-05 14:40:54 URL: ftp://ftp3.tpdc.ac.cn:6201/PML/V2.2c/yearly/Ei/PML-V2.2c_Ei_2004.nc [3543081] -> "/glade/derecho/scratch/bbuchovecky/pml-v2.2/V2.2c/yearly/Ei/PML-V2.2c_Ei_2004.nc" [1]
2026-10-05 14:40:56 URL: ftp://ftp3.tpdc.ac.cn:6201/PML/V2.2c/yearly/Ei/PML-V2.2c_Ei_2006.nc [3557688] -> "/glade/derecho/scratch/bbuchovecky/pml-v2.2/V2.2c/yearly/Ei/PML-V2.2c_Ei_2006.nc" [1]
2026-10-05 14:41:05 URL: ftp://ftp2.tpdc.ac.cn:6201/PML/V2.2c/yearly/Ei/PML-V2.2c_Ei_2009.nc [3542824] -> "/glade/derecho/scratch/bbuchovecky/pml-v2.2/V2.2c/yearly/Ei/PML-V2.2c_Ei_2009.nc" [1]
2026-10-05 14:41:11 URL: ftp://ftp2.tpdc.ac.cn:6201/PML/V2.2c/yearly/Ei/PML-V2.2c_Ei_2007.nc [3557951] -> "/glade/derecho/scratch/bbuchovecky/pml-v2.2/V2.2c/yearly/Ei/PML-V2.2c_Ei_2007.nc" [1]
2026-10-05 14:41:21 URL: ftp://ftp3.tpdc.ac.cn:6201/PML/V2.2c/yearly/Ei/PML-V2.2c_Ei_2008.nc [3527808] -> "/glade/derecho/scratch/bbuchovecky/pml-v2.2/V2.2c/yearly/Ei/PML-V2.2c_Ei_2008.nc" [1]
2026-10-05 14:42:04 URL: ftp://ftp3.tpdc.ac.cn:6201/PML/V2.2c/yearly/Ei/PML-V2.2c_Ei_2010.nc [3571505] -> "/glade/derecho/scratch/bbuchovecky/pml-v2.2/V2.2c/yearly/Ei/PML-V2.2c_Ei_2010.nc" [1]
2026-10-05 14:42:12 URL: ftp://ftp2.tpdc.ac.cn:6201/PML/V2.2c/yearly/Ei/PML-V2.2c_Ei_2011.nc [3589092] -> "/glade/derecho/scratch/bbuchovecky/pml-v2.2/V2.2c/yearly/Ei/PML-V2.2c_Ei_2011.nc" [1]
2026-10-05 14:42:17 URL: ftp://ftp2.tpdc.ac.cn:6201/PML/V2.2c/yearly/Ei/PML-V2.2c_Ei_2013.nc [3567598] -> "/glade/derecho/scratch/bbuchovecky/pml-v2.2/V2.2c/yearly/Ei/PML-V2.2c_Ei_2013.nc" [1]
2026-10-05 14:42:19 URL: ftp://ftp3.tpdc.ac.cn:6201/PML/V2.2c/yearly/Ei/PML-V2.2c_Ei_2014.nc [3568366] -> "/glade/derecho/scratch/bbuchovecky/pml-v2.2/V2.2c/yearly/Ei/PML-V2.2c_Ei_2014.nc" [1]
2026-10-05 14:42:27 URL: ftp://ftp3.tpdc.ac.cn:6201/PML/V2.2c/yearly/Ei/PML-V2.2c_Ei_2012.nc [3578535] -> "/glade/derecho/scratch/bbuchovecky/pml-v2.2/V2.2c/yearly/Ei/PML-V2.2c_Ei_2012.nc" [1]
2026-10-05 14:42:51 URL: ftp://ftp3.tpdc.ac.cn:6201/PML/V2.2c/yearly/Ei/PML-V2.2c_Ei_2016.nc [3600739] -> "/glade/derecho/scratch/bbuchovecky/pml-v2.2/V2.2c/yearly/Ei/PML-V2.2c_Ei_2016.nc" [1]
2026-10-05 14:42:52 URL: ftp://ftp2.tpdc.ac.cn:6201/PML/V2.2c/yearly/Ei/PML-V2.2c_Ei_2015.nc [3580840] -> "/glade/derecho/scratch/bbuchovecky/pml-v2.2/V2.2c/yearly/Ei/PML-V2.2c_Ei_2015.nc" [1]
2026-10-05 14:42:52 URL: ftp://ftp2.tpdc.ac.cn:6201/PML/V2.2c/yearly/Ei/PML-V2.2c_Ei_2017.nc [3586644] -> "/glade/derecho/scratch/bbuchovecky/pml-v2.2/V2.2c/yearly/Ei/PML-V2.2c_Ei_2017.nc" [1]
2026-10-05 14:43:31 URL: ftp://ftp3.tpdc.ac.cn:6201/PML/V2.2c/yearly/Ei/PML-V2.2c_Ei_2018.nc [3574698] -> "/glade/derecho/scratch/bbuchovecky/pml-v2.2/V2.2c/yearly/Ei/PML-V2.2c_Ei_2018.nc" [1]
2026-10-05 14:43:39 URL: ftp://ftp2.tpdc.ac.cn:6201/PML/V2.2c/yearly/Ei/PML-V2.2c_Ei_2019.nc [3562629] -> "/glade/derecho/scratch/bbuchovecky/pml-v2.2/V2.2c/yearly/Ei/PML-V2.2c_Ei_2019.nc" [1]
2026-10-05 14:43:42 URL: ftp://ftp2.tpdc.ac.cn:6201/PML/V2.2c/yearly/Ei/PML-V2.2c_Ei_2021.nc [3584262] -> "/glade/derecho/scratch/bbuchovecky/pml-v2.2/V2.2c/yearly/Ei/PML-V2.2c_Ei_2021.nc" [1]
2026-10-05 14:43:43 URL: ftp://ftp3.tpdc.ac.cn:6201/PML/V2.2c/yearly/Ei/PML-V2.2c_Ei_2020.nc [3581514] -> "/glade/derecho/scratch/bbuchovecky/pml-v2.2/V2.2c/yearly/Ei/PML-V2.2c_Ei_2020.nc" [1]
2026-10-05 14:43:49 URL: ftp://ftp3.tpdc.ac.cn:6201/PML/V2.2c/yearly/Ei/PML-V2.2c_Ei_2022.nc [3579943] -> "/glade/derecho/scratch/bbuchovecky/pml-v2.2/V2.2c/yearly/Ei/PML-V2.2c_Ei_2022.nc" [1]
2026-10-05 14:43:59 URL: ftp://ftp3.tpdc.ac.cn:6201/PML/V2.2c/yearly/Ei/PML-V2.2c_Ei_2024.nc [3589365] -> "/glade/derecho/scratch/bbuchovecky/pml-v2.2/V2.2c/yearly/Ei/PML-V2.2c_Ei_2024.nc" [1]
2026-10-05 14:44:15 URL: ftp://ftp2.tpdc.ac.cn:6201/PML/V2.2c/yearly/Ei/PML-V2.2c_Ei_2025.nc [3568978] -> "/glade/derecho/scratch/bbuchovecky/pml-v2.2/V2.2c/yearly/Ei/PML-V2.2c_Ei_2025.nc" [1]
2026-10-05 14:44:19 URL: ftp://ftp2.tpdc.ac.cn:6201/PML/V2.2c/yearly/Ei/PML-V2.2c_Ei_2023.nc [3564636] -> "/glade/derecho/scratch/bbuchovecky/pml-v2.2/V2.2c/yearly/Ei/PML-V2.2c_Ei_2023.nc" [1]
2026-10-05 14:45:39 URL: ftp://ftp3.tpdc.ac.cn:6201/PML/V2.2c/yearly/E/PML-V2.2c_E_1982.nc [5055934] -> "/glade/derecho/scratch/bbuchovecky/pml-v2.2/V2.2c/yearly/E/PML-V2.2c_E_1982.nc" [1]
2026-10-05 14:45:51 URL: ftp://ftp2.tpdc.ac.cn:6201/PML/V2.2c/yearly/E/PML-V2.2c_E_1983.nc [5040644] -> "/glade/derecho/scratch/bbuchovecky/pml-v2.2/V2.2c/yearly/E/PML-V2.2c_E_1983.nc" [1]
2026-10-05 14:45:59 URL: ftp://ftp2.tpdc.ac.cn:6201/PML/V2.2c/yearly/E/PML-V2.2c_E_1985.nc [5049354] -> "/glade/derecho/scratch/bbuchovecky/pml-v2.2/V2.2c/yearly/E/PML-V2.2c_E_1985.nc" [1]
2026-10-05 14:46:01 URL: ftp://ftp3.tpdc.ac.cn:6201/PML/V2.2c/yearly/E/PML-V2.2c_E_1984.nc [5009689] -> "/glade/derecho/scratch/bbuchovecky/pml-v2.2/V2.2c/yearly/E/PML-V2.2c_E_1984.nc" [1]
2026-10-05 14:46:03 URL: ftp://ftp2.tpdc.ac.cn:6201/PML/V2.2c/yearly/E/PML-V2.2c_E_1987.nc [5037338] -> "/glade/derecho/scratch/bbuchovecky/pml-v2.2/V2.2c/yearly/E/PML-V2.2c_E_1987.nc" [1]
2026-10-05 14:46:07 URL: ftp://ftp3.tpdc.ac.cn:6201/PML/V2.2c/yearly/E/PML-V2.2c_E_1986.nc [5047121] -> "/glade/derecho/scratch/bbuchovecky/pml-v2.2/V2.2c/yearly/E/PML-V2.2c_E_1986.nc" [1]
2026-10-05 14:46:27 URL: ftp://ftp3.tpdc.ac.cn:6201/PML/V2.2c/yearly/E/PML-V2.2c_E_1988.nc [5070308] -> "/glade/derecho/scratch/bbuchovecky/pml-v2.2/V2.2c/yearly/E/PML-V2.2c_E_1988.nc" [1]
2026-10-05 14:47:32 URL: ftp://ftp2.tpdc.ac.cn:6201/PML/V2.2c/yearly/E/PML-V2.2c_E_1989.nc [5062901] -> "/glade/derecho/scratch/bbuchovecky/pml-v2.2/V2.2c/yearly/E/PML-V2.2c_E_1989.nc" [1]
2026-10-05 14:47:37 URL: ftp://ftp3.tpdc.ac.cn:6201/PML/V2.2c/yearly/E/PML-V2.2c_E_1990.nc [5037044] -> "/glade/derecho/scratch/bbuchovecky/pml-v2.2/V2.2c/yearly/E/PML-V2.2c_E_1990.nc" [1]
2026-10-05 14:47:38 URL: ftp://ftp3.tpdc.ac.cn:6201/PML/V2.2c/yearly/E/PML-V2.2c_E_1992.nc [5060557] -> "/glade/derecho/scratch/bbuchovecky/pml-v2.2/V2.2c/yearly/E/PML-V2.2c_E_1992.nc" [1]
2026-10-05 14:47:56 URL: ftp://ftp2.tpdc.ac.cn:6201/PML/V2.2c/yearly/E/PML-V2.2c_E_1991.nc [5059614] -> "/glade/derecho/scratch/bbuchovecky/pml-v2.2/V2.2c/yearly/E/PML-V2.2c_E_1991.nc" [1]
2026-10-05 14:48:08 URL: ftp://ftp3.tpdc.ac.cn:6201/PML/V2.2c/yearly/E/PML-V2.2c_E_1994.nc [5077805] -> "/glade/derecho/scratch/bbuchovecky/pml-v2.2/V2.2c/yearly/E/PML-V2.2c_E_1994.nc" [1]
2026-10-05 14:48:21 URL: ftp://ftp2.tpdc.ac.cn:6201/PML/V2.2c/yearly/E/PML-V2.2c_E_1995.nc [5064756] -> "/glade/derecho/scratch/bbuchovecky/pml-v2.2/V2.2c/yearly/E/PML-V2.2c_E_1995.nc" [1]
2026-10-05 14:48:33 URL: ftp://ftp2.tpdc.ac.cn:6201/PML/V2.2c/yearly/E/PML-V2.2c_E_1993.nc [5045736] -> "/glade/derecho/scratch/bbuchovecky/pml-v2.2/V2.2c/yearly/E/PML-V2.2c_E_1993.nc" [1]
2026-10-05 14:48:58 URL: ftp://ftp3.tpdc.ac.cn:6201/PML/V2.2c/yearly/E/PML-V2.2c_E_1996.nc [5040130] -> "/glade/derecho/scratch/bbuchovecky/pml-v2.2/V2.2c/yearly/E/PML-V2.2c_E_1996.nc" [1]
2026-10-05 14:49:39 URL: ftp://ftp2.tpdc.ac.cn:6201/PML/V2.2c/yearly/E/PML-V2.2c_E_1997.nc [5066339] -> "/glade/derecho/scratch/bbuchovecky/pml-v2.2/V2.2c/yearly/E/PML-V2.2c_E_1997.nc" [1]
2026-10-05 14:49:50 URL: ftp://ftp3.tpdc.ac.cn:6201/PML/V2.2c/yearly/E/PML-V2.2c_E_1998.nc [5058268] -> "/glade/derecho/scratch/bbuchovecky/pml-v2.2/V2.2c/yearly/E/PML-V2.2c_E_1998.nc" [1]
2026-10-05 14:49:58 URL: ftp://ftp2.tpdc.ac.cn:6201/PML/V2.2c/yearly/E/PML-V2.2c_E_1999.nc [5060136] -> "/glade/derecho/scratch/bbuchovecky/pml-v2.2/V2.2c/yearly/E/PML-V2.2c_E_1999.nc" [1]
2026-10-05 14:50:03 URL: ftp://ftp3.tpdc.ac.cn:6201/PML/V2.2c/yearly/E/PML-V2.2c_E_2000.nc [5020857] -> "/glade/derecho/scratch/bbuchovecky/pml-v2.2/V2.2c/yearly/E/PML-V2.2c_E_2000.nc" [1]
2026-10-05 14:50:28 URL: ftp://ftp2.tpdc.ac.cn:6201/PML/V2.2c/yearly/E/PML-V2.2c_E_2001.nc [5009905] -> "/glade/derecho/scratch/bbuchovecky/pml-v2.2/V2.2c/yearly/E/PML-V2.2c_E_2001.nc" [1]
2026-10-05 14:50:36 URL: ftp://ftp2.tpdc.ac.cn:6201/PML/V2.2c/yearly/E/PML-V2.2c_E_2003.nc [5033039] -> "/glade/derecho/scratch/bbuchovecky/pml-v2.2/V2.2c/yearly/E/PML-V2.2c_E_2003.nc" [1]
2026-10-05 14:50:55 URL: ftp://ftp3.tpdc.ac.cn:6201/PML/V2.2c/yearly/E/PML-V2.2c_E_2002.nc [5053819] -> "/glade/derecho/scratch/bbuchovecky/pml-v2.2/V2.2c/yearly/E/PML-V2.2c_E_2002.nc" [1]
2026-10-05 14:51:22 URL: ftp://ftp3.tpdc.ac.cn:6201/PML/V2.2c/yearly/E/PML-V2.2c_E_2004.nc [5031090] -> "/glade/derecho/scratch/bbuchovecky/pml-v2.2/V2.2c/yearly/E/PML-V2.2c_E_2004.nc" [1]
2026-10-05 14:51:47 URL: ftp://ftp2.tpdc.ac.cn:6201/PML/V2.2c/yearly/E/PML-V2.2c_E_2005.nc [5054204] -> "/glade/derecho/scratch/bbuchovecky/pml-v2.2/V2.2c/yearly/E/PML-V2.2c_E_2005.nc" [1]
2026-10-05 14:52:11 URL: ftp://ftp2.tpdc.ac.cn:6201/PML/V2.2c/yearly/E/PML-V2.2c_E_2007.nc [5042392] -> "/glade/derecho/scratch/bbuchovecky/pml-v2.2/V2.2c/yearly/E/PML-V2.2c_E_2007.nc" [1]
2026-10-05 14:52:15 URL: ftp://ftp3.tpdc.ac.cn:6201/PML/V2.2c/yearly/E/PML-V2.2c_E_2006.nc [5054275] -> "/glade/derecho/scratch/bbuchovecky/pml-v2.2/V2.2c/yearly/E/PML-V2.2c_E_2006.nc" [1]
2026-10-05 14:52:16 URL: ftp://ftp3.tpdc.ac.cn:6201/PML/V2.2c/yearly/E/PML-V2.2c_E_2008.nc [5044107] -> "/glade/derecho/scratch/bbuchovecky/pml-v2.2/V2.2c/yearly/E/PML-V2.2c_E_2008.nc" [1]
2026-10-05 14:52:47 URL: ftp://ftp2.tpdc.ac.cn:6201/PML/V2.2c/yearly/E/PML-V2.2c_E_2009.nc [5071913] -> "/glade/derecho/scratch/bbuchovecky/pml-v2.2/V2.2c/yearly/E/PML-V2.2c_E_2009.nc" [1]
2026-10-05 14:52:52 URL: ftp://ftp3.tpdc.ac.cn:6201/PML/V2.2c/yearly/E/PML-V2.2c_E_2010.nc [5053536] -> "/glade/derecho/scratch/bbuchovecky/pml-v2.2/V2.2c/yearly/E/PML-V2.2c_E_2010.nc" [1]
2026-10-05 14:53:14 URL: ftp://ftp2.tpdc.ac.cn:6201/PML/V2.2c/yearly/E/PML-V2.2c_E_2011.nc [5050009] -> "/glade/derecho/scratch/bbuchovecky/pml-v2.2/V2.2c/yearly/E/PML-V2.2c_E_2011.nc" [1]
2026-10-05 14:53:34 URL: ftp://ftp3.tpdc.ac.cn:6201/PML/V2.2c/yearly/E/PML-V2.2c_E_2012.nc [5066099] -> "/glade/derecho/scratch/bbuchovecky/pml-v2.2/V2.2c/yearly/E/PML-V2.2c_E_2012.nc" [1]
2026-10-05 14:54:08 URL: ftp://ftp2.tpdc.ac.cn:6201/PML/V2.2c/yearly/E/PML-V2.2c_E_2013.nc [5049582] -> "/glade/derecho/scratch/bbuchovecky/pml-v2.2/V2.2c/yearly/E/PML-V2.2c_E_2013.nc" [1]
2026-10-05 14:54:17 URL: ftp://ftp2.tpdc.ac.cn:6201/PML/V2.2c/yearly/E/PML-V2.2c_E_2015.nc [5055017] -> "/glade/derecho/scratch/bbuchovecky/pml-v2.2/V2.2c/yearly/E/PML-V2.2c_E_2015.nc" [1]
2026-10-05 14:54:33 URL: ftp://ftp3.tpdc.ac.cn:6201/PML/V2.2c/yearly/E/PML-V2.2c_E_2014.nc [5059177] -> "/glade/derecho/scratch/bbuchovecky/pml-v2.2/V2.2c/yearly/E/PML-V2.2c_E_2014.nc" [1]
2026-10-05 14:54:40 URL: ftp://ftp3.tpdc.ac.cn:6201/PML/V2.2c/yearly/E/PML-V2.2c_E_2016.nc [5065672] -> "/glade/derecho/scratch/bbuchovecky/pml-v2.2/V2.2c/yearly/E/PML-V2.2c_E_2016.nc" [1]
2026-10-05 14:54:46 URL: ftp://ftp2.tpdc.ac.cn:6201/PML/V2.2c/yearly/E/PML-V2.2c_E_2017.nc [5057490] -> "/glade/derecho/scratch/bbuchovecky/pml-v2.2/V2.2c/yearly/E/PML-V2.2c_E_2017.nc" [1]
2026-10-05 14:55:16 URL: ftp://ftp3.tpdc.ac.cn:6201/PML/V2.2c/yearly/E/PML-V2.2c_E_2018.nc [5089398] -> "/glade/derecho/scratch/bbuchovecky/pml-v2.2/V2.2c/yearly/E/PML-V2.2c_E_2018.nc" [1]
2026-10-05 14:55:44 URL: ftp://ftp3.tpdc.ac.cn:6201/PML/V2.2c/yearly/Ew/PML-V2.2c_Ew_1982.nc [1007610] -> "/glade/derecho/scratch/bbuchovecky/pml-v2.2/V2.2c/yearly/Ew/PML-V2.2c_Ew_1982.nc" [1]
2026-10-05 14:55:56 URL: ftp://ftp3.tpdc.ac.cn:6201/PML/V2.2c/yearly/E/PML-V2.2c_E_2020.nc [5058100] -> "/glade/derecho/scratch/bbuchovecky/pml-v2.2/V2.2c/yearly/E/PML-V2.2c_E_2020.nc" [1]
2026-10-05 14:55:59 URL: ftp://ftp2.tpdc.ac.cn:6201/PML/V2.2c/yearly/E/PML-V2.2c_E_2019.nc [5077311] -> "/glade/derecho/scratch/bbuchovecky/pml-v2.2/V2.2c/yearly/E/PML-V2.2c_E_2019.nc" [1]
2026-10-05 14:56:19 URL: ftp://ftp2.tpdc.ac.cn:6201/PML/V2.2c/yearly/Ew/PML-V2.2c_Ew_1983.nc [1004977] -> "/glade/derecho/scratch/bbuchovecky/pml-v2.2/V2.2c/yearly/Ew/PML-V2.2c_Ew_1983.nc" [1]
2026-10-05 14:56:28 URL: ftp://ftp3.tpdc.ac.cn:6201/PML/V2.2c/yearly/Ew/PML-V2.2c_Ew_1984.nc [1006865] -> "/glade/derecho/scratch/bbuchovecky/pml-v2.2/V2.2c/yearly/Ew/PML-V2.2c_Ew_1984.nc" [1]
2026-10-05 14:56:30 URL: ftp://ftp2.tpdc.ac.cn:6201/PML/V2.2c/yearly/Ew/PML-V2.2c_Ew_1985.nc [1007496] -> "/glade/derecho/scratch/bbuchovecky/pml-v2.2/V2.2c/yearly/Ew/PML-V2.2c_Ew_1985.nc" [1]
2026-10-05 14:56:47 URL: ftp://ftp3.tpdc.ac.cn:6201/PML/V2.2c/yearly/Ew/PML-V2.2c_Ew_1986.nc [1005500] -> "/glade/derecho/scratch/bbuchovecky/pml-v2.2/V2.2c/yearly/Ew/PML-V2.2c_Ew_1986.nc" [1]
2026-10-05 14:56:56 URL: ftp://ftp2.tpdc.ac.cn:6201/PML/V2.2c/yearly/E/PML-V2.2c_E_2021.nc [5051870] -> "/glade/derecho/scratch/bbuchovecky/pml-v2.2/V2.2c/yearly/E/PML-V2.2c_E_2021.nc" [1]
2026-10-05 14:56:57 URL: ftp://ftp3.tpdc.ac.cn:6201/PML/V2.2c/yearly/Ew/PML-V2.2c_Ew_1988.nc [1007051] -> "/glade/derecho/scratch/bbuchovecky/pml-v2.2/V2.2c/yearly/Ew/PML-V2.2c_Ew_1988.nc" [1]
2026-10-05 14:56:58 URL: ftp://ftp3.tpdc.ac.cn:6201/PML/V2.2c/yearly/E/PML-V2.2c_E_2022.nc [5060309] -> "/glade/derecho/scratch/bbuchovecky/pml-v2.2/V2.2c/yearly/E/PML-V2.2c_E_2022.nc" [1]
2026-10-05 14:56:59 URL: ftp://ftp2.tpdc.ac.cn:6201/PML/V2.2c/yearly/Ew/PML-V2.2c_Ew_1987.nc [1003321] -> "/glade/derecho/scratch/bbuchovecky/pml-v2.2/V2.2c/yearly/Ew/PML-V2.2c_Ew_1987.nc" [1]
2026-10-05 14:57:05 URL: ftp://ftp2.tpdc.ac.cn:6201/PML/V2.2c/yearly/E/PML-V2.2c_E_2023.nc [5072762] -> "/glade/derecho/scratch/bbuchovecky/pml-v2.2/V2.2c/yearly/E/PML-V2.2c_E_2023.nc" [1]
2026-10-05 14:57:07 URL: ftp://ftp2.tpdc.ac.cn:6201/PML/V2.2c/yearly/E/PML-V2.2c_E_2025.nc [5077157] -> "/glade/derecho/scratch/bbuchovecky/pml-v2.2/V2.2c/yearly/E/PML-V2.2c_E_2025.nc" [1]
2026-10-05 14:57:18 URL: ftp://ftp3.tpdc.ac.cn:6201/PML/V2.2c/yearly/E/PML-V2.2c_E_2024.nc [5094904] -> "/glade/derecho/scratch/bbuchovecky/pml-v2.2/V2.2c/yearly/E/PML-V2.2c_E_2024.nc" [1]
2026-10-05 14:57:19 URL: ftp://ftp2.tpdc.ac.cn:6201/PML/V2.2c/yearly/Ew/PML-V2.2c_Ew_1991.nc [1010495] -> "/glade/derecho/scratch/bbuchovecky/pml-v2.2/V2.2c/yearly/Ew/PML-V2.2c_Ew_1991.nc" [1]
2026-10-05 14:57:20 URL: ftp://ftp3.tpdc.ac.cn:6201/PML/V2.2c/yearly/Ew/PML-V2.2c_Ew_1990.nc [1010152] -> "/glade/derecho/scratch/bbuchovecky/pml-v2.2/V2.2c/yearly/Ew/PML-V2.2c_Ew_1990.nc" [1]
2026-10-05 14:57:20 URL: ftp://ftp2.tpdc.ac.cn:6201/PML/V2.2c/yearly/Ew/PML-V2.2c_Ew_1989.nc [1008740] -> "/glade/derecho/scratch/bbuchovecky/pml-v2.2/V2.2c/yearly/Ew/PML-V2.2c_Ew_1989.nc" [1]
2026-10-05 14:57:24 URL: ftp://ftp3.tpdc.ac.cn:6201/PML/V2.2c/yearly/Ew/PML-V2.2c_Ew_1992.nc [1003874] -> "/glade/derecho/scratch/bbuchovecky/pml-v2.2/V2.2c/yearly/Ew/PML-V2.2c_Ew_1992.nc" [1]
2026-10-05 14:57:30 URL: ftp://ftp2.tpdc.ac.cn:6201/PML/V2.2c/yearly/Ew/PML-V2.2c_Ew_1995.nc [1011022] -> "/glade/derecho/scratch/bbuchovecky/pml-v2.2/V2.2c/yearly/Ew/PML-V2.2c_Ew_1995.nc" [1]
2026-10-05 14:57:33 URL: ftp://ftp2.tpdc.ac.cn:6201/PML/V2.2c/yearly/Ew/PML-V2.2c_Ew_1993.nc [1007787] -> "/glade/derecho/scratch/bbuchovecky/pml-v2.2/V2.2c/yearly/Ew/PML-V2.2c_Ew_1993.nc" [1]
2026-10-05 14:57:33 URL: ftp://ftp3.tpdc.ac.cn:6201/PML/V2.2c/yearly/Ew/PML-V2.2c_Ew_1994.nc [1009437] -> "/glade/derecho/scratch/bbuchovecky/pml-v2.2/V2.2c/yearly/Ew/PML-V2.2c_Ew_1994.nc" [1]
2026-10-05 14:57:43 URL: ftp://ftp3.tpdc.ac.cn:6201/PML/V2.2c/yearly/Ew/PML-V2.2c_Ew_1996.nc [1008641] -> "/glade/derecho/scratch/bbuchovecky/pml-v2.2/V2.2c/yearly/Ew/PML-V2.2c_Ew_1996.nc" [1]
2026-10-05 14:57:45 URL: ftp://ftp3.tpdc.ac.cn:6201/PML/V2.2c/yearly/Ew/PML-V2.2c_Ew_1998.nc [1011793] -> "/glade/derecho/scratch/bbuchovecky/pml-v2.2/V2.2c/yearly/Ew/PML-V2.2c_Ew_1998.nc" [1]
2026-10-05 14:57:48 URL: ftp://ftp2.tpdc.ac.cn:6201/PML/V2.2c/yearly/Ew/PML-V2.2c_Ew_1997.nc [1010337] -> "/glade/derecho/scratch/bbuchovecky/pml-v2.2/V2.2c/yearly/Ew/PML-V2.2c_Ew_1997.nc" [1]
2026-10-05 14:57:49 URL: ftp://ftp3.tpdc.ac.cn:6201/PML/V2.2c/yearly/Ew/PML-V2.2c_Ew_2000.nc [1014378] -> "/glade/derecho/scratch/bbuchovecky/pml-v2.2/V2.2c/yearly/Ew/PML-V2.2c_Ew_2000.nc" [1]
2026-10-05 14:57:50 URL: ftp://ftp2.tpdc.ac.cn:6201/PML/V2.2c/yearly/Ew/PML-V2.2c_Ew_1999.nc [1008219] -> "/glade/derecho/scratch/bbuchovecky/pml-v2.2/V2.2c/yearly/Ew/PML-V2.2c_Ew_1999.nc" [1]
2026-10-05 14:57:55 URL: ftp://ftp3.tpdc.ac.cn:6201/PML/V2.2c/yearly/Ew/PML-V2.2c_Ew_2002.nc [1013952] -> "/glade/derecho/scratch/bbuchovecky/pml-v2.2/V2.2c/yearly/Ew/PML-V2.2c_Ew_2002.nc" [1]
2026-10-05 14:58:04 URL: ftp://ftp2.tpdc.ac.cn:6201/PML/V2.2c/yearly/Ew/PML-V2.2c_Ew_2001.nc [1015276] -> "/glade/derecho/scratch/bbuchovecky/pml-v2.2/V2.2c/yearly/Ew/PML-V2.2c_Ew_2001.nc" [1]
2026-10-05 14:58:07 URL: ftp://ftp2.tpdc.ac.cn:6201/PML/V2.2c/yearly/Ew/PML-V2.2c_Ew_2003.nc [1016433] -> "/glade/derecho/scratch/bbuchovecky/pml-v2.2/V2.2c/yearly/Ew/PML-V2.2c_Ew_2003.nc" [1]
2026-10-05 14:58:16 URL: ftp://ftp3.tpdc.ac.cn:6201/PML/V2.2c/yearly/Ew/PML-V2.2c_Ew_2004.nc [1011377] -> "/glade/derecho/scratch/bbuchovecky/pml-v2.2/V2.2c/yearly/Ew/PML-V2.2c_Ew_2004.nc" [1]
2026-10-05 14:58:17 URL: ftp://ftp3.tpdc.ac.cn:6201/PML/V2.2c/yearly/Ew/PML-V2.2c_Ew_2006.nc [1012951] -> "/glade/derecho/scratch/bbuchovecky/pml-v2.2/V2.2c/yearly/Ew/PML-V2.2c_Ew_2006.nc" [1]
2026-10-05 14:58:19 URL: ftp://ftp2.tpdc.ac.cn:6201/PML/V2.2c/yearly/Ew/PML-V2.2c_Ew_2005.nc [1014100] -> "/glade/derecho/scratch/bbuchovecky/pml-v2.2/V2.2c/yearly/Ew/PML-V2.2c_Ew_2005.nc" [1]
2026-10-05 14:58:19 URL: ftp://ftp3.tpdc.ac.cn:6201/PML/V2.2c/yearly/Ew/PML-V2.2c_Ew_2008.nc [1011949] -> "/glade/derecho/scratch/bbuchovecky/pml-v2.2/V2.2c/yearly/Ew/PML-V2.2c_Ew_2008.nc" [1]
2026-10-05 14:58:20 URL: ftp://ftp2.tpdc.ac.cn:6201/PML/V2.2c/yearly/Ew/PML-V2.2c_Ew_2009.nc [1012084] -> "/glade/derecho/scratch/bbuchovecky/pml-v2.2/V2.2c/yearly/Ew/PML-V2.2c_Ew_2009.nc" [1]
2026-10-05 14:58:20 URL: ftp://ftp2.tpdc.ac.cn:6201/PML/V2.2c/yearly/Ew/PML-V2.2c_Ew_2007.nc [1014638] -> "/glade/derecho/scratch/bbuchovecky/pml-v2.2/V2.2c/yearly/Ew/PML-V2.2c_Ew_2007.nc" [1]
2026-10-05 14:58:27 URL: ftp://ftp3.tpdc.ac.cn:6201/PML/V2.2c/yearly/Ew/PML-V2.2c_Ew_2010.nc [1013550] -> "/glade/derecho/scratch/bbuchovecky/pml-v2.2/V2.2c/yearly/Ew/PML-V2.2c_Ew_2010.nc" [1]
2026-10-05 14:58:33 URL: ftp://ftp2.tpdc.ac.cn:6201/PML/V2.2c/yearly/Ew/PML-V2.2c_Ew_2011.nc [1013898] -> "/glade/derecho/scratch/bbuchovecky/pml-v2.2/V2.2c/yearly/Ew/PML-V2.2c_Ew_2011.nc" [1]
2026-10-05 14:58:42 URL: ftp://ftp3.tpdc.ac.cn:6201/PML/V2.2c/yearly/Ew/PML-V2.2c_Ew_2018.nc [1013702] -> "/glade/derecho/scratch/bbuchovecky/pml-v2.2/V2.2c/yearly/Ew/PML-V2.2c_Ew_2018.nc" [1]
2026-10-05 14:58:45 URL: ftp://ftp2.tpdc.ac.cn:6201/PML/V2.2c/yearly/Ew/PML-V2.2c_Ew_2013.nc [1011097] -> "/glade/derecho/scratch/bbuchovecky/pml-v2.2/V2.2c/yearly/Ew/PML-V2.2c_Ew_2013.nc" [1]
2026-10-05 14:58:46 URL: ftp://ftp3.tpdc.ac.cn:6201/PML/V2.2c/yearly/Ew/PML-V2.2c_Ew_2012.nc [1012256] -> "/glade/derecho/scratch/bbuchovecky/pml-v2.2/V2.2c/yearly/Ew/PML-V2.2c_Ew_2012.nc" [1]
2026-10-05 14:58:46 URL: ftp://ftp2.tpdc.ac.cn:6201/PML/V2.2c/yearly/Ew/PML-V2.2c_Ew_2015.nc [1009994] -> "/glade/derecho/scratch/bbuchovecky/pml-v2.2/V2.2c/yearly/Ew/PML-V2.2c_Ew_2015.nc" [1]
2026-10-05 14:58:48 URL: ftp://ftp3.tpdc.ac.cn:6201/PML/V2.2c/yearly/Ew/PML-V2.2c_Ew_2014.nc [1011106] -> "/glade/derecho/scratch/bbuchovecky/pml-v2.2/V2.2c/yearly/Ew/PML-V2.2c_Ew_2014.nc" [1]
2026-10-05 14:58:49 URL: ftp://ftp2.tpdc.ac.cn:6201/PML/V2.2c/yearly/Ew/PML-V2.2c_Ew_2017.nc [1010933] -> "/glade/derecho/scratch/bbuchovecky/pml-v2.2/V2.2c/yearly/Ew/PML-V2.2c_Ew_2017.nc" [1]
2026-10-05 14:58:53 URL: ftp://ftp3.tpdc.ac.cn:6201/PML/V2.2c/yearly/Ew/PML-V2.2c_Ew_2016.nc [1012987] -> "/glade/derecho/scratch/bbuchovecky/pml-v2.2/V2.2c/yearly/Ew/PML-V2.2c_Ew_2016.nc" [1]
2026-10-05 14:58:57 URL: ftp://ftp2.tpdc.ac.cn:6201/PML/V2.2c/yearly/Ew/PML-V2.2c_Ew_2019.nc [1016954] -> "/glade/derecho/scratch/bbuchovecky/pml-v2.2/V2.2c/yearly/Ew/PML-V2.2c_Ew_2019.nc" [1]
2026-10-05 14:59:05 URL: ftp://ftp3.tpdc.ac.cn:6201/PML/V2.2c/yearly/Ew/PML-V2.2c_Ew_2020.nc [1015822] -> "/glade/derecho/scratch/bbuchovecky/pml-v2.2/V2.2c/yearly/Ew/PML-V2.2c_Ew_2020.nc" [1]
2026-10-05 14:59:06 URL: ftp://ftp3.tpdc.ac.cn:6201/PML/V2.2c/yearly/Ew/PML-V2.2c_Ew_2022.nc [1014791] -> "/glade/derecho/scratch/bbuchovecky/pml-v2.2/V2.2c/yearly/Ew/PML-V2.2c_Ew_2022.nc" [1]
2026-10-05 14:59:08 URL: ftp://ftp2.tpdc.ac.cn:6201/PML/V2.2c/yearly/Ew/PML-V2.2c_Ew_2021.nc [1014484] -> "/glade/derecho/scratch/bbuchovecky/pml-v2.2/V2.2c/yearly/Ew/PML-V2.2c_Ew_2021.nc" [1]
2026-10-05 14:59:16 URL: ftp://ftp3.tpdc.ac.cn:6201/PML/V2.2c/yearly/Ew/PML-V2.2c_Ew_2024.nc [1011290] -> "/glade/derecho/scratch/bbuchovecky/pml-v2.2/V2.2c/yearly/Ew/PML-V2.2c_Ew_2024.nc" [1]
2026-10-05 14:59:22 URL: ftp://ftp2.tpdc.ac.cn:6201/PML/V2.2c/yearly/Ew/PML-V2.2c_Ew_2025.nc [1009020] -> "/glade/derecho/scratch/bbuchovecky/pml-v2.2/V2.2c/yearly/Ew/PML-V2.2c_Ew_2025.nc" [1]
2026-10-05 14:59:24 URL: ftp://ftp2.tpdc.ac.cn:6201/PML/V2.2c/yearly/Ew/PML-V2.2c_Ew_2023.nc [1012798] -> "/glade/derecho/scratch/bbuchovecky/pml-v2.2/V2.2c/yearly/Ew/PML-V2.2c_Ew_2023.nc" [1]
2026-10-05 15:00:55 URL: ftp://ftp3.tpdc.ac.cn:6201/PML/V2.2c/yearly/PET/PML-V2.2c_PET_1982.nc [5153988] -> "/glade/derecho/scratch/bbuchovecky/pml-v2.2/V2.2c/yearly/PET/PML-V2.2c_PET_1982.nc" [1]
2026-10-05 15:01:15 URL: ftp://ftp2.tpdc.ac.cn:6201/PML/V2.2c/yearly/PET/PML-V2.2c_PET_1985.nc [5144650] -> "/glade/derecho/scratch/bbuchovecky/pml-v2.2/V2.2c/yearly/PET/PML-V2.2c_PET_1985.nc" [1]
2026-10-05 15:01:17 URL: ftp://ftp2.tpdc.ac.cn:6201/PML/V2.2c/yearly/PET/PML-V2.2c_PET_1983.nc [5155348] -> "/glade/derecho/scratch/bbuchovecky/pml-v2.2/V2.2c/yearly/PET/PML-V2.2c_PET_1983.nc" [1]
2026-10-05 15:01:23 URL: ftp://ftp3.tpdc.ac.cn:6201/PML/V2.2c/yearly/PET/PML-V2.2c_PET_1984.nc [5157161] -> "/glade/derecho/scratch/bbuchovecky/pml-v2.2/V2.2c/yearly/PET/PML-V2.2c_PET_1984.nc" [1]
2026-10-05 15:01:31 URL: ftp://ftp3.tpdc.ac.cn:6201/PML/V2.2c/yearly/PET/PML-V2.2c_PET_1986.nc [5151197] -> "/glade/derecho/scratch/bbuchovecky/pml-v2.2/V2.2c/yearly/PET/PML-V2.2c_PET_1986.nc" [1]
2026-10-05 15:01:50 URL: ftp://ftp3.tpdc.ac.cn:6201/PML/V2.2c/yearly/PET/PML-V2.2c_PET_1988.nc [5167937] -> "/glade/derecho/scratch/bbuchovecky/pml-v2.2/V2.2c/yearly/PET/PML-V2.2c_PET_1988.nc" [1]
2026-10-05 15:01:56 URL: ftp://ftp2.tpdc.ac.cn:6201/PML/V2.2c/yearly/PET/PML-V2.2c_PET_1989.nc [5161386] -> "/glade/derecho/scratch/bbuchovecky/pml-v2.2/V2.2c/yearly/PET/PML-V2.2c_PET_1989.nc" [1]
2026-10-05 15:01:57 URL: ftp://ftp2.tpdc.ac.cn:6201/PML/V2.2c/yearly/PET/PML-V2.2c_PET_1987.nc [5151531] -> "/glade/derecho/scratch/bbuchovecky/pml-v2.2/V2.2c/yearly/PET/PML-V2.2c_PET_1987.nc" [1]
2026-10-05 15:03:09 URL: ftp://ftp3.tpdc.ac.cn:6201/PML/V2.2c/yearly/PET/PML-V2.2c_PET_1992.nc [5148514] -> "/glade/derecho/scratch/bbuchovecky/pml-v2.2/V2.2c/yearly/PET/PML-V2.2c_PET_1992.nc" [1]
2026-10-05 15:03:11 URL: ftp://ftp3.tpdc.ac.cn:6201/PML/V2.2c/yearly/PET/PML-V2.2c_PET_1990.nc [5167431] -> "/glade/derecho/scratch/bbuchovecky/pml-v2.2/V2.2c/yearly/PET/PML-V2.2c_PET_1990.nc" [1]
2026-10-05 15:03:38 URL: ftp://ftp2.tpdc.ac.cn:6201/PML/V2.2c/yearly/PET/PML-V2.2c_PET_1991.nc [5158756] -> "/glade/derecho/scratch/bbuchovecky/pml-v2.2/V2.2c/yearly/PET/PML-V2.2c_PET_1991.nc" [1]
2026-10-05 15:03:52 URL: ftp://ftp2.tpdc.ac.cn:6201/PML/V2.2c/yearly/PET/PML-V2.2c_PET_1995.nc [5164351] -> "/glade/derecho/scratch/bbuchovecky/pml-v2.2/V2.2c/yearly/PET/PML-V2.2c_PET_1995.nc" [1]
2026-10-05 15:03:54 URL: ftp://ftp2.tpdc.ac.cn:6201/PML/V2.2c/yearly/PET/PML-V2.2c_PET_1997.nc [5161863] -> "/glade/derecho/scratch/bbuchovecky/pml-v2.2/V2.2c/yearly/PET/PML-V2.2c_PET_1997.nc" [1]
2026-10-05 15:03:56 URL: ftp://ftp2.tpdc.ac.cn:6201/PML/V2.2c/yearly/PET/PML-V2.2c_PET_1993.nc [5154450] -> "/glade/derecho/scratch/bbuchovecky/pml-v2.2/V2.2c/yearly/PET/PML-V2.2c_PET_1993.nc" [1]
2026-10-05 15:04:16 URL: ftp://ftp3.tpdc.ac.cn:6201/PML/V2.2c/yearly/PET/PML-V2.2c_PET_1996.nc [5151642] -> "/glade/derecho/scratch/bbuchovecky/pml-v2.2/V2.2c/yearly/PET/PML-V2.2c_PET_1996.nc" [1]
2026-10-05 15:04:16 URL: ftp://ftp3.tpdc.ac.cn:6201/PML/V2.2c/yearly/PET/PML-V2.2c_PET_1994.nc [5165353] -> "/glade/derecho/scratch/bbuchovecky/pml-v2.2/V2.2c/yearly/PET/PML-V2.2c_PET_1994.nc" [1]
2026-10-05 15:05:14 URL: ftp://ftp3.tpdc.ac.cn:6201/PML/V2.2c/yearly/PET/PML-V2.2c_PET_1998.nc [5155550] -> "/glade/derecho/scratch/bbuchovecky/pml-v2.2/V2.2c/yearly/PET/PML-V2.2c_PET_1998.nc" [1]
2026-10-05 15:05:25 URL: ftp://ftp2.tpdc.ac.cn:6201/PML/V2.2c/yearly/PET/PML-V2.2c_PET_1999.nc [5158795] -> "/glade/derecho/scratch/bbuchovecky/pml-v2.2/V2.2c/yearly/PET/PML-V2.2c_PET_1999.nc" [1]
2026-10-05 15:06:09 URL: ftp://ftp3.tpdc.ac.cn:6201/PML/V2.2c/yearly/PET/PML-V2.2c_PET_2000.nc [5143281] -> "/glade/derecho/scratch/bbuchovecky/pml-v2.2/V2.2c/yearly/PET/PML-V2.2c_PET_2000.nc" [1]
2026-10-05 15:06:11 URL: ftp://ftp3.tpdc.ac.cn:6201/PML/V2.2c/yearly/PET/PML-V2.2c_PET_2002.nc [5155733] -> "/glade/derecho/scratch/bbuchovecky/pml-v2.2/V2.2c/yearly/PET/PML-V2.2c_PET_2002.nc" [1]
2026-10-05 15:06:28 URL: ftp://ftp2.tpdc.ac.cn:6201/PML/V2.2c/yearly/PET/PML-V2.2c_PET_2001.nc [5147626] -> "/glade/derecho/scratch/bbuchovecky/pml-v2.2/V2.2c/yearly/PET/PML-V2.2c_PET_2001.nc" [1]
2026-10-05 15:06:32 URL: ftp://ftp2.tpdc.ac.cn:6201/PML/V2.2c/yearly/PET/PML-V2.2c_PET_2003.nc [5144470] -> "/glade/derecho/scratch/bbuchovecky/pml-v2.2/V2.2c/yearly/PET/PML-V2.2c_PET_2003.nc" [1]
2026-10-05 15:06:36 URL: ftp://ftp3.tpdc.ac.cn:6201/PML/V2.2c/yearly/PET/PML-V2.2c_PET_2004.nc [5156151] -> "/glade/derecho/scratch/bbuchovecky/pml-v2.2/V2.2c/yearly/PET/PML-V2.2c_PET_2004.nc" [1]
2026-10-05 15:06:58 URL: ftp://ftp2.tpdc.ac.cn:6201/PML/V2.2c/yearly/PET/PML-V2.2c_PET_2005.nc [5150451] -> "/glade/derecho/scratch/bbuchovecky/pml-v2.2/V2.2c/yearly/PET/PML-V2.2c_PET_2005.nc" [1]
2026-10-05 15:07:21 URL: ftp://ftp3.tpdc.ac.cn:6201/PML/V2.2c/yearly/PET/PML-V2.2c_PET_2006.nc [5153759] -> "/glade/derecho/scratch/bbuchovecky/pml-v2.2/V2.2c/yearly/PET/PML-V2.2c_PET_2006.nc" [1]
2026-10-05 15:07:56 URL: ftp://ftp2.tpdc.ac.cn:6201/PML/V2.2c/yearly/PET/PML-V2.2c_PET_2007.nc [5158347] -> "/glade/derecho/scratch/bbuchovecky/pml-v2.2/V2.2c/yearly/PET/PML-V2.2c_PET_2007.nc" [1]
2026-10-05 15:08:10 URL: ftp://ftp3.tpdc.ac.cn:6201/PML/V2.2c/yearly/PET/PML-V2.2c_PET_2008.nc [5146881] -> "/glade/derecho/scratch/bbuchovecky/pml-v2.2/V2.2c/yearly/PET/PML-V2.2c_PET_2008.nc" [1]
2026-10-05 15:08:44 URL: ftp://ftp2.tpdc.ac.cn:6201/PML/V2.2c/yearly/PET/PML-V2.2c_PET_2009.nc [5150183] -> "/glade/derecho/scratch/bbuchovecky/pml-v2.2/V2.2c/yearly/PET/PML-V2.2c_PET_2009.nc" [1]
2026-10-05 15:08:45 URL: ftp://ftp2.tpdc.ac.cn:6201/PML/V2.2c/yearly/PET/PML-V2.2c_PET_2011.nc [5157624] -> "/glade/derecho/scratch/bbuchovecky/pml-v2.2/V2.2c/yearly/PET/PML-V2.2c_PET_2011.nc" [1]
2026-10-05 15:08:55 URL: ftp://ftp3.tpdc.ac.cn:6201/PML/V2.2c/yearly/PET/PML-V2.2c_PET_2010.nc [5167101] -> "/glade/derecho/scratch/bbuchovecky/pml-v2.2/V2.2c/yearly/PET/PML-V2.2c_PET_2010.nc" [1]
2026-10-05 15:09:08 URL: ftp://ftp3.tpdc.ac.cn:6201/PML/V2.2c/yearly/PET/PML-V2.2c_PET_2012.nc [5161186] -> "/glade/derecho/scratch/bbuchovecky/pml-v2.2/V2.2c/yearly/PET/PML-V2.2c_PET_2012.nc" [1]
2026-10-05 15:09:22 URL: ftp://ftp2.tpdc.ac.cn:6201/PML/V2.2c/yearly/PET/PML-V2.2c_PET_2013.nc [5162493] -> "/glade/derecho/scratch/bbuchovecky/pml-v2.2/V2.2c/yearly/PET/PML-V2.2c_PET_2013.nc" [1]
2026-10-05 15:09:39 URL: ftp://ftp3.tpdc.ac.cn:6201/PML/V2.2c/yearly/PET/PML-V2.2c_PET_2014.nc [5156872] -> "/glade/derecho/scratch/bbuchovecky/pml-v2.2/V2.2c/yearly/PET/PML-V2.2c_PET_2014.nc" [1]
2026-10-05 15:10:08 URL: ftp://ftp3.tpdc.ac.cn:6201/PML/V2.2c/yearly/PET/PML-V2.2c_PET_2016.nc [5158896] -> "/glade/derecho/scratch/bbuchovecky/pml-v2.2/V2.2c/yearly/PET/PML-V2.2c_PET_2016.nc" [1]
2026-10-05 15:10:14 URL: ftp://ftp2.tpdc.ac.cn:6201/PML/V2.2c/yearly/PET/PML-V2.2c_PET_2015.nc [5152403] -> "/glade/derecho/scratch/bbuchovecky/pml-v2.2/V2.2c/yearly/PET/PML-V2.2c_PET_2015.nc" [1]
2026-10-05 15:10:43 URL: ftp://ftp2.tpdc.ac.cn:6201/PML/V2.2c/yearly/PET/PML-V2.2c_PET_2017.nc [5150858] -> "/glade/derecho/scratch/bbuchovecky/pml-v2.2/V2.2c/yearly/PET/PML-V2.2c_PET_2017.nc" [1]
2026-10-05 15:11:05 URL: ftp://ftp3.tpdc.ac.cn:6201/PML/V2.2c/yearly/PET/PML-V2.2c_PET_2018.nc [5160615] -> "/glade/derecho/scratch/bbuchovecky/pml-v2.2/V2.2c/yearly/PET/PML-V2.2c_PET_2018.nc" [1]
2026-10-05 15:11:24 URL: ftp://ftp2.tpdc.ac.cn:6201/PML/V2.2c/yearly/PET/PML-V2.2c_PET_2019.nc [5158134] -> "/glade/derecho/scratch/bbuchovecky/pml-v2.2/V2.2c/yearly/PET/PML-V2.2c_PET_2019.nc" [1]
2026-10-05 15:11:26 URL: ftp://ftp3.tpdc.ac.cn:6201/PML/V2.2c/yearly/PET/PML-V2.2c_PET_2020.nc [5165605] -> "/glade/derecho/scratch/bbuchovecky/pml-v2.2/V2.2c/yearly/PET/PML-V2.2c_PET_2020.nc" [1]
2026-10-05 15:11:31 URL: ftp://ftp2.tpdc.ac.cn:6201/PML/V2.2c/yearly/PET/PML-V2.2c_PET_2021.nc [5168280] -> "/glade/derecho/scratch/bbuchovecky/pml-v2.2/V2.2c/yearly/PET/PML-V2.2c_PET_2021.nc" [1]
2026-10-05 15:12:13 URL: ftp://ftp3.tpdc.ac.cn:6201/PML/V2.2c/yearly/PET/PML-V2.2c_PET_2022.nc [5161180] -> "/glade/derecho/scratch/bbuchovecky/pml-v2.2/V2.2c/yearly/PET/PML-V2.2c_PET_2022.nc" [1]
2026-10-05 15:12:19 URL: ftp://ftp3.tpdc.ac.cn:6201/PML/V2.2c/yearly/PET/PML-V2.2c_PET_2024.nc [5167191] -> "/glade/derecho/scratch/bbuchovecky/pml-v2.2/V2.2c/yearly/PET/PML-V2.2c_PET_2024.nc" [1]
2026-10-05 15:12:34 URL: ftp://ftp2.tpdc.ac.cn:6201/PML/V2.2c/yearly/PET/PML-V2.2c_PET_2023.nc [5164837] -> "/glade/derecho/scratch/bbuchovecky/pml-v2.2/V2.2c/yearly/PET/PML-V2.2c_PET_2023.nc" [1]
2026-10-05 15:13:08 URL: ftp://ftp3.tpdc.ac.cn:6201/PML/V2.2c/yearly/GPP/PML-V2.2c_GPP_1982.nc [4431244] -> "/glade/derecho/scratch/bbuchovecky/pml-v2.2/V2.2c/yearly/GPP/PML-V2.2c_GPP_1982.nc" [1]
2026-10-05 15:13:08 URL: ftp://ftp2.tpdc.ac.cn:6201/PML/V2.2c/yearly/PET/PML-V2.2c_PET_2025.nc [5165830] -> "/glade/derecho/scratch/bbuchovecky/pml-v2.2/V2.2c/yearly/PET/PML-V2.2c_PET_2025.nc" [1]
2026-10-05 15:13:25 URL: ftp://ftp3.tpdc.ac.cn:6201/PML/V2.2c/yearly/GPP/PML-V2.2c_GPP_1984.nc [4431196] -> "/glade/derecho/scratch/bbuchovecky/pml-v2.2/V2.2c/yearly/GPP/PML-V2.2c_GPP_1984.nc" [1]
2026-10-05 15:13:35 URL: ftp://ftp2.tpdc.ac.cn:6201/PML/V2.2c/yearly/GPP/PML-V2.2c_GPP_1985.nc [4423432] -> "/glade/derecho/scratch/bbuchovecky/pml-v2.2/V2.2c/yearly/GPP/PML-V2.2c_GPP_1985.nc" [1]
2026-10-05 15:13:40 URL: ftp://ftp2.tpdc.ac.cn:6201/PML/V2.2c/yearly/GPP/PML-V2.2c_GPP_1983.nc [4431387] -> "/glade/derecho/scratch/bbuchovecky/pml-v2.2/V2.2c/yearly/GPP/PML-V2.2c_GPP_1983.nc" [1]
2026-10-05 15:14:15 URL: ftp://ftp2.tpdc.ac.cn:6201/PML/V2.2c/yearly/GPP/PML-V2.2c_GPP_1987.nc [4422751] -> "/glade/derecho/scratch/bbuchovecky/pml-v2.2/V2.2c/yearly/GPP/PML-V2.2c_GPP_1987.nc" [1]
2026-10-05 15:14:24 URL: ftp://ftp3.tpdc.ac.cn:6201/PML/V2.2c/yearly/GPP/PML-V2.2c_GPP_1988.nc [4426031] -> "/glade/derecho/scratch/bbuchovecky/pml-v2.2/V2.2c/yearly/GPP/PML-V2.2c_GPP_1988.nc" [1]
2026-10-05 15:14:30 URL: ftp://ftp3.tpdc.ac.cn:6201/PML/V2.2c/yearly/GPP/PML-V2.2c_GPP_1986.nc [4421362] -> "/glade/derecho/scratch/bbuchovecky/pml-v2.2/V2.2c/yearly/GPP/PML-V2.2c_GPP_1986.nc" [1]
2026-10-05 15:15:06 URL: ftp://ftp3.tpdc.ac.cn:6201/PML/V2.2c/yearly/GPP/PML-V2.2c_GPP_1990.nc [4427763] -> "/glade/derecho/scratch/bbuchovecky/pml-v2.2/V2.2c/yearly/GPP/PML-V2.2c_GPP_1990.nc" [1]
2026-10-05 15:15:14 URL: ftp://ftp2.tpdc.ac.cn:6201/PML/V2.2c/yearly/GPP/PML-V2.2c_GPP_1991.nc [4423485] -> "/glade/derecho/scratch/bbuchovecky/pml-v2.2/V2.2c/yearly/GPP/PML-V2.2c_GPP_1991.nc" [1]
2026-10-05 15:15:19 URL: ftp://ftp2.tpdc.ac.cn:6201/PML/V2.2c/yearly/GPP/PML-V2.2c_GPP_1989.nc [4425798] -> "/glade/derecho/scratch/bbuchovecky/pml-v2.2/V2.2c/yearly/GPP/PML-V2.2c_GPP_1989.nc" [1]
2026-10-05 15:15:46 URL: ftp://ftp3.tpdc.ac.cn:6201/PML/V2.2c/yearly/GPP/PML-V2.2c_GPP_1992.nc [4422846] -> "/glade/derecho/scratch/bbuchovecky/pml-v2.2/V2.2c/yearly/GPP/PML-V2.2c_GPP_1992.nc" [1]
2026-10-05 15:15:50 URL: ftp://ftp2.tpdc.ac.cn:6201/PML/V2.2c/yearly/GPP/PML-V2.2c_GPP_1993.nc [4425731] -> "/glade/derecho/scratch/bbuchovecky/pml-v2.2/V2.2c/yearly/GPP/PML-V2.2c_GPP_1993.nc" [1]
2026-10-05 15:16:15 URL: ftp://ftp3.tpdc.ac.cn:6201/PML/V2.2c/yearly/GPP/PML-V2.2c_GPP_1994.nc [4430330] -> "/glade/derecho/scratch/bbuchovecky/pml-v2.2/V2.2c/yearly/GPP/PML-V2.2c_GPP_1994.nc" [1]
2026-10-05 15:16:32 URL: ftp://ftp3.tpdc.ac.cn:6201/PML/V2.2c/yearly/GPP/PML-V2.2c_GPP_1996.nc [4424693] -> "/glade/derecho/scratch/bbuchovecky/pml-v2.2/V2.2c/yearly/GPP/PML-V2.2c_GPP_1996.nc" [1]
2026-10-05 15:16:57 URL: ftp://ftp2.tpdc.ac.cn:6201/PML/V2.2c/yearly/GPP/PML-V2.2c_GPP_1995.nc [4428894] -> "/glade/derecho/scratch/bbuchovecky/pml-v2.2/V2.2c/yearly/GPP/PML-V2.2c_GPP_1995.nc" [1]
2026-10-05 15:17:20 URL: ftp://ftp2.tpdc.ac.cn:6201/PML/V2.2c/yearly/GPP/PML-V2.2c_GPP_1997.nc [4429509] -> "/glade/derecho/scratch/bbuchovecky/pml-v2.2/V2.2c/yearly/GPP/PML-V2.2c_GPP_1997.nc" [1]
2026-10-05 15:17:28 URL: ftp://ftp3.tpdc.ac.cn:6201/PML/V2.2c/yearly/GPP/PML-V2.2c_GPP_1998.nc [4427979] -> "/glade/derecho/scratch/bbuchovecky/pml-v2.2/V2.2c/yearly/GPP/PML-V2.2c_GPP_1998.nc" [1]
2026-10-05 15:17:31 URL: ftp://ftp2.tpdc.ac.cn:6201/PML/V2.2c/yearly/GPP/PML-V2.2c_GPP_1999.nc [4426256] -> "/glade/derecho/scratch/bbuchovecky/pml-v2.2/V2.2c/yearly/GPP/PML-V2.2c_GPP_1999.nc" [1]
2026-10-05 15:17:47 URL: ftp://ftp2.tpdc.ac.cn:6201/PML/V2.2c/yearly/GPP/PML-V2.2c_GPP_2001.nc [4425579] -> "/glade/derecho/scratch/bbuchovecky/pml-v2.2/V2.2c/yearly/GPP/PML-V2.2c_GPP_2001.nc" [1]
2026-10-05 15:17:53 URL: ftp://ftp3.tpdc.ac.cn:6201/PML/V2.2c/yearly/GPP/PML-V2.2c_GPP_2000.nc [4427021] -> "/glade/derecho/scratch/bbuchovecky/pml-v2.2/V2.2c/yearly/GPP/PML-V2.2c_GPP_2000.nc" [1]
2026-10-05 15:18:20 URL: ftp://ftp3.tpdc.ac.cn:6201/PML/V2.2c/yearly/GPP/PML-V2.2c_GPP_2002.nc [4427516] -> "/glade/derecho/scratch/bbuchovecky/pml-v2.2/V2.2c/yearly/GPP/PML-V2.2c_GPP_2002.nc" [1]
2026-10-05 15:18:32 URL: ftp://ftp2.tpdc.ac.cn:6201/PML/V2.2c/yearly/GPP/PML-V2.2c_GPP_2003.nc [4422581] -> "/glade/derecho/scratch/bbuchovecky/pml-v2.2/V2.2c/yearly/GPP/PML-V2.2c_GPP_2003.nc" [1]
2026-10-05 15:19:02 URL: ftp://ftp3.tpdc.ac.cn:6201/PML/V2.2c/yearly/GPP/PML-V2.2c_GPP_2004.nc [4428114] -> "/glade/derecho/scratch/bbuchovecky/pml-v2.2/V2.2c/yearly/GPP/PML-V2.2c_GPP_2004.nc" [1]
2026-10-05 15:19:31 URL: ftp://ftp2.tpdc.ac.cn:6201/PML/V2.2c/yearly/GPP/PML-V2.2c_GPP_2005.nc [4424795] -> "/glade/derecho/scratch/bbuchovecky/pml-v2.2/V2.2c/yearly/GPP/PML-V2.2c_GPP_2005.nc" [1]
2026-10-05 15:19:35 URL: ftp://ftp2.tpdc.ac.cn:6201/PML/V2.2c/yearly/GPP/PML-V2.2c_GPP_2007.nc [4431742] -> "/glade/derecho/scratch/bbuchovecky/pml-v2.2/V2.2c/yearly/GPP/PML-V2.2c_GPP_2007.nc" [1]
2026-10-05 15:19:36 URL: ftp://ftp3.tpdc.ac.cn:6201/PML/V2.2c/yearly/GPP/PML-V2.2c_GPP_2006.nc [4427044] -> "/glade/derecho/scratch/bbuchovecky/pml-v2.2/V2.2c/yearly/GPP/PML-V2.2c_GPP_2006.nc" [1]
2026-10-05 15:20:00 URL: ftp://ftp3.tpdc.ac.cn:6201/PML/V2.2c/yearly/GPP/PML-V2.2c_GPP_2008.nc [4424882] -> "/glade/derecho/scratch/bbuchovecky/pml-v2.2/V2.2c/yearly/GPP/PML-V2.2c_GPP_2008.nc" [1]
2026-10-05 15:20:13 URL: ftp://ftp2.tpdc.ac.cn:6201/PML/V2.2c/yearly/GPP/PML-V2.2c_GPP_2009.nc [4427506] -> "/glade/derecho/scratch/bbuchovecky/pml-v2.2/V2.2c/yearly/GPP/PML-V2.2c_GPP_2009.nc" [1]
2026-10-05 15:20:28 URL: ftp://ftp3.tpdc.ac.cn:6201/PML/V2.2c/yearly/GPP/PML-V2.2c_GPP_2010.nc [4432415] -> "/glade/derecho/scratch/bbuchovecky/pml-v2.2/V2.2c/yearly/GPP/PML-V2.2c_GPP_2010.nc" [1]
2026-10-05 15:20:33 URL: ftp://ftp2.tpdc.ac.cn:6201/PML/V2.2c/yearly/GPP/PML-V2.2c_GPP_2011.nc [4431988] -> "/glade/derecho/scratch/bbuchovecky/pml-v2.2/V2.2c/yearly/GPP/PML-V2.2c_GPP_2011.nc" [1]
2026-10-05 15:21:03 URL: ftp://ftp3.tpdc.ac.cn:6201/PML/V2.2c/yearly/GPP/PML-V2.2c_GPP_2012.nc [4433788] -> "/glade/derecho/scratch/bbuchovecky/pml-v2.2/V2.2c/yearly/GPP/PML-V2.2c_GPP_2012.nc" [1]
2026-10-05 15:21:24 URL: ftp://ftp2.tpdc.ac.cn:6201/PML/V2.2c/yearly/GPP/PML-V2.2c_GPP_2015.nc [4430918] -> "/glade/derecho/scratch/bbuchovecky/pml-v2.2/V2.2c/yearly/GPP/PML-V2.2c_GPP_2015.nc" [1]
2026-10-05 15:21:29 URL: ftp://ftp3.tpdc.ac.cn:6201/PML/V2.2c/yearly/GPP/PML-V2.2c_GPP_2014.nc [4432047] -> "/glade/derecho/scratch/bbuchovecky/pml-v2.2/V2.2c/yearly/GPP/PML-V2.2c_GPP_2014.nc" [1]
2026-10-05 15:21:39 URL: ftp://ftp2.tpdc.ac.cn:6201/PML/V2.2c/yearly/GPP/PML-V2.2c_GPP_2013.nc [4433575] -> "/glade/derecho/scratch/bbuchovecky/pml-v2.2/V2.2c/yearly/GPP/PML-V2.2c_GPP_2013.nc" [1]
2026-10-05 15:22:03 URL: ftp://ftp3.tpdc.ac.cn:6201/PML/V2.2c/yearly/GPP/PML-V2.2c_GPP_2016.nc [4435448] -> "/glade/derecho/scratch/bbuchovecky/pml-v2.2/V2.2c/yearly/GPP/PML-V2.2c_GPP_2016.nc" [1]
2026-10-05 15:22:16 URL: ftp://ftp2.tpdc.ac.cn:6201/PML/V2.2c/yearly/GPP/PML-V2.2c_GPP_2017.nc [4431151] -> "/glade/derecho/scratch/bbuchovecky/pml-v2.2/V2.2c/yearly/GPP/PML-V2.2c_GPP_2017.nc" [1]
2026-10-05 15:22:29 URL: ftp://ftp3.tpdc.ac.cn:6201/PML/V2.2c/yearly/GPP/PML-V2.2c_GPP_2018.nc [4432192] -> "/glade/derecho/scratch/bbuchovecky/pml-v2.2/V2.2c/yearly/GPP/PML-V2.2c_GPP_2018.nc" [1]
2026-10-05 15:22:48 URL: ftp://ftp2.tpdc.ac.cn:6201/PML/V2.2c/yearly/GPP/PML-V2.2c_GPP_2019.nc [4435212] -> "/glade/derecho/scratch/bbuchovecky/pml-v2.2/V2.2c/yearly/GPP/PML-V2.2c_GPP_2019.nc" [1]
2026-10-05 15:23:01 URL: ftp://ftp2.tpdc.ac.cn:6201/PML/V2.2c/yearly/GPP/PML-V2.2c_GPP_2021.nc [4437293] -> "/glade/derecho/scratch/bbuchovecky/pml-v2.2/V2.2c/yearly/GPP/PML-V2.2c_GPP_2021.nc" [1]
2026-10-05 15:23:01 URL: ftp://ftp3.tpdc.ac.cn:6201/PML/V2.2c/yearly/GPP/PML-V2.2c_GPP_2020.nc [4433837] -> "/glade/derecho/scratch/bbuchovecky/pml-v2.2/V2.2c/yearly/GPP/PML-V2.2c_GPP_2020.nc" [1]
2026-10-05 15:23:34 URL: ftp://ftp2.tpdc.ac.cn:6201/PML/V2.2c/yearly/GPP/PML-V2.2c_GPP_2023.nc [4429456] -> "/glade/derecho/scratch/bbuchovecky/pml-v2.2/V2.2c/yearly/GPP/PML-V2.2c_GPP_2023.nc" [1]
2026-10-05 15:23:37 URL: ftp://ftp3.tpdc.ac.cn:6201/PML/V2.2c/yearly/GPP/PML-V2.2c_GPP_2022.nc [4436322] -> "/glade/derecho/scratch/bbuchovecky/pml-v2.2/V2.2c/yearly/GPP/PML-V2.2c_GPP_2022.nc" [1]
2026-10-05 15:24:04 URL: ftp://ftp3.tpdc.ac.cn:6201/PML/V2.2c/yearly/GPP/PML-V2.2c_GPP_2024.nc [4431427] -> "/glade/derecho/scratch/bbuchovecky/pml-v2.2/V2.2c/yearly/GPP/PML-V2.2c_GPP_2024.nc" [1]
2026-10-05 15:24:35 URL: ftp://ftp2.tpdc.ac.cn:6201/PML/V2.2c/yearly/GPP/PML-V2.2c_GPP_2025.nc [4430264] -> "/glade/derecho/scratch/bbuchovecky/pml-v2.2/V2.2c/yearly/GPP/PML-V2.2c_GPP_2025.nc" [1]
./download_pml.sh: line 90: /glade/derecho/scratch/bbuchovecky/tmp/tmp.IdjdGukMlp: Permission denied
No such file ‘bash’.

WARNING: bash failed on ftp2.tpdc.ac.cn
No such file ‘bash’.

WARNING: bash failed on ftp3.tpdc.ac.cn
No such file ‘bash’.

WARNING: bash failed on ftp2.tpdc.ac.cn
No such file ‘bash’.

WARNING: bash failed on ftp3.tpdc.ac.cn
No such file ‘bash’.

WARNING: bash failed on ftp2.tpdc.ac.cn
No such file ‘bash’.

WARNING: bash failed on ftp3.tpdc.ac.cn
FAILED: bash
2026-10-05 15:29:50  done: 2912 .nc files, 72G in /glade/derecho/scratch/bbuchovecky/pml-v2.2
Some files failed (see FAILED lines); re-run to retry.
